{
"type": "FeatureCollection",
"name": "sv_poi_std",
"crs": { "type": "name", "properties": { "name": "urn:ogc:def:crs:OGC:1.3:CRS84" } },
"features": [
{ "type": "Feature", "properties": { "source": "sv", "poi_id": "6_left", "poi_name": "hive", "category_raw": "shop=yes", "category_std": "retail_commerce", "category_std_th": "การค้าปลีกและร้านค้า", "category_sub": "shop=yes", "category_sub_th": "ร้านค้าไม่ระบุประเภทย่อย", "lat": 18.796433789652315, "lon": 98.971877028311525, "point_id": 6, "side": "left", "pano_id": "4Gi4cHxD2oA9muK98Iipqw", "heading": 189.081, "poi_names": "hive", "categories": "shop=yes", "poi_count": 1 }, "geometry": { "type": "Point", "coordinates": [ 98.971877028311525, 18.796433789652315 ] } },
{ "type": "Feature", "properties": { "source": "sv", "poi_id": "51_right", "poi_name": "Tops", "category_raw": "shop=supermarket", "category_std": "retail_commerce", "category_std_th": "การค้าปลีกและร้านค้า", "category_sub": "shop=supermarket", "category_sub_th": "ซูเปอร์มาร์เก็ต", "lat": 18.769404389100359, "lon": 98.976476014087865, "point_id": 51, "side": "right", "pano_id": "AzKl8qJh6y7_X8cEUCtZBg", "heading": 215.433, "poi_names": "Tops", "categories": "shop=supermarket", "poi_count": 1 }, "geometry": { "type": "Point", "coordinates": [ 98.976476014087865, 18.769404389100359 ] } },
{ "type": "Feature", "properties": { "source": "sv", "poi_id": "54_right", "poi_name": "Tops", "category_raw": "shop=supermarket", "category_std": "retail_commerce", "category_std_th": "การค้าปลีกและร้านค้า", "category_sub": "shop=supermarket", "category_sub_th": "ซูเปอร์มาร์เก็ต", "lat": 18.769213053935839, "lon": 98.976797887035033, "point_id": 54, "side": "right", "pano_id": "DFWR1jorVFI8QJqXahgXIw", "heading": 209.091, "poi_names": "Tops", "categories": "shop=supermarket", "poi_count": 1 }, "geometry": { "type": "Point", "coordinates": [ 98.976797887035033, 18.769213053935839 ] } },
{ "type": "Feature", "properties": { "source": "sv", "poi_id": "93_right", "poi_name": "ราชวงศ์เฟอร์นิเจอร์", "category_raw": "shop=yes", "category_std": "retail_commerce", "category_std_th": "การค้าปลีกและร้านค้า", "category_sub": "shop=yes", "category_sub_th": "ร้านค้าไม่ระบุประเภทย่อย", "lat": 18.789660973930371, "lon": 98.996339864494715, "point_id": 93, "side": "right", "pano_id": "hqkRNR7DGoo8slz0CK5UNg", "heading": 189.794, "poi_names": "ราชวงศ์เฟอร์นิเจอร์", "categories": "shop=yes", "poi_count": 1 }, "geometry": { "type": "Point", "coordinates": [ 98.996339864494715, 18.789660973930371 ] } },
{ "type": "Feature", "properties": { "source": "sv", "poi_id": "105_right", "poi_name": "ห้างหุ้นส่วนจำกัดเชียงใหม่พร", "category_raw": "office=company", "category_std": "office_professional", "category_std_th": "สำนักงานและบริการวิชาชีพ", "category_sub": "office=company", "category_sub_th": "บริษัท", "lat": 18.790058904281487, "lon": 98.997733659941716, "point_id": 105, "side": "right", "pano_id": "rRGwaef75mb829l8rs_WFQ", "heading": 158.568, "poi_names": "ห้างหุ้นส่วนจำกัดเชียงใหม่พร", "categories": "office=company", "poi_count": 1 }, "geometry": { "type": "Point", "coordinates": [ 98.997733659941716, 18.790058904281487 ] } },
{ "type": "Feature", "properties": { "source": "sv", "poi_id": "197_left", "poi_name": "ศักดิ์ชัย สปอร์ต", "category_raw": "shop=yes", "category_std": "retail_commerce", "category_std_th": "การค้าปลีกและร้านค้า", "category_sub": "shop=yes", "category_sub_th": "ร้านค้าไม่ระบุประเภทย่อย", "lat": 18.793198339766693, "lon": 98.983878766522395, "point_id": 197, "side": "left", "pano_id": "1nnknnxZb3-WsPSVLnigUw", "heading": 0.463, "poi_names": "ศักดิ์ชัย สปอร์ต", "categories": "shop=yes", "poi_count": 1 }, "geometry": { "type": "Point", "coordinates": [ 98.983878766522395, 18.793198339766693 ] } },
{ "type": "Feature", "properties": { "source": "sv", "poi_id": "257_right", "poi_name": "ผัดไทยราชดำเนิน", "category_raw": "amenity=restaurant", "category_std": "food_beverage", "category_std_th": "อาหารและเครื่องดื่ม", "category_sub": "amenity=restaurant", "category_sub_th": "ร้านอาหาร", "lat": 18.788122710902652, "lon": 98.987382730986823, "point_id": 257, "side": "right", "pano_id": "hZQ1c6YOpyYuF2s7zA-3sQ", "heading": 181.975, "poi_names": "ผัดไทยราชดำเนิน", "categories": "amenity=restaurant", "poi_count": 1 }, "geometry": { "type": "Point", "coordinates": [ 98.987382730986823, 18.788122710902652 ] } },
{ "type": "Feature", "properties": { "source": "sv", "poi_id": "258_left", "poi_name": "Chiang Mai PPTravel Center", "category_raw": "tourism=attraction", "category_std": "tourism_culture", "category_std_th": "ที่พัก การท่องเที่ยว และวัฒนธรรม", "category_sub": "tourism=attraction", "category_sub_th": "แหล่งท่องเที่ยว", "lat": 18.78829728909648, "lon": 98.987579269016564, "point_id": 258, "side": "left", "pano_id": "5F3hxC4knuWaqZdwrDsZnw", "heading": 1.975, "poi_names": "Chiang Mai PPTravel Center", "categories": "tourism=attraction", "poi_count": 1 }, "geometry": { "type": "Point", "coordinates": [ 98.987579269016564, 18.78829728909648 ] } },
{ "type": "Feature", "properties": { "source": "sv", "poi_id": "265_left", "poi_name": "โรงเรียนยุพราชวิทยาลัย", "category_raw": "amenity=school", "category_std": "education_religion", "category_std_th": "การศึกษาและศาสนา", "category_sub": "amenity=school", "category_sub_th": "โรงเรียน", "lat": 18.790818163179129, "lon": 98.988442022458642, "point_id": 265, "side": "left", "pano_id": "TrBIBzJYCSgMJzPKL1QlNA", "heading": 356.387, "poi_names": "โรงเรียนยุพราชวิทยาลัย", "categories": "amenity=school", "poi_count": 1 }, "geometry": { "type": "Point", "coordinates": [ 98.988442022458642, 18.790818163179129 ] } },
{ "type": "Feature", "properties": { "source": "sv", "poi_id": "267_left", "poi_name": "โรงเรียนยุพราชวิทยาลัย", "category_raw": "amenity=school", "category_std": "education_religion", "category_std_th": "การศึกษาและศาสนา", "category_sub": "amenity=school", "category_sub_th": "โรงเรียน", "lat": 18.790831291913456, "lon": 98.988651818628, "point_id": 267, "side": "left", "pano_id": "7GNcIBrQdy85a5qyGQjOMg", "heading": 358.078, "poi_names": "โรงเรียนยุพราชวิทยาลัย", "categories": "amenity=school", "poi_count": 1 }, "geometry": { "type": "Point", "coordinates": [ 98.988651818628, 18.790831291913456 ] } },
{ "type": "Feature", "properties": { "source": "sv", "poi_id": "273_right", "poi_name": "ร้านธัญญ่า", "category_raw": "shop=yes", "category_std": "retail_commerce", "category_std_th": "การค้าปลีกและร้านค้า", "category_sub": "shop=yes", "category_sub_th": "ร้านค้าไม่ระบุประเภทย่อย", "lat": 18.79067466425515, "lon": 98.989631180376193, "point_id": 273, "side": "right", "pano_id": "WR0IpvAzSWlB6Broa8i-7g", "heading": 179.287, "poi_names": "ร้านธัญญ่า", "categories": "shop=yes", "poi_count": 1 }, "geometry": { "type": "Point", "coordinates": [ 98.989631180376193, 18.79067466425515 ] } },
{ "type": "Feature", "properties": { "source": "sv", "poi_id": "285_left", "poi_name": "Kebab TH Food", "category_raw": "amenity=fast_food", "category_std": "food_beverage", "category_std_th": "อาหารและเครื่องดื่ม", "category_sub": "amenity=fast_food", "category_sub_th": "อาหารจานด่วน", "lat": 18.79061895099861, "lon": 98.991207585679604, "point_id": 285, "side": "left", "pano_id": "hhHkfLLBr0WjPJqERvlX0w", "heading": 10.07, "poi_names": "Kebab TH Food", "categories": "amenity=fast_food", "poi_count": 1 }, "geometry": { "type": "Point", "coordinates": [ 98.991207585679604, 18.79061895099861 ] } },
{ "type": "Feature", "properties": { "source": "sv", "poi_id": "295_right", "poi_name": "วัดสะดือเมือง", "category_raw": "amenity=place_of_worship", "category_std": "education_religion", "category_std_th": "การศึกษาและศาสนา", "category_sub": "amenity=place_of_worship", "category_sub_th": "ศาสนสถาน", "lat": 18.790357665457641, "lon": 98.992582721957007, "point_id": 295, "side": "right", "pano_id": "F6Io8dTuR3EZ6rEURo_sqg", "heading": 180.772, "poi_names": "วัดสะดือเมือง", "categories": "amenity=place_of_worship", "poi_count": 1 }, "geometry": { "type": "Point", "coordinates": [ 98.992582721957007, 18.790357665457641 ] } },
{ "type": "Feature", "properties": { "source": "sv", "poi_id": "318_right", "poi_name": "สิระ-ไดร์.-หนึบ", "category_raw": "shop=hairdresser", "category_std": "personal_service_repair", "category_std_th": "บริการส่วนบุคคลและงานซ่อม", "category_sub": "shop=hairdresser", "category_sub_th": "ร้านทำผม", "lat": 18.805276696398906, "lon": 98.977845325998942, "point_id": 318, "side": "right", "pano_id": "1gi33nj4reJtBCrLu6PUdg", "heading": 6.857, "poi_names": "สิระ-ไดร์.-หนึบ", "categories": "shop=hairdresser", "poi_count": 1 }, "geometry": { "type": "Point", "coordinates": [ 98.977845325998942, 18.805276696398906 ] } },
{ "type": "Feature", "properties": { "source": "sv", "poi_id": "322_left", "poi_name": "เฮียบอบหมูสด MR. PORK", "category_raw": "shop=yes", "category_std": "retail_commerce", "category_std_th": "การค้าปลีกและร้านค้า", "category_sub": "shop=yes", "category_sub_th": "ร้านค้าไม่ระบุประเภทย่อย", "lat": 18.805181285653891, "lon": 98.977085831832724, "point_id": 322, "side": "left", "pano_id": "lcLVgExqlU66lrdCYjaPRQ", "heading": 186.761, "poi_names": "เฮียบอบหมูสด MR. PORK", "categories": "shop=yes", "poi_count": 1 }, "geometry": { "type": "Point", "coordinates": [ 98.977085831832724, 18.805181285653891 ] } },
{ "type": "Feature", "properties": { "source": "sv", "poi_id": "354_left", "poi_name": "Grandview", "category_raw": "tourism=hotel", "category_std": "tourism_culture", "category_std_th": "ที่พัก การท่องเที่ยว และวัฒนธรรม", "category_sub": "tourism=hotel", "category_sub_th": "โรงแรม", "lat": 18.805796420042856, "lon": 98.971745699784677, "point_id": 354, "side": "left", "pano_id": "GnaUzDRp6zuFD7Hpof7qGg", "heading": 187.45, "poi_names": "Grandview", "categories": "tourism=hotel", "poi_count": 1 }, "geometry": { "type": "Point", "coordinates": [ 98.971745699784677, 18.805796420042856 ] } },
{ "type": "Feature", "properties": { "source": "sv", "poi_id": "359_left", "poi_name": "ก๋วยเตี๋ยวเรือธารินทร์", "category_raw": "amenity=restaurant", "category_std": "food_beverage", "category_std_th": "อาหารและเครื่องดื่ม", "category_sub": "amenity=restaurant", "category_sub_th": "ร้านอาหาร", "lat": 18.80395345705816, "lon": 98.978492406114341, "point_id": 359, "side": "left", "pano_id": "QgIlRJzM11o74fKedP7bjw", "heading": 187.629, "poi_names": "ก๋วยเตี๋ยวเรือธารินทร์", "categories": "amenity=restaurant", "poi_count": 1 }, "geometry": { "type": "Point", "coordinates": [ 98.978492406114341, 18.80395345705816 ] } },
{ "type": "Feature", "properties": { "source": "sv", "poi_id": "359_right", "poi_name": "เอ็มเพรส", "category_raw": "tourism=hotel", "category_std": "tourism_culture", "category_std_th": "ที่พัก การท่องเที่ยว และวัฒนธรรม", "category_sub": "tourism=hotel", "category_sub_th": "โรงแรม", "lat": 18.804132542940145, "lon": 98.978517593898957, "point_id": 359, "side": "right", "pano_id": "QgIlRJzM11o74fKedP7bjw", "heading": 7.629, "poi_names": "เอ็มเพรส", "categories": "tourism=hotel", "poi_count": 1 }, "geometry": { "type": "Point", "coordinates": [ 98.978517593898957, 18.804132542940145 ] } },
{ "type": "Feature", "properties": { "source": "sv", "poi_id": "364_right", "poi_name": "เอ็มเพรส | เอ็มเพรส อบาร์", "category_raw": "tourism=hotel, amenity=bar", "category_std": "tourism_culture; food_beverage", "category_std_th": "ที่พัก การท่องเที่ยว และวัฒนธรรม; อาหารและเครื่องดื่ม", "category_sub": "tourism=hotel, amenity=bar", "category_sub_th": "โรงแรม; บาร์", "lat": 18.80423003584351, "lon": 98.977677810932406, "point_id": 364, "side": "right", "pano_id": "OQIXEZ5xh_VWYI1Je1mrAg", "heading": 4.723, "poi_names": "เอ็มเพรส | เอ็มเพรส อบาร์", "categories": "tourism=hotel, amenity=bar", "poi_count": 2 }, "geometry": { "type": "Point", "coordinates": [ 98.977677810932406, 18.80423003584351 ] } },
{ "type": "Feature", "properties": { "source": "sv", "poi_id": "369_left", "poi_name": "ยิม", "category_raw": "leisure=fitness_centre", "category_std": "sport_recreation", "category_std_th": "กีฬาและนันทนาการ", "category_sub": "leisure=fitness_centre", "category_sub_th": "ศูนย์ออกกำลังกาย", "lat": 18.803980593733627, "lon": 98.977057989064846, "point_id": 369, "side": "left", "pano_id": "5jXxyVIL3AWrE3526tDM0Q", "heading": 165.352, "poi_names": "ยิม", "categories": "leisure=fitness_centre", "poi_count": 1 }, "geometry": { "type": "Point", "coordinates": [ 98.977057989064846, 18.803980593733627 ] } },
{ "type": "Feature", "properties": { "source": "sv", "poi_id": "376_left", "poi_name": "Tiger's Tea", "category_raw": "amenity=cafe", "category_std": "food_beverage", "category_std_th": "อาหารและเครื่องดื่ม", "category_sub": "amenity=cafe", "category_sub_th": "ร้านกาแฟ", "lat": 18.803737179020608, "lon": 98.976050256467914, "point_id": 376, "side": "left", "pano_id": "peUuB-c0HWnOLpwWfDO45Q", "heading": 166.431, "poi_names": "Tiger's Tea", "categories": "amenity=cafe", "poi_count": 1 }, "geometry": { "type": "Point", "coordinates": [ 98.976050256467914, 18.803737179020608 ] } },
{ "type": "Feature", "properties": { "source": "sv", "poi_id": "390_left", "poi_name": "soxeon clinic", "category_raw": "amenity=clinic", "category_std": "health", "category_std_th": "สุขภาพและการแพทย์", "category_sub": "amenity=clinic", "category_sub_th": "คลินิก", "lat": 18.803996276026663, "lon": 98.973578917412098, "point_id": 390, "side": "left", "pano_id": "L-AI7QXpGRct2QbfyLW5oQ", "heading": 186.709, "poi_names": "soxeon clinic", "categories": "amenity=clinic", "poi_count": 1 }, "geometry": { "type": "Point", "coordinates": [ 98.973578917412098, 18.803996276026663 ] } },
{ "type": "Feature", "properties": { "source": "sv", "poi_id": "420_right", "poi_name": "Double A Copy Shop", "category_raw": "shop=yes", "category_std": "retail_commerce", "category_std_th": "การค้าปลีกและร้านค้า", "category_sub": "shop=yes", "category_sub_th": "ร้านค้าไม่ระบุประเภทย่อย", "lat": 18.804277031385016, "lon": 98.979574348036579, "point_id": 420, "side": "right", "pano_id": "xPtBrZ5Bwd7YZs_nC5Mb0A", "heading": 273.828, "poi_names": "Double A Copy Shop", "categories": "shop=yes", "poi_count": 1 }, "geometry": { "type": "Point", "coordinates": [ 98.979574348036579, 18.804277031385016 ] } },
{ "type": "Feature", "properties": { "source": "sv", "poi_id": "421_right", "poi_name": "coffee", "category_raw": "amenity=cafe", "category_std": "food_beverage", "category_std_th": "อาหารและเครื่องดื่ม", "category_sub": "amenity=cafe", "category_sub_th": "ร้านกาแฟ", "lat": 18.80409703138513, "lon": 98.979562348137222, "point_id": 421, "side": "right", "pano_id": "YrRJGa4rHEL7ueDu4yW6yA", "heading": 273.828, "poi_names": "coffee", "categories": "amenity=cafe", "poi_count": 1 }, "geometry": { "type": "Point", "coordinates": [ 98.979562348137222, 18.80409703138513 ] } },
{ "type": "Feature", "properties": { "source": "sv", "poi_id": "427_left", "poi_name": "ข้าวมันไก่", "category_raw": "amenity=restaurant", "category_std": "food_beverage", "category_std_th": "อาหารและเครื่องดื่ม", "category_sub": "amenity=restaurant", "category_sub_th": "ร้านอาหาร", "lat": 18.803891137084168, "lon": 98.979116237223039, "point_id": 427, "side": "left", "pano_id": "njjlrxV4VEOPL8O2m14DLQ", "heading": 185.907, "poi_names": "ข้าวมันไก่", "categories": "amenity=restaurant", "poi_count": 1 }, "geometry": { "type": "Point", "coordinates": [ 98.979116237223039, 18.803891137084168 ] } },
{ "type": "Feature", "properties": { "source": "sv", "poi_id": "428_right", "poi_name": "Burger King", "category_raw": "amenity=fast_food", "category_std": "food_beverage", "category_std_th": "อาหารและเครื่องดื่ม", "category_sub": "amenity=fast_food", "category_sub_th": "อาหารจานด่วน", "lat": 18.804089862914275, "lon": 98.978947762788394, "point_id": 428, "side": "right", "pano_id": "6iPiwoTZDmbujPkBBWqkbA", "heading": 5.907, "poi_names": "Burger King", "categories": "amenity=fast_food", "poi_count": 1 }, "geometry": { "type": "Point", "coordinates": [ 98.978947762788394, 18.804089862914275 ] } },
{ "type": "Feature", "properties": { "source": "sv", "poi_id": "429_right", "poi_name": "กั้งตำ รสเด็ด", "category_raw": "amenity=restaurant", "category_std": "food_beverage", "category_std_th": "อาหารและเครื่องดื่ม", "category_sub": "amenity=restaurant", "category_sub_th": "ร้านอาหาร", "lat": 18.804107862914101, "lon": 98.97875876278944, "point_id": 429, "side": "right", "pano_id": "qK9WGNI9eoJRj2YCz9Ee9w", "heading": 5.907, "poi_names": "กั้งตำ รสเด็ด", "categories": "amenity=restaurant", "poi_count": 1 }, "geometry": { "type": "Point", "coordinates": [ 98.97875876278944, 18.804107862914101 ] } },
{ "type": "Feature", "properties": { "source": "sv", "poi_id": "436_right", "poi_name": "หมอมวลชน", "category_raw": "amenity=clinic", "category_std": "health", "category_std_th": "สุขภาพและการแพทย์", "category_sub": "amenity=clinic", "category_sub_th": "คลินิก", "lat": 18.800995880679359, "lon": 98.97955507210456, "point_id": 436, "side": "right", "pano_id": "vMi2Njwh8tXEMNrr1btjzQ", "heading": 34.019, "poi_names": "หมอมวลชน", "categories": "amenity=clinic", "poi_count": 1 }, "geometry": { "type": "Point", "coordinates": [ 98.97955507210456, 18.800995880679359 ] } },
{ "type": "Feature", "properties": { "source": "sv", "poi_id": "497_left", "poi_name": "โรงแรมเชียงใหม่", "category_raw": "tourism=hotel", "category_std": "tourism_culture", "category_std_th": "ที่พัก การท่องเที่ยว และวัฒนธรรม", "category_sub": "tourism=hotel", "category_sub_th": "โรงแรม", "lat": 18.800529439693165, "lon": 98.987424581200841, "point_id": 497, "side": "left", "pano_id": "VFVQJlavxh7B4I0I3a7-aA", "heading": 16.903, "poi_names": "โรงแรมเชียงใหม่", "categories": "tourism=hotel", "poi_count": 1 }, "geometry": { "type": "Point", "coordinates": [ 98.987424581200841, 18.800529439693165 ] } },
{ "type": "Feature", "properties": { "source": "sv", "poi_id": "498_left", "poi_name": "cnx lashonail", "category_raw": "shop=beauty", "category_std": "personal_service_repair", "category_std_th": "บริการส่วนบุคคลและงานซ่อม", "category_sub": "shop=beauty", "category_sub_th": "ร้านเสริมสวย", "lat": 18.800513116624696, "lon": 98.987480673792007, "point_id": 498, "side": "left", "pano_id": "uoDBAKNZcrqiJ5uUF5IvDw", "heading": 17.594, "poi_names": "cnx lashonail", "categories": "shop=beauty", "poi_count": 1 }, "geometry": { "type": "Point", "coordinates": [ 98.987480673792007, 18.800513116624696 ] } },
{ "type": "Feature", "properties": { "source": "sv", "poi_id": "505_right", "poi_name": "สำนักงานปศุสัตว์", "category_raw": "office=government", "category_std": "office_professional", "category_std_th": "สำนักงานและบริการวิชาชีพ", "category_sub": "office=government", "category_sub_th": "หน่วยงานราชการ", "lat": 18.799675133527352, "lon": 98.988224973107265, "point_id": 505, "side": "right", "pano_id": "0gyDceu5pbOlb6TUWddK7Q", "heading": 224.11, "poi_names": "สำนักงานปศุสัตว์", "categories": "office=government", "poi_count": 1 }, "geometry": { "type": "Point", "coordinates": [ 98.988224973107265, 18.799675133527352 ] } },
{ "type": "Feature", "properties": { "source": "sv", "poi_id": "522_right", "poi_name": "สานิก", "category_raw": "shop=yes", "category_std": "retail_commerce", "category_std_th": "การค้าปลีกและร้านค้า", "category_sub": "shop=yes", "category_sub_th": "ร้านค้าไม่ระบุประเภทย่อย", "lat": 18.801304166214354, "lon": 98.981703819085084, "point_id": 522, "side": "right", "pano_id": "O-ovAZxQzQim8T9b36ndKg", "heading": 196.021, "poi_names": "สานิก", "categories": "shop=yes", "poi_count": 1 }, "geometry": { "type": "Point", "coordinates": [ 98.981703819085084, 18.801304166214354 ] } },
{ "type": "Feature", "properties": { "source": "sv", "poi_id": "527_left", "poi_name": "รู้ โกมุม", "category_raw": "amenity=restaurant", "category_std": "food_beverage", "category_std_th": "อาหารและเครื่องดื่ม", "category_sub": "amenity=restaurant", "category_sub_th": "ร้านอาหาร", "lat": 18.801230579537989, "lon": 98.982555395137993, "point_id": 527, "side": "left", "pano_id": "K0uKSoYCz-620mn0StmhPQ", "heading": 18.688, "poi_names": "รู้ โกมุม", "categories": "amenity=restaurant", "poi_count": 1 }, "geometry": { "type": "Point", "coordinates": [ 98.982555395137993, 18.801230579537989 ] } },
{ "type": "Feature", "properties": { "source": "sv", "poi_id": "534_left", "poi_name": "ชาบู กระทะร้อน", "category_raw": "amenity=restaurant", "category_std": "food_beverage", "category_std_th": "อาหารและเครื่องดื่ม", "category_sub": "amenity=restaurant", "category_sub_th": "ร้านอาหาร", "lat": 18.800964686237641, "lon": 98.9833316956164, "point_id": 534, "side": "left", "pano_id": "VEu4bGfIB4E_Zq6HhlXukA", "heading": 28.11, "poi_names": "ชาบู กระทะร้อน", "categories": "amenity=restaurant", "poi_count": 1 }, "geometry": { "type": "Point", "coordinates": [ 98.9833316956164, 18.800964686237641 ] } },
{ "type": "Feature", "properties": { "source": "sv", "poi_id": "539_left", "poi_name": "ก๋วยเตี๋ยวเรือกนก", "category_raw": "amenity=restaurant", "category_std": "food_beverage", "category_std_th": "อาหารและเครื่องดื่ม", "category_sub": "amenity=restaurant", "category_sub_th": "ร้านอาหาร", "lat": 18.800853980764249, "lon": 98.983933482134887, "point_id": 539, "side": "left", "pano_id": "5rBGNdkwO2TFgxrOGMWpQw", "heading": 5.13, "poi_names": "ก๋วยเตี๋ยวเรือกนก", "categories": "amenity=restaurant", "poi_count": 1 }, "geometry": { "type": "Point", "coordinates": [ 98.983933482134887, 18.800853980764249 ] } },
{ "type": "Feature", "properties": { "source": "sv", "poi_id": "546_right", "poi_name": "ศูนย์ทันตกรรมสวนดอก", "category_raw": "amenity=dentist", "category_std": "health", "category_std_th": "สุขภาพและการแพทย์", "category_sub": "amenity=dentist", "category_sub_th": "คลินิกทันตกรรม", "lat": 18.800362871425421, "lon": 98.984854239425701, "point_id": 546, "side": "right", "pano_id": "ifPq8d2d7Rqz6WNjnLJeyA", "heading": 199.561, "poi_names": "ศูนย์ทันตกรรมสวนดอก", "categories": "amenity=dentist", "poi_count": 1 }, "geometry": { "type": "Point", "coordinates": [ 98.984854239425701, 18.800362871425421 ] } },
{ "type": "Feature", "properties": { "source": "sv", "poi_id": "553_left", "poi_name": "Bao", "category_raw": "amenity=restaurant", "category_std": "food_beverage", "category_std_th": "อาหารและเครื่องดื่ม", "category_sub": "amenity=restaurant", "category_sub_th": "ร้านอาหาร", "lat": 18.800405322700776, "lon": 98.985967993249204, "point_id": 553, "side": "left", "pano_id": "bfc597XizKazDtHgIAGmpA", "heading": 1.204, "poi_names": "Bao", "categories": "amenity=restaurant", "poi_count": 1 }, "geometry": { "type": "Point", "coordinates": [ 98.985967993249204, 18.800405322700776 ] } },
{ "type": "Feature", "properties": { "source": "sv", "poi_id": "581_right", "poi_name": "เนอรี", "category_raw": "office=company", "category_std": "office_professional", "category_std_th": "สำนักงานและบริการวิชาชีพ", "category_sub": "office=company", "category_sub_th": "บริษัท", "lat": 18.797126552293211, "lon": 98.9971332526016, "point_id": 581, "side": "right", "pano_id": "3Sa5HbfA3FNitNR0U7uLvg", "heading": 113.102, "poi_names": "เนอรี", "categories": "office=company", "poi_count": 1 }, "geometry": { "type": "Point", "coordinates": [ 98.9971332526016, 18.797126552293211 ] } },
{ "type": "Feature", "properties": { "source": "sv", "poi_id": "582_right", "poi_name": "อาจายิรี", "category_raw": "office=company", "category_std": "office_professional", "category_std_th": "สำนักงานและบริการวิชาชีพ", "category_sub": "office=company", "category_sub_th": "บริษัท", "lat": 18.79729255229384, "lon": 98.997207252687119, "point_id": 582, "side": "right", "pano_id": "EBgbdl70p2vVLVBbKhpyfw", "heading": 113.102, "poi_names": "อาจายิรี", "categories": "office=company", "poi_count": 1 }, "geometry": { "type": "Point", "coordinates": [ 98.997207252687119, 18.79729255229384 ] } },
{ "type": "Feature", "properties": { "source": "sv", "poi_id": "584_left", "poi_name": "ธนาคารไทยพาณิชย์", "category_raw": "amenity=bank", "category_std": "finance_insurance", "category_std_th": "การเงินและประกันภัย", "category_sub": "amenity=bank", "category_sub_th": "ธนาคาร", "lat": 18.797647433160321, "lon": 98.997159740635198, "point_id": 584, "side": "left", "pano_id": "r7_PaZkMUNRSzw5D64SoOg", "heading": 293.092, "poi_names": "ธนาคารไทยพาณิชย์", "categories": "amenity=bank", "poi_count": 1 }, "geometry": { "type": "Point", "coordinates": [ 98.997159740635198, 18.797647433160321 ] } },
{ "type": "Feature", "properties": { "source": "sv", "poi_id": "587_left", "poi_name": "ไก่สด (กาดเมืองใหม่)", "category_raw": "shop=yes", "category_std": "retail_commerce", "category_std_th": "การค้าปลีกและร้านค้า", "category_sub": "shop=yes", "category_sub_th": "ร้านค้าไม่ระบุประเภทย่อย", "lat": 18.797967896840508, "lon": 98.997305411863962, "point_id": 587, "side": "left", "pano_id": "-eNVf2tQ4b2JcsOemRzirQ", "heading": 294.105, "poi_names": "ไก่สด (กาดเมืองใหม่)", "categories": "shop=yes", "poi_count": 1 }, "geometry": { "type": "Point", "coordinates": [ 98.997305411863962, 18.797967896840508 ] } },
{ "type": "Feature", "properties": { "source": "sv", "poi_id": "591_right", "poi_name": "Mini Big C", "category_raw": "shop=convenience", "category_std": "retail_commerce", "category_std_th": "การค้าปลีกและร้านค้า", "category_sub": "shop=convenience", "category_sub_th": "ร้านสะดวกซื้อ", "lat": 18.798405587350761, "lon": 98.99771681406412, "point_id": 591, "side": "right", "pano_id": "jWaPbZBSnQv0LipzEcO2KA", "heading": 113.769, "poi_names": "Mini Big C", "categories": "shop=convenience", "poi_count": 1 }, "geometry": { "type": "Point", "coordinates": [ 98.99771681406412, 18.798405587350761 ] } },
{ "type": "Feature", "properties": { "source": "sv", "poi_id": "602_left", "poi_name": "บจก.คลังบรรจุภัณฑ์เครื่องดื่ม", "category_raw": "office=company", "category_std": "office_professional", "category_std_th": "สำนักงานและบริการวิชาชีพ", "category_sub": "office=company", "category_sub_th": "บริษัท", "lat": 18.801532350189529, "lon": 99.010935767307643, "point_id": 602, "side": "left", "pano_id": "bIw0p8VaMW_6hCnWq31o5g", "heading": 151.841, "poi_names": "บจก.คลังบรรจุภัณฑ์เครื่องดื่ม", "categories": "office=company", "poi_count": 1 }, "geometry": { "type": "Point", "coordinates": [ 99.010935767307643, 18.801532350189529 ] } },
{ "type": "Feature", "properties": { "source": "sv", "poi_id": "632_left", "poi_name": "ชุดเช่า & Wedding Planner", "category_raw": "shop=clothes", "category_std": "retail_commerce", "category_std_th": "การค้าปลีกและร้านค้า", "category_sub": "shop=clothes", "category_sub_th": "ร้านเสื้อผ้า", "lat": 18.808232614726894, "lon": 99.002806548318276, "point_id": 632, "side": "left", "pano_id": "X7Ee1Naj_foIee2H1ujJZA", "heading": 94.689, "poi_names": "ชุดเช่า & Wedding Planner", "categories": "shop=clothes", "poi_count": 1 }, "geometry": { "type": "Point", "coordinates": [ 99.002806548318276, 18.808232614726894 ] } },
{ "type": "Feature", "properties": { "source": "sv", "poi_id": "632_right", "poi_name": "ศูนย์ศาสนาบาไฮ", "category_raw": "amenity=place_of_worship", "category_std": "education_religion", "category_std_th": "การศึกษาและศาสนา", "category_sub": "amenity=place_of_worship", "category_sub_th": "ศาสนสถาน", "lat": 18.808247385225204, "lon": 99.002617451673487, "point_id": 632, "side": "right", "pano_id": "X7Ee1Naj_foIee2H1ujJZA", "heading": 274.689, "poi_names": "ศูนย์ศาสนาบาไฮ", "categories": "amenity=place_of_worship", "poi_count": 1 }, "geometry": { "type": "Point", "coordinates": [ 99.002617451673487, 18.808247385225204 ] } },
{ "type": "Feature", "properties": { "source": "sv", "poi_id": "634_left", "poi_name": "สมบูรณ์ พูนทรัพย์", "category_raw": "shop=yes", "category_std": "retail_commerce", "category_std_th": "การค้าปลีกและร้านค้า", "category_sub": "shop=yes", "category_sub_th": "ร้านค้าไม่ระบุประเภทย่อย", "lat": 18.808022298993244, "lon": 99.002791676635042, "point_id": 634, "side": "left", "pano_id": "3QNLYw2YWTCvAbp-rsbDkA", "heading": 93.618, "poi_names": "สมบูรณ์ พูนทรัพย์", "categories": "shop=yes", "poi_count": 1 }, "geometry": { "type": "Point", "coordinates": [ 99.002791676635042, 18.808022298993244 ] } },
{ "type": "Feature", "properties": { "source": "sv", "poi_id": "635_left", "poi_name": "ปียะยนต์", "category_raw": "shop=car_repair", "category_std": "personal_service_repair", "category_std_th": "บริการส่วนบุคคลและงานซ่อม", "category_sub": "shop=car_repair", "category_sub_th": "อู่ซ่อมรถยนต์", "lat": 18.807972864738407, "lon": 99.00278864667186, "point_id": 635, "side": "left", "pano_id": "2nix0hzqj-RzJLby4zeV8A", "heading": 93.894, "poi_names": "ปียะยนต์", "categories": "shop=car_repair", "poi_count": 1 }, "geometry": { "type": "Point", "coordinates": [ 99.00278864667186, 18.807972864738407 ] } },
{ "type": "Feature", "properties": { "source": "sv", "poi_id": "664_right", "poi_name": "Tree Wish Inc", "category_raw": "office=company", "category_std": "office_professional", "category_std_th": "สำนักงานและบริการวิชาชีพ", "category_sub": "office=company", "category_sub_th": "บริษัท", "lat": 18.803859790943896, "lon": 99.002980682873442, "point_id": 664, "side": "right", "pano_id": "d7P60dlMdB2pZECbEdihcw", "heading": 283.305, "poi_names": "Tree Wish Inc", "categories": "office=company", "poi_count": 1 }, "geometry": { "type": "Point", "coordinates": [ 99.002980682873442, 18.803859790943896 ] } },
{ "type": "Feature", "properties": { "source": "sv", "poi_id": "710_left", "poi_name": "สถานีตำรวจชุมชนหายยา", "category_raw": "office=government", "category_std": "office_professional", "category_std_th": "สำนักงานและบริการวิชาชีพ", "category_sub": "office=government", "category_sub_th": "หน่วยงานราชการ", "lat": 18.77499900738561, "lon": 98.980726526074122, "point_id": 710, "side": "left", "pano_id": "usk_6PmaEyP_KNzrDmDJtA", "heading": 275.085, "poi_names": "สถานีตำรวจชุมชนหายยา", "categories": "office=government", "poi_count": 1 }, "geometry": { "type": "Point", "coordinates": [ 98.980726526074122, 18.77499900738561 ] } },
{ "type": "Feature", "properties": { "source": "sv", "poi_id": "712_left", "poi_name": "ปโอสถ", "category_raw": "amenity=pharmacy", "category_std": "health", "category_std_th": "สุขภาพและการแพทย์", "category_sub": "amenity=pharmacy", "category_sub_th": "ร้านขายยา", "lat": 18.775277855028168, "lon": 98.980752511821919, "point_id": 712, "side": "left", "pano_id": "e3Mp95U3PnIWPY7kyb_9Jg", "heading": 274.988, "poi_names": "ปโอสถ", "categories": "amenity=pharmacy", "poi_count": 1 }, "geometry": { "type": "Point", "coordinates": [ 98.980752511821919, 18.775277855028168 ] } },
{ "type": "Feature", "properties": { "source": "sv", "poi_id": "716_left", "poi_name": "บวสชนคลินิก", "category_raw": "amenity=clinic", "category_std": "health", "category_std_th": "สุขภาพและการแพทย์", "category_sub": "amenity=clinic", "category_sub_th": "คลินิก", "lat": 18.775780388393891, "lon": 98.980796470063567, "point_id": 716, "side": "left", "pano_id": "mz-Wlgoc6xTGvLLCmFCScg", "heading": 274.691, "poi_names": "บวสชนคลินิก", "categories": "amenity=clinic", "poi_count": 1 }, "geometry": { "type": "Point", "coordinates": [ 98.980796470063567, 18.775780388393891 ] } },
{ "type": "Feature", "properties": { "source": "sv", "poi_id": "736_left", "poi_name": "หมี่", "category_raw": "amenity=restaurant", "category_std": "food_beverage", "category_std_th": "อาหารและเครื่องดื่ม", "category_sub": "amenity=restaurant", "category_sub_th": "ร้านอาหาร", "lat": 18.778599814274106, "lon": 98.981041347405082, "point_id": 736, "side": "left", "pano_id": "B5uNvtNAjsTjrHjaqJpVYg", "heading": 273.69, "poi_names": "หมี่", "categories": "amenity=restaurant", "poi_count": 1 }, "geometry": { "type": "Point", "coordinates": [ 98.981041347405082, 18.778599814274106 ] } },
{ "type": "Feature", "properties": { "source": "sv", "poi_id": "740_left", "poi_name": "coffee", "category_raw": "amenity=cafe", "category_std": "food_beverage", "category_std_th": "อาหารและเครื่องดื่ม", "category_sub": "amenity=cafe", "category_sub_th": "ร้านกาแฟ", "lat": 18.779125487861407, "lon": 98.981079570020384, "point_id": 740, "side": "left", "pano_id": "dh7rWyLe2fWkAlk32jNI2A", "heading": 275.391, "poi_names": "coffee", "categories": "amenity=cafe", "poi_count": 1 }, "geometry": { "type": "Point", "coordinates": [ 98.981079570020384, 18.779125487861407 ] } },
{ "type": "Feature", "properties": { "source": "sv", "poi_id": "797_right", "poi_name": "ร้านฝน ข้าวสาร | ร้านจี", "category_raw": "shop=convenience, shop=yes", "category_std": "retail_commerce", "category_std_th": "การค้าปลีกและร้านค้า", "category_sub": "shop=convenience, shop=yes", "category_sub_th": "ร้านสะดวกซื้อ; ร้านค้าไม่ระบุประเภทย่อย", "lat": 18.782040096384691, "lon": 98.988203658479719, "point_id": 797, "side": "right", "pano_id": "Epf4Cmuce8aFK6CpsUsE9Q", "heading": 185.652, "poi_names": "ร้านฝน ข้าวสาร | ร้านจี", "categories": "shop=convenience, shop=yes", "poi_count": 2 }, "geometry": { "type": "Point", "coordinates": [ 98.988203658479719, 18.782040096384691 ] } },
{ "type": "Feature", "properties": { "source": "sv", "poi_id": "856_left", "poi_name": "Wat", "category_raw": "amenity=place_of_worship", "category_std": "education_religion", "category_std_th": "การศึกษาและศาสนา", "category_sub": "amenity=place_of_worship", "category_sub_th": "ศาสนสถาน", "lat": 18.787709957283841, "lon": 98.982533275627418, "point_id": 856, "side": "left", "pano_id": "E6FdtTjyBvRGHu_NXUNHcg", "heading": 184.671, "poi_names": "Wat", "categories": "amenity=place_of_worship", "poi_count": 1 }, "geometry": { "type": "Point", "coordinates": [ 98.982533275627418, 18.787709957283841 ] } },
{ "type": "Feature", "properties": { "source": "sv", "poi_id": "936_right", "poi_name": "ชัก เบาะ พรม", "category_raw": "shop=car_repair", "category_std": "personal_service_repair", "category_std_th": "บริการส่วนบุคคลและงานซ่อม", "category_sub": "shop=car_repair", "category_sub_th": "อู่ซ่อมรถยนต์", "lat": 18.801065578006099, "lon": 98.998591342386803, "point_id": 936, "side": "right", "pano_id": "FLMfVZtRhUhlNhCv7wuyIg", "heading": 348.657, "poi_names": "ชัก เบาะ พรม", "categories": "shop=car_repair", "poi_count": 1 }, "geometry": { "type": "Point", "coordinates": [ 98.998591342386803, 18.801065578006099 ] } },
{ "type": "Feature", "properties": { "source": "sv", "poi_id": "938_right", "poi_name": "ซัก เบาะ พรม", "category_raw": "shop=yes", "category_std": "retail_commerce", "category_std_th": "การค้าปลีกและร้านค้า", "category_sub": "shop=yes", "category_sub_th": "ร้านค้าไม่ระบุประเภทย่อย", "lat": 18.801013801358906, "lon": 98.998323658599404, "point_id": 938, "side": "right", "pano_id": "cdxKAtnNjEglJ7NwKLFgeQ", "heading": 346.378, "poi_names": "ซัก เบาะ พรม", "categories": "shop=yes", "poi_count": 1 }, "geometry": { "type": "Point", "coordinates": [ 98.998323658599404, 18.801013801358906 ] } },
{ "type": "Feature", "properties": { "source": "sv", "poi_id": "946_left", "poi_name": "นิ่มลีสซิง", "category_raw": "office=financial", "category_std": "finance_insurance", "category_std_th": "การเงินและประกันภัย", "category_sub": "office=financial", "category_sub_th": "บริการทางการเงิน", "lat": 18.8004670662324, "lon": 98.997320205505659, "point_id": 946, "side": "left", "pano_id": "Xe242_PS57dyYtLD7qA07w", "heading": 152.225, "poi_names": "นิ่มลีสซิง", "categories": "office=financial", "poi_count": 1 }, "geometry": { "type": "Point", "coordinates": [ 98.997320205505659, 18.8004670662324 ] } },
{ "type": "Feature", "properties": { "source": "sv", "poi_id": "958_right", "poi_name": "เปง บาร์เบอร์", "category_raw": "shop=hairdresser", "category_std": "personal_service_repair", "category_std_th": "บริการส่วนบุคคลและงานซ่อม", "category_sub": "shop=hairdresser", "category_sub_th": "ร้านทำผม", "lat": 18.836261883114076, "lon": 98.989426859096881, "point_id": 958, "side": "right", "pano_id": "BgZyNbuNy7_hK7s-sQEVdw", "heading": 253.858, "poi_names": "เปง บาร์เบอร์", "categories": "shop=hairdresser", "poi_count": 1 }, "geometry": { "type": "Point", "coordinates": [ 98.989426859096881, 18.836261883114076 ] } },
{ "type": "Feature", "properties": { "source": "sv", "poi_id": "1031_right", "poi_name": "โรงเรียนนิธิรา", "category_raw": "amenity=school", "category_std": "education_religion", "category_std_th": "การศึกษาและศาสนา", "category_sub": "amenity=school", "category_sub_th": "โรงเรียน", "lat": 18.82787333178069, "lon": 98.994660751961277, "point_id": 1031, "side": "right", "pano_id": "O1lAx_7uV-OQgursMCiOmQ", "heading": 259.368, "poi_names": "โรงเรียนนิธิรา", "categories": "amenity=school", "poi_count": 1 }, "geometry": { "type": "Point", "coordinates": [ 98.994660751961277, 18.82787333178069 ] } },
{ "type": "Feature", "properties": { "source": "sv", "poi_id": "1034_right", "poi_name": "โรงเรียนอนุบาลบ้านท่อเมืองลัง", "category_raw": "amenity=school", "category_std": "education_religion", "category_std_th": "การศึกษาและศาสนา", "category_sub": "amenity=school", "category_sub_th": "โรงเรียน", "lat": 18.827488483985213, "lon": 98.994750853374242, "point_id": 1034, "side": "right", "pano_id": "i3Vztph__vSKtzqil4pA6g", "heading": 256.222, "poi_names": "โรงเรียนอนุบาลบ้านท่อเมืองลัง", "categories": "amenity=school", "poi_count": 1 }, "geometry": { "type": "Point", "coordinates": [ 98.994750853374242, 18.827488483985213 ] } },
{ "type": "Feature", "properties": { "source": "sv", "poi_id": "1046_right", "poi_name": "วัดต่งเจ้าหน่าผี", "category_raw": "amenity=place_of_worship", "category_std": "education_religion", "category_std_th": "การศึกษาและศาสนา", "category_sub": "amenity=place_of_worship", "category_sub_th": "ศาสนสถาน", "lat": 18.825856809246758, "lon": 98.994580771824559, "point_id": 1046, "side": "right", "pano_id": "0NaRbNFM0WGDMRysRJ9UIA", "heading": 285.939, "poi_names": "วัดต่งเจ้าหน่าผี", "categories": "amenity=place_of_worship", "poi_count": 1 }, "geometry": { "type": "Point", "coordinates": [ 98.994580771824559, 18.825856809246758 ] } },
{ "type": "Feature", "properties": { "source": "sv", "poi_id": "1090_right", "poi_name": "สันคา ไก่อด", "category_raw": "amenity=restaurant", "category_std": "food_beverage", "category_std_th": "อาหารและเครื่องดื่ม", "category_sub": "amenity=restaurant", "category_sub_th": "ร้านอาหาร", "lat": 18.82026529968369, "lon": 98.995849883069823, "point_id": 1090, "side": "right", "pano_id": "yuMP2j8D09G5t_oDEpuptw", "heading": 229.477, "poi_names": "สันคา ไก่อด", "categories": "amenity=restaurant", "poi_count": 1 }, "geometry": { "type": "Point", "coordinates": [ 98.995849883069823, 18.82026529968369 ] } },
{ "type": "Feature", "properties": { "source": "sv", "poi_id": "1111_right", "poi_name": "ร้านรับปักชื่อ", "category_raw": "shop=yes", "category_std": "retail_commerce", "category_std_th": "การค้าปลีกและร้านค้า", "category_sub": "shop=yes", "category_sub_th": "ร้านค้าไม่ระบุประเภทย่อย", "lat": 18.817839966670061, "lon": 98.998031068131894, "point_id": 1111, "side": "right", "pano_id": "j4KgbTT9tkIYbFxt4JSpKA", "heading": 219.177, "poi_names": "ร้านรับปักชื่อ", "categories": "shop=yes", "poi_count": 1 }, "geometry": { "type": "Point", "coordinates": [ 98.998031068131894, 18.817839966670061 ] } },
{ "type": "Feature", "properties": { "source": "sv", "poi_id": "1119_right", "poi_name": "ป้าตันคาร์แคร์", "category_raw": "shop=car_repair", "category_std": "personal_service_repair", "category_std_th": "บริการส่วนบุคคลและงานซ่อม", "category_sub": "shop=car_repair", "category_sub_th": "อู่ซ่อมรถยนต์", "lat": 18.8172157677336, "lon": 98.998843227576003, "point_id": 1119, "side": "right", "pano_id": "7LVT2BnYlzcbpiJr9wENlg", "heading": 226.461, "poi_names": "ป้าตันคาร์แคร์", "categories": "shop=car_repair", "poi_count": 1 }, "geometry": { "type": "Point", "coordinates": [ 98.998843227576003, 18.8172157677336 ] } },
{ "type": "Feature", "properties": { "source": "sv", "poi_id": "1134_right", "poi_name": "The Barista", "category_raw": "amenity=cafe", "category_std": "food_beverage", "category_std_th": "อาหารและเครื่องดื่ม", "category_sub": "amenity=cafe", "category_sub_th": "ร้านกาแฟ", "lat": 18.815414440719294, "lon": 99.000247788074887, "point_id": 1134, "side": "right", "pano_id": "4MvM_v3zOsZeG_mWtwe0kg", "heading": 246.821, "poi_names": "The Barista", "categories": "amenity=cafe", "poi_count": 1 }, "geometry": { "type": "Point", "coordinates": [ 99.000247788074887, 18.815414440719294 ] } },
{ "type": "Feature", "properties": { "source": "sv", "poi_id": "1169_right", "poi_name": "ฟ่าฮ่าม หมูกระทะ", "category_raw": "amenity=restaurant", "category_std": "food_beverage", "category_std_th": "อาหารและเครื่องดื่ม", "category_sub": "amenity=restaurant", "category_sub_th": "ร้านอาหาร", "lat": 18.803374246710924, "lon": 99.005691845236257, "point_id": 1169, "side": "right", "pano_id": "0UfFfydZJRkNfETkg-gvfw", "heading": 91.112, "poi_names": "ฟ่าฮ่าม หมูกระทะ", "categories": "amenity=restaurant", "poi_count": 1 }, "geometry": { "type": "Point", "coordinates": [ 99.005691845236257, 18.803374246710924 ] } },
{ "type": "Feature", "properties": { "source": "sv", "poi_id": "1252_right", "poi_name": "ข้าวซอย เวียงพิงศ์", "category_raw": "amenity=restaurant", "category_std": "food_beverage", "category_std_th": "อาหารและเครื่องดื่ม", "category_sub": "amenity=restaurant", "category_sub_th": "ร้านอาหาร", "lat": 18.786935097612776, "lon": 99.000758664034194, "point_id": 1252, "side": "right", "pano_id": "MUyV7X1BDbnHtNBQWurTcQ", "heading": 280.264, "poi_names": "ข้าวซอย เวียงพิงศ์", "categories": "amenity=restaurant", "poi_count": 1 }, "geometry": { "type": "Point", "coordinates": [ 99.000758664034194, 18.786935097612776 ] } },
{ "type": "Feature", "properties": { "source": "sv", "poi_id": "1253_right", "poi_name": "Phaploen", "category_raw": "shop=yes", "category_std": "retail_commerce", "category_std_th": "การค้าปลีกและร้านค้า", "category_sub": "shop=yes", "category_sub_th": "ร้านค้าไม่ระบุประเภทย่อย", "lat": 18.786757097613087, "lon": 99.000724664132235, "point_id": 1253, "side": "right", "pano_id": "HU5odoLLArCZJ734N588Rg", "heading": 280.264, "poi_names": "Phaploen", "categories": "shop=yes", "poi_count": 1 }, "geometry": { "type": "Point", "coordinates": [ 99.000724664132235, 18.786757097613087 ] } },
{ "type": "Feature", "properties": { "source": "sv", "poi_id": "1260_left", "poi_name": "กาแล ไนท์ บาซาร์ | Kalare Night Bazaar Food Center", "category_raw": "tourism=attraction, amenity=restaurant", "category_std": "tourism_culture; food_beverage", "category_std_th": "ที่พัก การท่องเที่ยว และวัฒนธรรม; อาหารและเครื่องดื่ม", "category_sub": "tourism=attraction, amenity=restaurant", "category_sub_th": "แหล่งท่องเที่ยว; ร้านอาหาร", "lat": 18.785849936473944, "lon": 99.000745341850845, "point_id": 1260, "side": "left", "pano_id": "3UyJH_uT1Xt3ULLqDB2Z5w", "heading": 100.242, "poi_names": "กาแล ไนท์ บาซาร์ | Kalare Night Bazaar Food Center", "categories": "tourism=attraction, amenity=restaurant", "poi_count": 2 }, "geometry": { "type": "Point", "coordinates": [ 99.000745341850845, 18.785849936473944 ] } },
{ "type": "Feature", "properties": { "source": "sv", "poi_id": "1270_left", "poi_name": "ธนาคารอิสลามแห่งประเทศไทย", "category_raw": "amenity=bank", "category_std": "finance_insurance", "category_std_th": "การเงินและประกันภัย", "category_sub": "amenity=bank", "category_sub_th": "ธนาคาร", "lat": 18.784585899233491, "lon": 99.000505334081879, "point_id": 1270, "side": "left", "pano_id": "IHT90NXrchjRGH4tKKyhbg", "heading": 100.266, "poi_names": "ธนาคารอิสลามแห่งประเทศไทย", "categories": "amenity=bank", "poi_count": 1 }, "geometry": { "type": "Point", "coordinates": [ 99.000505334081879, 18.784585899233491 ] } },
{ "type": "Feature", "properties": { "source": "sv", "poi_id": "1272_left", "poi_name": "pharmacy e5 ยา", "category_raw": "amenity=pharmacy", "category_std": "health", "category_std_th": "สุขภาพและการแพทย์", "category_sub": "amenity=pharmacy", "category_sub_th": "ร้านขายยา", "lat": 18.784230899232885, "lon": 99.000437333886353, "point_id": 1272, "side": "left", "pano_id": "UA261dgsuSkLczeMsOLyCA", "heading": 100.266, "poi_names": "pharmacy e5 ยา", "categories": "amenity=pharmacy", "poi_count": 1 }, "geometry": { "type": "Point", "coordinates": [ 99.000437333886353, 18.784230899232885 ] } },
{ "type": "Feature", "properties": { "source": "sv", "poi_id": "1273_left", "poi_name": "Pharma", "category_raw": "amenity=pharmacy", "category_std": "health", "category_std_th": "สุขภาพและการแพทย์", "category_sub": "amenity=pharmacy", "category_sub_th": "ร้านขายยา", "lat": 18.784119917851488, "lon": 99.000416337363646, "point_id": 1273, "side": "left", "pano_id": "WSGUkPO-UECvxjpSjC7_hg", "heading": 100.254, "poi_names": "Pharma", "categories": "amenity=pharmacy", "poi_count": 1 }, "geometry": { "type": "Point", "coordinates": [ 99.000416337363646, 18.784119917851488 ] } },
{ "type": "Feature", "properties": { "source": "sv", "poi_id": "1308_left", "poi_name": "เพาเวอร์ เอ็นเนอร์จี", "category_raw": "office=company", "category_std": "office_professional", "category_std_th": "สำนักงานและบริการวิชาชีพ", "category_sub": "office=company", "category_sub_th": "บริษัท", "lat": 18.773099232891315, "lon": 98.998921494979101, "point_id": 1308, "side": "left", "pano_id": "qnfF1nEYrXjN1cjivJaryw", "heading": 94.932, "poi_names": "เพาเวอร์ เอ็นเนอร์จี", "categories": "office=company", "poi_count": 1 }, "geometry": { "type": "Point", "coordinates": [ 98.998921494979101, 18.773099232891315 ] } },
{ "type": "Feature", "properties": { "source": "sv", "poi_id": "1323_left", "poi_name": "แสนดีเพ็ทช็อป", "category_raw": "shop=yes", "category_std": "retail_commerce", "category_std_th": "การค้าปลีกและร้านค้า", "category_sub": "shop=yes", "category_sub_th": "ร้านค้าไม่ระบุประเภทย่อย", "lat": 18.771216695415958, "lon": 98.998756737379196, "point_id": 1323, "side": "left", "pano_id": "y-Fib_z9LaWl-1t_5Nx4tQ", "heading": 92.731, "poi_names": "แสนดีเพ็ทช็อป", "categories": "shop=yes", "poi_count": 1 }, "geometry": { "type": "Point", "coordinates": [ 98.998756737379196, 18.771216695415958 ] } },
{ "type": "Feature", "properties": { "source": "sv", "poi_id": "1334_right", "poi_name": "นิ่มเงินด่วน", "category_raw": "amenity=bank", "category_std": "finance_insurance", "category_std_th": "การเงินและประกันภัย", "category_sub": "amenity=bank", "category_sub_th": "ธนาคาร", "lat": 18.769768140530644, "lon": 98.998570817051856, "point_id": 1334, "side": "right", "pano_id": "SCQx6eettFO48CyOuhV6ow", "heading": 254.028, "poi_names": "นิ่มเงินด่วน", "categories": "amenity=bank", "poi_count": 1 }, "geometry": { "type": "Point", "coordinates": [ 98.998570817051856, 18.769768140530644 ] } },
{ "type": "Feature", "properties": { "source": "sv", "poi_id": "1359_left", "poi_name": "เมตีนบาร์", "category_raw": "amenity=bar", "category_std": "food_beverage", "category_std_th": "อาหารและเครื่องดื่ม", "category_sub": "amenity=bar", "category_sub_th": "บาร์", "lat": 18.766695281176634, "lon": 98.999909749269506, "point_id": 1359, "side": "left", "pano_id": "dw1RxBHge1DKvwVNcqjafA", "heading": 67.7, "poi_names": "เมตีนบาร์", "categories": "amenity=bar", "poi_count": 1 }, "geometry": { "type": "Point", "coordinates": [ 98.999909749269506, 18.766695281176634 ] } },
{ "type": "Feature", "properties": { "source": "sv", "poi_id": "1366_left", "poi_name": "ร้านยอดอร่อย", "category_raw": "amenity=restaurant", "category_std": "food_beverage", "category_std_th": "อาหารและเครื่องดื่ม", "category_sub": "amenity=restaurant", "category_sub_th": "ร้านอาหาร", "lat": 18.765726402503411, "lon": 99.000317531981196, "point_id": 1366, "side": "left", "pano_id": "W6PYSHLk-JzLpmtyQ__6ng", "heading": 68.982, "poi_names": "ร้านยอดอร่อย", "categories": "amenity=restaurant", "poi_count": 1 }, "geometry": { "type": "Point", "coordinates": [ 99.000317531981196, 18.765726402503411 ] } },
{ "type": "Feature", "properties": { "source": "sv", "poi_id": "1377_left", "poi_name": "เอนา อุปกรณ์ป่วย", "category_raw": "amenity=pharmacy", "category_std": "health", "category_std_th": "สุขภาพและการแพทย์", "category_sub": "amenity=pharmacy", "category_sub_th": "ร้านขายยา", "lat": 18.764168444890402, "lon": 99.000970236937476, "point_id": 1377, "side": "left", "pano_id": "AaaehTSMETpEmAaEpeyzUA", "heading": 66.9, "poi_names": "เอนา อุปกรณ์ป่วย", "categories": "amenity=pharmacy", "poi_count": 1 }, "geometry": { "type": "Point", "coordinates": [ 99.000970236937476, 18.764168444890402 ] } },
{ "type": "Feature", "properties": { "source": "sv", "poi_id": "1386_left", "poi_name": "ขนาประกันภัย", "category_raw": "office=insurance", "category_std": "finance_insurance", "category_std_th": "การเงินและประกันภัย", "category_sub": "office=insurance", "category_sub_th": "บริษัทประกันภัย", "lat": 18.774186347781324, "lon": 98.998485118636495, "point_id": 1386, "side": "left", "pano_id": "vOVtctRo-aB2rx1W9vcZKQ", "heading": 231.165, "poi_names": "ขนาประกันภัย", "categories": "office=insurance", "poi_count": 1 }, "geometry": { "type": "Point", "coordinates": [ 98.998485118636495, 18.774186347781324 ] } },
{ "type": "Feature", "properties": { "source": "sv", "poi_id": "1408_left", "poi_name": "มิสเดอร์เฮลเมด", "category_raw": "shop=yes", "category_std": "retail_commerce", "category_std_th": "การค้าปลีกและร้านค้า", "category_sub": "shop=yes", "category_sub_th": "ร้านค้าไม่ระบุประเภทย่อย", "lat": 18.776312548523642, "lon": 98.996332535543885, "point_id": 1408, "side": "left", "pano_id": "CYNgsOMYGPCfxt2H1TIwNg", "heading": 224.487, "poi_names": "มิสเดอร์เฮลเมด", "categories": "shop=yes", "poi_count": 1 }, "geometry": { "type": "Point", "coordinates": [ 98.996332535543885, 18.776312548523642 ] } },
{ "type": "Feature", "properties": { "source": "sv", "poi_id": "1412_right", "poi_name": "แม่ขาเจริญทรัพย์", "category_raw": "shop=yes", "category_std": "retail_commerce", "category_std_th": "การค้าปลีกและร้านค้า", "category_sub": "shop=yes", "category_sub_th": "ร้านค้าไม่ระบุประเภทย่อย", "lat": 18.776915460287789, "lon": 98.995959455243906, "point_id": 1412, "side": "right", "pano_id": "NIam4G_inABfiyEIQRrBkw", "heading": 44.479, "poi_names": "แม่ขาเจริญทรัพย์", "categories": "shop=yes", "poi_count": 1 }, "geometry": { "type": "Point", "coordinates": [ 98.995959455243906, 18.776915460287789 ] } },
{ "type": "Feature", "properties": { "source": "sv", "poi_id": "1420_left", "poi_name": "วานิชสังฆภัณฑ์", "category_raw": "shop=yes", "category_std": "retail_commerce", "category_std_th": "การค้าปลีกและร้านค้า", "category_sub": "shop=yes", "category_sub_th": "ร้านค้าไม่ระบุประเภทย่อย", "lat": 18.766270357035268, "lon": 99.005637607244424, "point_id": 1420, "side": "left", "pano_id": "aE9QWlzZTiDsMaUmbZbsSQ", "heading": 85.965, "poi_names": "วานิชสังฆภัณฑ์", "categories": "shop=yes", "poi_count": 1 }, "geometry": { "type": "Point", "coordinates": [ 99.005637607244424, 18.766270357035268 ] } },
{ "type": "Feature", "properties": { "source": "sv", "poi_id": "1432_right", "poi_name": "ข้าวเหนียวมะม่วง", "category_raw": "amenity=restaurant", "category_std": "food_beverage", "category_std_th": "อาหารและเครื่องดื่ม", "category_sub": "amenity=restaurant", "category_sub_th": "ร้านอาหาร", "lat": 18.764593625614683, "lon": 99.005579191362955, "point_id": 1432, "side": "right", "pano_id": "Andy8qK0SqopQ-S0_s3AyQ", "heading": 268.494, "poi_names": "ข้าวเหนียวมะม่วง", "categories": "amenity=restaurant", "poi_count": 1 }, "geometry": { "type": "Point", "coordinates": [ 99.005579191362955, 18.764593625614683 ] } },
{ "type": "Feature", "properties": { "source": "sv", "poi_id": "1444_right", "poi_name": "คลินิกทันตกรรม", "category_raw": "amenity=dentist", "category_std": "health", "category_std_th": "สุขภาพและการแพทย์", "category_sub": "amenity=dentist", "category_sub_th": "คลินิกทันตกรรม", "lat": 18.762743472939555, "lon": 99.005810640161513, "point_id": 1444, "side": "right", "pano_id": "pVkvAWEf9sY8LLBhRzDslA", "heading": 256.867, "poi_names": "คลินิกทันตกรรม", "categories": "amenity=dentist", "poi_count": 1 }, "geometry": { "type": "Point", "coordinates": [ 99.005810640161513, 18.762743472939555 ] } },
{ "type": "Feature", "properties": { "source": "sv", "poi_id": "1448_left", "poi_name": "อีซูซุ ล้างทำความสะอาดรถยนต์", "category_raw": "shop=car_repair", "category_std": "personal_service_repair", "category_std_th": "บริการส่วนบุคคลและงานซ่อม", "category_sub": "shop=car_repair", "category_sub_th": "อู่ซ่อมรถยนต์", "lat": 18.762185677808795, "lon": 99.006148524817405, "point_id": 1448, "side": "left", "pano_id": "cbYP-8D3skc1lcZQ7Wg9Yw", "heading": 74.806, "poi_names": "อีซูซุ ล้างทำความสะอาดรถยนต์", "categories": "shop=car_repair", "poi_count": 1 }, "geometry": { "type": "Point", "coordinates": [ 99.006148524817405, 18.762185677808795 ] } },
{ "type": "Feature", "properties": { "source": "sv", "poi_id": "1452_left", "poi_name": "สบาย สปา", "category_raw": "shop=massage", "category_std": "personal_service_repair", "category_std_th": "บริการส่วนบุคคลและงานซ่อม", "category_sub": "shop=massage", "category_sub_th": "ร้านนวด", "lat": 18.761488677810561, "lon": 99.00634752444148, "point_id": 1452, "side": "left", "pano_id": "dMz9q4kVVzyfg99B_6rVyw", "heading": 74.806, "poi_names": "สบาย สปา", "categories": "shop=massage", "poi_count": 1 }, "geometry": { "type": "Point", "coordinates": [ 99.00634752444148, 18.761488677810561 ] } },
{ "type": "Feature", "properties": { "source": "sv", "poi_id": "1452_right", "poi_name": "ซ่อมจอมือถือ", "category_raw": "shop=mobile_phone", "category_std": "retail_commerce", "category_std_th": "การค้าปลีกและร้านค้า", "category_sub": "shop=mobile_phone", "category_sub_th": "ร้านโทรศัพท์มือถือ", "lat": 18.761441322144595, "lon": 99.006164475584058, "point_id": 1452, "side": "right", "pano_id": "dMz9q4kVVzyfg99B_6rVyw", "heading": 254.806, "poi_names": "ซ่อมจอมือถือ", "categories": "shop=mobile_phone", "poi_count": 1 }, "geometry": { "type": "Point", "coordinates": [ 99.006164475584058, 18.761441322144595 ] } },
{ "type": "Feature", "properties": { "source": "sv", "poi_id": "1453_left", "poi_name": "สบาย สบาย โมบาย", "category_raw": "shop=mobile_phone", "category_std": "retail_commerce", "category_std_th": "การค้าปลีกและร้านค้า", "category_sub": "shop=mobile_phone", "category_sub_th": "ร้านโทรศัพท์มือถือ", "lat": 18.761313677811, "lon": 99.006397524347079, "point_id": 1453, "side": "left", "pano_id": "Ow0zo96i7bysF5APAHeCjg", "heading": 74.806, "poi_names": "สบาย สบาย โมบาย", "categories": "shop=mobile_phone", "poi_count": 1 }, "geometry": { "type": "Point", "coordinates": [ 99.006397524347079, 18.761313677811 ] } },
{ "type": "Feature", "properties": { "source": "sv", "poi_id": "1464_right", "poi_name": "ศูนย์ทันตสาธารณสุขระหว่างประเทศ กรมอนามัย กระทรวงสาธารณสุข", "category_raw": "amenity=dentist", "category_std": "health", "category_std_th": "สุขภาพและการแพทย์", "category_sub": "amenity=dentist", "category_sub_th": "คลินิกทันตกรรม", "lat": 18.759874265414823, "lon": 99.006613213240399, "point_id": 1464, "side": "right", "pano_id": "bfUBp5GOLc15vfYUA-hjtg", "heading": 255.425, "poi_names": "ศูนย์ทันตสาธารณสุขระหว่างประเทศ กรมอนามัย กระทรวงสาธารณสุข", "categories": "amenity=dentist", "poi_count": 1 }, "geometry": { "type": "Point", "coordinates": [ 99.006613213240399, 18.759874265414823 ] } },
{ "type": "Feature", "properties": { "source": "sv", "poi_id": "1466_left", "poi_name": "มิตรไมตรีสหคลินิก", "category_raw": "amenity=clinic", "category_std": "health", "category_std_th": "สุขภาพและการแพทย์", "category_sub": "amenity=clinic", "category_sub_th": "คลินิก", "lat": 18.75978218368293, "lon": 99.006834079475084, "point_id": 1466, "side": "left", "pano_id": "0XS9qVd_SJtOOtF6mLK4UQ", "heading": 73.814, "poi_names": "มิตรไมตรีสหคลินิก", "categories": "amenity=clinic", "poi_count": 1 }, "geometry": { "type": "Point", "coordinates": [ 99.006834079475084, 18.75978218368293 ] } },
{ "type": "Feature", "properties": { "source": "sv", "poi_id": "1472_right", "poi_name": "โฮมโปร", "category_raw": "shop=yes", "category_std": "retail_commerce", "category_std_th": "การค้าปลีกและร้านค้า", "category_sub": "shop=yes", "category_sub_th": "ร้านค้าไม่ระบุประเภทย่อย", "lat": 18.758689816269847, "lon": 99.006969921111121, "point_id": 1472, "side": "right", "pano_id": "YDsJ3FPPGw-FMhub7RIGDA", "heading": 253.814, "poi_names": "โฮมโปร", "categories": "shop=yes", "poi_count": 1 }, "geometry": { "type": "Point", "coordinates": [ 99.006969921111121, 18.758689816269847 ] } },
{ "type": "Feature", "properties": { "source": "sv", "poi_id": "1480_right", "poi_name": "Centara", "category_raw": "tourism=hotel", "category_std": "tourism_culture", "category_std_th": "ที่พัก การท่องเที่ยว และวัฒนธรรม", "category_sub": "tourism=hotel", "category_sub_th": "โรงแรม", "lat": 18.76659038282569, "lon": 99.00486227286568, "point_id": 1480, "side": "right", "pano_id": "Vjzk90o_STCu-E9kp1wG0w", "heading": 161.386, "poi_names": "Centara", "categories": "tourism=hotel", "poi_count": 1 }, "geometry": { "type": "Point", "coordinates": [ 99.00486227286568, 18.76659038282569 ] } },
{ "type": "Feature", "properties": { "source": "sv", "poi_id": "1481_left", "poi_name": "coffee food cafe", "category_raw": "amenity=cafe", "category_std": "food_beverage", "category_std_th": "อาหารและเครื่องดื่ม", "category_sub": "amenity=cafe", "category_sub_th": "ร้านกาแฟ", "lat": 18.766784631250449, "lon": 99.004876771027639, "point_id": 1481, "side": "left", "pano_id": "3QTLL_kzEHapbIMW8yNxcA", "heading": 341.414, "poi_names": "coffee food cafe", "categories": "amenity=cafe", "poi_count": 1 }, "geometry": { "type": "Point", "coordinates": [ 99.004876771027639, 18.766784631250449 ] } },
{ "type": "Feature", "properties": { "source": "sv", "poi_id": "1497_left", "poi_name": "สมาคมพระคริสตธรรมไทย", "category_raw": "office=company", "category_std": "office_professional", "category_std_th": "สำนักงานและบริการวิชาชีพ", "category_sub": "office=company", "category_sub_th": "บริษัท", "lat": 18.787319242130625, "lon": 99.005296407366757, "point_id": 1497, "side": "left", "pano_id": "mlaRlGOYq9RBLlcVi2Ozog", "heading": 95.563, "poi_names": "สมาคมพระคริสตธรรมไทย", "categories": "office=company", "poi_count": 1 }, "geometry": { "type": "Point", "coordinates": [ 99.005296407366757, 18.787319242130625 ] } },
{ "type": "Feature", "properties": { "source": "sv", "poi_id": "1499_left", "poi_name": "อาคารอนุบาล 98", "category_raw": "amenity=school", "category_std": "education_religion", "category_std_th": "การศึกษาและศาสนา", "category_sub": "amenity=school", "category_sub_th": "โรงเรียน", "lat": 18.786959242130287, "lon": 99.005259407166207, "point_id": 1499, "side": "left", "pano_id": "bPtlQHH2vH4gFLwn5r6sqg", "heading": 95.563, "poi_names": "อาคารอนุบาล 98", "categories": "amenity=school", "poi_count": 1 }, "geometry": { "type": "Point", "coordinates": [ 99.005259407166207, 18.786959242130287 ] } },
{ "type": "Feature", "properties": { "source": "sv", "poi_id": "1545_right", "poi_name": "วัดอู่ทรายคำ", "category_raw": "amenity=place_of_worship", "category_std": "education_religion", "category_std_th": "การศึกษาและศาสนา", "category_sub": "amenity=place_of_worship", "category_sub_th": "ศาสนสถาน", "lat": 18.789794057631958, "lon": 98.994566473268875, "point_id": 1545, "side": "right", "pano_id": "YFaB096hEOzMaIoUNvpWYg", "heading": 112.754, "poi_names": "วัดอู่ทรายคำ", "categories": "amenity=place_of_worship", "poi_count": 1 }, "geometry": { "type": "Point", "coordinates": [ 98.994566473268875, 18.789794057631958 ] } },
{ "type": "Feature", "properties": { "source": "sv", "poi_id": "1632_right", "poi_name": "ศรียนต์", "category_raw": "shop=car_repair", "category_std": "personal_service_repair", "category_std_th": "บริการส่วนบุคคลและงานซ่อม", "category_sub": "shop=car_repair", "category_sub_th": "อู่ซ่อมรถยนต์", "lat": 18.79684883715472, "lon": 99.002193928311982, "point_id": 1632, "side": "right", "pano_id": "2sfDguWYmfCMQMBtar0qzQ", "heading": 113.596, "poi_names": "ศรียนต์", "categories": "shop=car_repair", "poi_count": 1 }, "geometry": { "type": "Point", "coordinates": [ 99.002193928311982, 18.79684883715472 ] } },
{ "type": "Feature", "properties": { "source": "sv", "poi_id": "1644_left", "poi_name": "สำนักงานสรรพสามิตภาคที่ 5", "category_raw": "office=government", "category_std": "office_professional", "category_std_th": "สำนักงานและบริการวิชาชีพ", "category_sub": "office=government", "category_sub_th": "หน่วยงานราชการ", "lat": 18.798218713794121, "lon": 99.002754721946246, "point_id": 1644, "side": "left", "pano_id": "5YlxIQRGUauB3eSdI1_tZQ", "heading": 313.087, "poi_names": "สำนักงานสรรพสามิตภาคที่ 5", "categories": "office=government", "poi_count": 1 }, "geometry": { "type": "Point", "coordinates": [ 99.002754721946246, 18.798218713794121 ] } },
{ "type": "Feature", "properties": { "source": "sv", "poi_id": "1687_left", "poi_name": "คลินิกเจริญพันธวณิช", "category_raw": "amenity=clinic", "category_std": "health", "category_std_th": "สุขภาพและการแพทย์", "category_sub": "amenity=clinic", "category_sub_th": "คลินิก", "lat": 18.792589649545132, "lon": 99.003480445874445, "point_id": 1687, "side": "left", "pano_id": "kOZFlARYg-CViXEyR1uEcg", "heading": 68.814, "poi_names": "คลินิกเจริญพันธวณิช", "categories": "amenity=clinic", "poi_count": 1 }, "geometry": { "type": "Point", "coordinates": [ 99.003480445874445, 18.792589649545132 ] } },
{ "type": "Feature", "properties": { "source": "sv", "poi_id": "1689_right", "poi_name": "กดการาม", "category_raw": "amenity=place_of_worship", "category_std": "education_religion", "category_std_th": "การศึกษาและศาสนา", "category_sub": "amenity=place_of_worship", "category_sub_th": "ศาสนสถาน", "lat": 18.792379589634258, "lon": 99.003355955488303, "point_id": 1689, "side": "right", "pano_id": "EvBhmo6zF6iMqKov1jqHiQ", "heading": 251.671, "poi_names": "กดการาม", "categories": "amenity=place_of_worship", "poi_count": 1 }, "geometry": { "type": "Point", "coordinates": [ 99.003355955488303, 18.792379589634258 ] } },
{ "type": "Feature", "properties": { "source": "sv", "poi_id": "1698_right", "poi_name": "สถาบันพัฒนาองค์กรชุมชน (องค์การมหาชน) สำนักงานภาคเหนือ", "category_raw": "office=government", "category_std": "office_professional", "category_std_th": "สำนักงานและบริการวิชาชีพ", "category_sub": "office=government", "category_sub_th": "หน่วยงานราชการ", "lat": 18.79686984103699, "lon": 99.002842438836794, "point_id": 1698, "side": "right", "pano_id": "X8dS3n45B0toVYrLc_t-bQ", "heading": 265.455, "poi_names": "สถาบันพัฒนาองค์กรชุมชน (องค์การมหาชน) สำนักงานภาคเหนือ", "categories": "office=government", "poi_count": 1 }, "geometry": { "type": "Point", "coordinates": [ 99.002842438836794, 18.79686984103699 ] } },
{ "type": "Feature", "properties": { "source": "sv", "poi_id": "1706_right", "poi_name": "coffee", "category_raw": "amenity=cafe", "category_std": "food_beverage", "category_std_th": "อาหารและเครื่องดื่ม", "category_sub": "amenity=cafe", "category_sub_th": "ร้านกาแฟ", "lat": 18.795458834748658, "lon": 99.002960440149636, "point_id": 1706, "side": "right", "pano_id": "4A4nD7Lxw3kzxDfAJhLvUQ", "heading": 265.451, "poi_names": "coffee", "categories": "amenity=cafe", "poi_count": 1 }, "geometry": { "type": "Point", "coordinates": [ 99.002960440149636, 18.795458834748658 ] } },
{ "type": "Feature", "properties": { "source": "sv", "poi_id": "1719_left", "poi_name": "วัดเจดีย์หลวง", "category_raw": "amenity=place_of_worship", "category_std": "education_religion", "category_std_th": "การศึกษาและศาสนา", "category_sub": "amenity=place_of_worship", "category_sub_th": "ศาสนสถาน", "lat": 18.797306106490403, "lon": 99.003796838158081, "point_id": 1719, "side": "left", "pano_id": "UsCJ8qwKTvvpK1p9Qv59ww", "heading": 344.618, "poi_names": "วัดเจดีย์หลวง", "categories": "amenity=place_of_worship", "poi_count": 1 }, "geometry": { "type": "Point", "coordinates": [ 99.003796838158081, 18.797306106490403 ] } },
{ "type": "Feature", "properties": { "source": "sv", "poi_id": "1748_left", "poi_name": "B2", "category_raw": "tourism=hotel", "category_std": "tourism_culture", "category_std_th": "ที่พัก การท่องเที่ยว และวัฒนธรรม", "category_sub": "tourism=hotel", "category_sub_th": "โรงแรม", "lat": 18.795217903979861, "lon": 99.000745005056757, "point_id": 1748, "side": "left", "pano_id": "ad7viOZxlI8z5BXHnjqezA", "heading": 175.765, "poi_names": "B2", "categories": "tourism=hotel", "poi_count": 1 }, "geometry": { "type": "Point", "coordinates": [ 99.000745005056757, 18.795217903979861 ] } },
{ "type": "Feature", "properties": { "source": "sv", "poi_id": "1802_left", "poi_name": "พิริตุกิจ", "category_raw": "office=company", "category_std": "office_professional", "category_std_th": "สำนักงานและบริการวิชาชีพ", "category_sub": "office=company", "category_sub_th": "บริษัท", "lat": 18.802491998412084, "lon": 98.985843234833197, "point_id": 1802, "side": "left", "pano_id": "XoX12yg7SVS8qQpr-3_LRA", "heading": 175.02, "poi_names": "พิริตุกิจ", "categories": "office=company", "poi_count": 1 }, "geometry": { "type": "Point", "coordinates": [ 98.985843234833197, 18.802491998412084 ] } },
{ "type": "Feature", "properties": { "source": "sv", "poi_id": "1815_right", "poi_name": "โรงเรียนเชตุพนศึกษา ในพระสังฆราชูปถัมภ์ | วัดเชตพน", "category_raw": "amenity=school, amenity=place_of_worship", "category_std": "education_religion", "category_std_th": "การศึกษาและศาสนา", "category_sub": "amenity=school, amenity=place_of_worship", "category_sub_th": "โรงเรียน; ศาสนสถาน", "lat": 18.798112919277177, "lon": 99.00791128783024, "point_id": 1815, "side": "right", "pano_id": "TIqdO-LpvB1LPWAMKldJ_w", "heading": 255.198, "poi_names": "โรงเรียนเชตุพนศึกษา ในพระสังฆราชูปถัมภ์ | วัดเชตพน", "categories": "amenity=school, amenity=place_of_worship", "poi_count": 2 }, "geometry": { "type": "Point", "coordinates": [ 99.00791128783024, 18.798112919277177 ] } },
{ "type": "Feature", "properties": { "source": "sv", "poi_id": "1845_right", "poi_name": "อับรี", "category_raw": "shop=yes", "category_std": "retail_commerce", "category_std_th": "การค้าปลีกและร้านค้า", "category_sub": "shop=yes", "category_sub_th": "ร้านค้าไม่ระบุประเภทย่อย", "lat": 18.804825308062032, "lon": 99.012028576158457, "point_id": 1845, "side": "right", "pano_id": "7ssmQ5ZQO0T0mIdqdDOaIA", "heading": 264.479, "poi_names": "อับรี", "categories": "shop=yes", "poi_count": 1 }, "geometry": { "type": "Point", "coordinates": [ 99.012028576158457, 18.804825308062032 ] } },
{ "type": "Feature", "properties": { "source": "sv", "poi_id": "1853_left", "poi_name": "Beger", "category_raw": "shop=yes", "category_std": "retail_commerce", "category_std_th": "การค้าปลีกและร้านค้า", "category_sub": "shop=yes", "category_sub_th": "ร้านค้าไม่ระบุประเภทย่อย", "lat": 18.80372905591441, "lon": 99.011856838733294, "point_id": 1853, "side": "left", "pano_id": "Ix2Dppc3AL4CaDPlRbs54w", "heading": 88.696, "poi_names": "Beger", "categories": "shop=yes", "poi_count": 1 }, "geometry": { "type": "Point", "coordinates": [ 99.011856838733294, 18.80372905591441 ] } },
{ "type": "Feature", "properties": { "source": "sv", "poi_id": "1858_right", "poi_name": "ตึกสแควร์", "category_raw": "office=company", "category_std": "office_professional", "category_std_th": "สำนักงานและบริการวิชาชีพ", "category_sub": "office=company", "category_sub_th": "บริษัท", "lat": 18.803118273761399, "lon": 99.011639484586624, "point_id": 1858, "side": "right", "pano_id": "ljU8rYdhI9r7dYjYV9R8dQ", "heading": 265.094, "poi_names": "ตึกสแควร์", "categories": "office=company", "poi_count": 1 }, "geometry": { "type": "Point", "coordinates": [ 99.011639484586624, 18.803118273761399 ] } },
{ "type": "Feature", "properties": { "source": "sv", "poi_id": "1865_left", "poi_name": "วัดดอนจั่น", "category_raw": "amenity=place_of_worship", "category_std": "education_religion", "category_std_th": "การศึกษาและศาสนา", "category_sub": "amenity=place_of_worship", "category_sub_th": "ศาสนสถาน", "lat": 18.802329125120799, "lon": 99.012182211491606, "point_id": 1865, "side": "left", "pano_id": "I7BY-bXsaUQD3qjHnZPCwA", "heading": 55.535, "poi_names": "วัดดอนจั่น", "categories": "amenity=place_of_worship", "poi_count": 1 }, "geometry": { "type": "Point", "coordinates": [ 99.012182211491606, 18.802329125120799 ] } },
{ "type": "Feature", "properties": { "source": "sv", "poi_id": "1994_right", "poi_name": "คารินาร์", "category_raw": "amenity=bar", "category_std": "food_beverage", "category_std_th": "อาหารและเครื่องดื่ม", "category_sub": "amenity=bar", "category_sub_th": "บาร์", "lat": 18.765729603460613, "lon": 98.999316581119317, "point_id": 1994, "side": "right", "pano_id": "-ymkARS1bw-Gt6NTAngHdw", "heading": 168.085, "poi_names": "คารินาร์", "categories": "amenity=bar", "poi_count": 1 }, "geometry": { "type": "Point", "coordinates": [ 98.999316581119317, 18.765729603460613 ] } },
{ "type": "Feature", "properties": { "source": "sv", "poi_id": "1996_left", "poi_name": "ตำนานโฟล์ค", "category_raw": "amenity=restaurant", "category_std": "food_beverage", "category_std_th": "อาหารและเครื่องดื่ม", "category_sub": "amenity=restaurant", "category_sub_th": "ร้านอาหาร", "lat": 18.76596396744786, "lon": 98.999567841757639, "point_id": 1996, "side": "left", "pano_id": "6NJQUe-0s4ZTdtlsUS2P0Q", "heading": 342.095, "poi_names": "ตำนานโฟล์ค", "categories": "amenity=restaurant", "poi_count": 1 }, "geometry": { "type": "Point", "coordinates": [ 98.999567841757639, 18.76596396744786 ] } },
{ "type": "Feature", "properties": { "source": "sv", "poi_id": "1997_left", "poi_name": "Music for life", "category_raw": "amenity=bar", "category_std": "food_beverage", "category_std_th": "อาหารและเครื่องดื่ม", "category_sub": "amenity=bar", "category_sub_th": "บาร์", "lat": 18.766019967447345, "lon": 98.999747841748018, "point_id": 1997, "side": "left", "pano_id": "QyLRHdtqYSHZ1sT9SFwBgg", "heading": 342.095, "poi_names": "Music for life", "categories": "amenity=bar", "poi_count": 1 }, "geometry": { "type": "Point", "coordinates": [ 98.999747841748018, 18.766019967447345 ] } },
{ "type": "Feature", "properties": { "source": "sv", "poi_id": "2007_left", "poi_name": "Pankinn", "category_raw": "amenity=restaurant", "category_std": "food_beverage", "category_std_th": "อาหารและเครื่องดื่ม", "category_sub": "amenity=restaurant", "category_sub_th": "ร้านอาหาร", "lat": 18.783906501468497, "lon": 99.006952642823094, "point_id": 2007, "side": "left", "pano_id": "NBkOlykMYf1R7iB9aTN1kg", "heading": 161.152, "poi_names": "Pankinn", "categories": "amenity=restaurant", "poi_count": 1 }, "geometry": { "type": "Point", "coordinates": [ 99.006952642823094, 18.783906501468497 ] } },
{ "type": "Feature", "properties": { "source": "sv", "poi_id": "2012_right", "poi_name": "pharacy", "category_raw": "amenity=pharmacy", "category_std": "health", "category_std_th": "สุขภาพและการแพทย์", "category_sub": "amenity=pharmacy", "category_sub_th": "ร้านขายยา", "lat": 18.783844439775521, "lon": 99.006177177077873, "point_id": 2012, "side": "right", "pano_id": "TSXl-FYqpZbwZv4wI0E-lw", "heading": 341.037, "poi_names": "pharacy", "categories": "amenity=pharmacy", "poi_count": 1 }, "geometry": { "type": "Point", "coordinates": [ 99.006177177077873, 18.783844439775521 ] } },
{ "type": "Feature", "properties": { "source": "sv", "poi_id": "2037_right", "poi_name": "บ้านยาจันทธิดา", "category_raw": "amenity=pharmacy", "category_std": "health", "category_std_th": "สุขภาพและการแพทย์", "category_sub": "amenity=pharmacy", "category_sub_th": "ร้านขายยา", "lat": 18.791472021981601, "lon": 98.987711195113675, "point_id": 2037, "side": "right", "pano_id": "UVv60z3sb8O6om5AQ3-sTg", "heading": 268.111, "poi_names": "บ้านยาจันทธิดา", "categories": "amenity=pharmacy", "poi_count": 1 }, "geometry": { "type": "Point", "coordinates": [ 98.987711195113675, 18.791472021981601 ] } },
{ "type": "Feature", "properties": { "source": "sv", "poi_id": "2038_right", "poi_name": "แว่นตาลูกช้าง", "category_raw": "shop=yes", "category_std": "retail_commerce", "category_std_th": "การค้าปลีกและร้านค้า", "category_sub": "shop=yes", "category_sub_th": "ร้านค้าไม่ระบุประเภทย่อย", "lat": 18.79129202198154, "lon": 98.987717195214415, "point_id": 2038, "side": "right", "pano_id": "GTtAxKL7VpjLSeIId6glzQ", "heading": 268.111, "poi_names": "แว่นตาลูกช้าง", "categories": "shop=yes", "poi_count": 1 }, "geometry": { "type": "Point", "coordinates": [ 98.987717195214415, 18.79129202198154 ] } },
{ "type": "Feature", "properties": { "source": "sv", "poi_id": "2042_right", "poi_name": "ไปรษณีย์", "category_raw": "office=government", "category_std": "office_professional", "category_std_th": "สำนักงานและบริการวิชาชีพ", "category_sub": "office=government", "category_sub_th": "หน่วยงานราชการ", "lat": 18.790843708638509, "lon": 98.98772915360756, "point_id": 2042, "side": "right", "pano_id": "Dc6-iUfoiTFp9Aiy44pmnA", "heading": 269.181, "poi_names": "ไปรษณีย์", "categories": "office=government", "poi_count": 1 }, "geometry": { "type": "Point", "coordinates": [ 98.98772915360756, 18.790843708638509 ] } },
{ "type": "Feature", "properties": { "source": "sv", "poi_id": "2043_left", "poi_name": "spa", "category_raw": "shop=beauty", "category_std": "personal_service_repair", "category_std_th": "บริการส่วนบุคคลและงานซ่อม", "category_sub": "shop=beauty", "category_sub_th": "ร้านเสริมสวย", "lat": 18.784032529770759, "lon": 98.999312149360847, "point_id": 2043, "side": "left", "pano_id": "yCecwH1tQjDd6aIM_4OhHQ", "heading": 270.336, "poi_names": "spa", "categories": "shop=beauty", "poi_count": 1 }, "geometry": { "type": "Point", "coordinates": [ 98.999312149360847, 18.784032529770759 ] } },
{ "type": "Feature", "properties": { "source": "sv", "poi_id": "2113_right", "poi_name": "Konc Court", "category_raw": "tourism=hotel", "category_std": "tourism_culture", "category_std_th": "ที่พัก การท่องเที่ยว และวัฒนธรรม", "category_sub": "tourism=hotel", "category_sub_th": "โรงแรม", "lat": 18.785698500061979, "lon": 98.998556211805834, "point_id": 2113, "side": "right", "pano_id": "aEzPQSmezkhlAF0GXd14GA", "heading": 278.594, "poi_names": "Konc Court", "categories": "tourism=hotel", "poi_count": 1 }, "geometry": { "type": "Point", "coordinates": [ 98.998556211805834, 18.785698500061979 ] } },
{ "type": "Feature", "properties": { "source": "sv", "poi_id": "2142_right", "poi_name": "Asset World Corporation | InterContinental Chiang Mai The Mae Ping", "category_raw": "office=company, tourism=hotel", "category_std": "office_professional; tourism_culture", "category_std_th": "สำนักงานและบริการวิชาชีพ; ที่พัก การท่องเที่ยว และวัฒนธรรม", "category_sub": "office=company, tourism=hotel", "category_sub_th": "บริษัท; โรงแรม", "lat": 18.781905700509125, "lon": 98.998366697289725, "point_id": 2142, "side": "right", "pano_id": "o-5RAdfTVt52E9dou2GHsA", "heading": 276.164, "poi_names": "Asset World Corporation | InterContinental Chiang Mai The Mae Ping", "categories": "office=company, tourism=hotel", "poi_count": 2 }, "geometry": { "type": "Point", "coordinates": [ 98.998366697289725, 18.781905700509125 ] } },
{ "type": "Feature", "properties": { "source": "sv", "poi_id": "2147_left", "poi_name": "Sunday Roast", "category_raw": "amenity=restaurant", "category_std": "food_beverage", "category_std_th": "อาหารและเครื่องดื่ม", "category_sub": "amenity=restaurant", "category_sub_th": "ร้านอาหาร", "lat": 18.781190296854568, "lon": 98.998469795824235, "point_id": 2147, "side": "left", "pano_id": "FMLWCvHXqWHyEkxCGIml9g", "heading": 101.948, "poi_names": "Sunday Roast", "categories": "amenity=restaurant", "poi_count": 1 }, "geometry": { "type": "Point", "coordinates": [ 98.998469795824235, 18.781190296854568 ] } },
{ "type": "Feature", "properties": { "source": "sv", "poi_id": "2157_left", "poi_name": "ครัวแมทิพ", "category_raw": "amenity=restaurant", "category_std": "food_beverage", "category_std_th": "อาหารและเครื่องดื่ม", "category_sub": "amenity=restaurant", "category_sub_th": "ร้านอาหาร", "lat": 18.779786645130155, "lon": 98.997997119876061, "point_id": 2157, "side": "left", "pano_id": "biEzhAMxlS0ilgp176iI6A", "heading": 122.36, "poi_names": "ครัวแมทิพ", "categories": "amenity=restaurant", "poi_count": 1 }, "geometry": { "type": "Point", "coordinates": [ 98.997997119876061, 18.779786645130155 ] } },
{ "type": "Feature", "properties": { "source": "sv", "poi_id": "2164_right", "poi_name": "ไก่ทอด", "category_raw": "amenity=fast_food", "category_std": "food_beverage", "category_std_th": "อาหารและเครื่องดื่ม", "category_sub": "amenity=fast_food", "category_sub_th": "อาหารจานด่วน", "lat": 18.779153540417493, "lon": 98.99723055168748, "point_id": 2164, "side": "right", "pano_id": "jtXL5u4MfJmbLP11pWYguA", "heading": 313.809, "poi_names": "ไก่ทอด", "categories": "amenity=fast_food", "poi_count": 1 }, "geometry": { "type": "Point", "coordinates": [ 98.99723055168748, 18.779153540417493 ] } },
{ "type": "Feature", "properties": { "source": "sv", "poi_id": "2185_right", "poi_name": "ศิริสาคร เรสซิเดนซ์", "category_raw": "tourism=hotel", "category_std": "tourism_culture", "category_std_th": "ที่พัก การท่องเที่ยว และวัฒนธรรม", "category_sub": "tourism=hotel", "category_sub_th": "โรงแรม", "lat": 18.786323863073601, "lon": 99.00287798089434, "point_id": 2185, "side": "right", "pano_id": "VU9r6Gr2uc3qFA_yJsofSw", "heading": 78.596, "poi_names": "ศิริสาคร เรสซิเดนซ์", "categories": "tourism=hotel", "poi_count": 1 }, "geometry": { "type": "Point", "coordinates": [ 99.00287798089434, 18.786323863073601 ] } },
{ "type": "Feature", "properties": { "source": "sv", "poi_id": "2229_right", "poi_name": "DKSH", "category_raw": "office=company", "category_std": "office_professional", "category_std_th": "สำนักงานและบริการวิชาชีพ", "category_sub": "office=company", "category_sub_th": "บริษัท", "lat": 18.765937712862705, "lon": 98.989166717366359, "point_id": 2229, "side": "right", "pano_id": "4TCUtU4sCiM8jYFheEKKGA", "heading": 199.259, "poi_names": "DKSH", "categories": "office=company", "poi_count": 1 }, "geometry": { "type": "Point", "coordinates": [ 98.989166717366359, 18.765937712862705 ] } },
{ "type": "Feature", "properties": { "source": "sv", "poi_id": "2246_left", "poi_name": "McDonald's", "category_raw": "amenity=fast_food", "category_std": "food_beverage", "category_std_th": "อาหารและเครื่องดื่ม", "category_sub": "amenity=fast_food", "category_sub_th": "อาหารจานด่วน", "lat": 18.765160400991757, "lon": 98.991394292955405, "point_id": 2246, "side": "left", "pano_id": "WMFzCB7Gg0ZNRXWR0_WK2A", "heading": 35.662, "poi_names": "McDonald's", "categories": "amenity=fast_food", "poi_count": 1 }, "geometry": { "type": "Point", "coordinates": [ 98.991394292955405, 18.765160400991757 ] } },
{ "type": "Feature", "properties": { "source": "sv", "poi_id": "2247_left", "poi_name": "แรมเปา", "category_raw": "amenity=restaurant", "category_std": "food_beverage", "category_std_th": "อาหารและเครื่องดื่ม", "category_sub": "amenity=restaurant", "category_sub_th": "ร้านอาหาร", "lat": 18.765100545822964, "lon": 98.991480247376074, "point_id": 2247, "side": "left", "pano_id": "jLJrIF5LTz5hRC8XIjhQPA", "heading": 38.66, "poi_names": "แรมเปา", "categories": "amenity=restaurant", "poi_count": 1 }, "geometry": { "type": "Point", "coordinates": [ 98.991480247376074, 18.765100545822964 ] } },
{ "type": "Feature", "properties": { "source": "sv", "poi_id": "2286_left", "poi_name": "italat", "category_raw": "shop=supermarket", "category_std": "retail_commerce", "category_std_th": "การค้าปลีกและร้านค้า", "category_sub": "shop=supermarket", "category_sub_th": "ซูเปอร์มาร์เก็ต", "lat": 18.766355779650031, "lon": 98.987526517345003, "point_id": 2286, "side": "left", "pano_id": "bzEExo1RorGqWOO9JILuMw", "heading": 199.387, "poi_names": "italat", "categories": "shop=supermarket", "poi_count": 1 }, "geometry": { "type": "Point", "coordinates": [ 98.987526517345003, 18.766355779650031 ] } },
{ "type": "Feature", "properties": { "source": "sv", "poi_id": "2306_right", "poi_name": "ร้านยา", "category_raw": "amenity=pharmacy", "category_std": "health", "category_std_th": "สุขภาพและการแพทย์", "category_sub": "amenity=pharmacy", "category_sub_th": "ร้านขายยา", "lat": 18.767508684011396, "lon": 98.984449092027916, "point_id": 2306, "side": "right", "pano_id": "uPep_UYeAV10ZL5WHoePDw", "heading": 10.997, "poi_names": "ร้านยา", "categories": "amenity=pharmacy", "poi_count": 1 }, "geometry": { "type": "Point", "coordinates": [ 98.984449092027916, 18.767508684011396 ] } },
{ "type": "Feature", "properties": { "source": "sv", "poi_id": "2312_left", "poi_name": "วัดออนเรร่า", "category_raw": "amenity=place_of_worship", "category_std": "education_religion", "category_std_th": "การศึกษาและศาสนา", "category_sub": "amenity=place_of_worship", "category_sub_th": "ศาสนสถาน", "lat": 18.767523851419281, "lon": 98.983314628898526, "point_id": 2312, "side": "left", "pano_id": "CAoSF0NJSE0wb2dLRUlDQWdJREw5NURWekFF", "heading": 189.327, "poi_names": "วัดออนเรร่า", "categories": "amenity=place_of_worship", "poi_count": 1 }, "geometry": { "type": "Point", "coordinates": [ 98.983314628898526, 18.767523851419281 ] } },
{ "type": "Feature", "properties": { "source": "sv", "poi_id": "2316_right", "poi_name": "ทิ่นอน โซฟา", "category_raw": "shop=yes", "category_std": "retail_commerce", "category_std_th": "การค้าปลีกและร้านค้า", "category_sub": "shop=yes", "category_sub_th": "ร้านค้าไม่ระบุประเภทย่อย", "lat": 18.767794310370075, "lon": 98.982729298604283, "point_id": 2316, "side": "right", "pano_id": "kXLRzH1coaPJJLM93lQqBQ", "heading": 8.671, "poi_names": "ทิ่นอน โซฟา", "categories": "shop=yes", "poi_count": 1 }, "geometry": { "type": "Point", "coordinates": [ 98.982729298604283, 18.767794310370075 ] } },
{ "type": "Feature", "properties": { "source": "sv", "poi_id": "2375_right", "poi_name": "คลินิกการแพทย์แผนไทยหมออาจินต์", "category_raw": "amenity=clinic", "category_std": "health", "category_std_th": "สุขภาพและการแพทย์", "category_sub": "amenity=clinic", "category_sub_th": "คลินิก", "lat": 18.760006505403556, "lon": 99.007274968920782, "point_id": 2375, "side": "right", "pano_id": "lciT1eB-vFztmttxmN7bjQ", "heading": 348.424, "poi_names": "คลินิกการแพทย์แผนไทยหมออาจินต์", "categories": "amenity=clinic", "poi_count": 1 }, "geometry": { "type": "Point", "coordinates": [ 99.007274968920782, 18.760006505403556 ] } },
{ "type": "Feature", "properties": { "source": "sv", "poi_id": "2389_right", "poi_name": "กันถีสุกี้", "category_raw": "amenity=restaurant", "category_std": "food_beverage", "category_std_th": "อาหารและเครื่องดื่ม", "category_sub": "amenity=restaurant", "category_sub_th": "ร้านอาหาร", "lat": 18.763938216868169, "lon": 99.010847460775423, "point_id": 2389, "side": "right", "pano_id": "rhSBJNrwXL6TNkaY5tSUZQ", "heading": 257.351, "poi_names": "กันถีสุกี้", "categories": "amenity=restaurant", "poi_count": 1 }, "geometry": { "type": "Point", "coordinates": [ 99.010847460775423, 18.763938216868169 ] } },
{ "type": "Feature", "properties": { "source": "sv", "poi_id": "2402_right", "poi_name": "mini", "category_raw": "shop=convenience", "category_std": "retail_commerce", "category_std_th": "การค้าปลีกและร้านค้า", "category_sub": "shop=convenience", "category_sub_th": "ร้านสะดวกซื้อ", "lat": 18.762193215325969, "lon": 99.011258462089557, "point_id": 2402, "side": "right", "pano_id": "TzgLENfuNbS60OrFmCHSQA", "heading": 257.35, "poi_names": "mini", "categories": "shop=convenience", "poi_count": 1 }, "geometry": { "type": "Point", "coordinates": [ 99.011258462089557, 18.762193215325969 ] } },
{ "type": "Feature", "properties": { "source": "sv", "poi_id": "2433_left", "poi_name": "ผัดไท", "category_raw": "amenity=fast_food", "category_std": "food_beverage", "category_std_th": "อาหารและเครื่องดื่ม", "category_sub": "amenity=fast_food", "category_sub_th": "อาหารจานด่วน", "lat": 18.769700066257361, "lon": 99.011396737032058, "point_id": 2433, "side": "left", "pano_id": "80eSnNaHcc9DE9cXBgMpkg", "heading": 256.602, "poi_names": "ผัดไท", "categories": "amenity=fast_food", "poi_count": 1 }, "geometry": { "type": "Point", "coordinates": [ 99.011396737032058, 18.769700066257361 ] } },
{ "type": "Feature", "properties": { "source": "sv", "poi_id": "2446_right", "poi_name": "ผัก อีด", "category_raw": "amenity=restaurant", "category_std": "food_beverage", "category_std_th": "อาหารและเครื่องดื่ม", "category_sub": "amenity=restaurant", "category_sub_th": "ร้านอาหาร", "lat": 18.771134236026636, "lon": 99.011713651822078, "point_id": 2446, "side": "right", "pano_id": "D7yflFLcdyPoy_SSB5CZnA", "heading": 93.658, "poi_names": "ผัก อีด", "categories": "amenity=restaurant", "poi_count": 1 }, "geometry": { "type": "Point", "coordinates": [ 99.011713651822078, 18.771134236026636 ] } },
{ "type": "Feature", "properties": { "source": "sv", "poi_id": "2450_right", "poi_name": "ก้านนชา", "category_raw": "amenity=cafe", "category_std": "food_beverage", "category_std_th": "อาหารและเครื่องดื่ม", "category_sub": "amenity=cafe", "category_sub_th": "ร้านกาแฟ", "lat": 18.771592031430863, "lon": 99.011733794094638, "point_id": 2450, "side": "right", "pano_id": "J28vOt0j8yliGi4XaZqa8Q", "heading": 91.883, "poi_names": "ก้านนชา", "categories": "amenity=cafe", "poi_count": 1 }, "geometry": { "type": "Point", "coordinates": [ 99.011733794094638, 18.771592031430863 ] } },
{ "type": "Feature", "properties": { "source": "sv", "poi_id": "2452_right", "poi_name": "คนไท", "category_raw": "amenity=restaurant", "category_std": "food_beverage", "category_std_th": "อาหารและเครื่องดื่ม", "category_sub": "amenity=restaurant", "category_sub_th": "ร้านอาหาร", "lat": 18.771871046463204, "lon": 99.01174382112896, "point_id": 2452, "side": "right", "pano_id": "twnxqJTgSANulGxxd0sC6g", "heading": 88.702, "poi_names": "คนไท", "categories": "amenity=restaurant", "poi_count": 1 }, "geometry": { "type": "Point", "coordinates": [ 99.01174382112896, 18.771871046463204 ] } },
{ "type": "Feature", "properties": { "source": "sv", "poi_id": "2467_right", "poi_name": "วัดเมืองกาย", "category_raw": "amenity=place_of_worship", "category_std": "education_religion", "category_std_th": "การศึกษาและศาสนา", "category_sub": "amenity=place_of_worship", "category_sub_th": "ศาสนสถาน", "lat": 18.773657002731071, "lon": 99.010836350038247, "point_id": 2467, "side": "right", "pano_id": "HBXWmAd-zgDN0O9bEUDPuw", "heading": 57.904, "poi_names": "วัดเมืองกาย", "categories": "amenity=place_of_worship", "poi_count": 1 }, "geometry": { "type": "Point", "coordinates": [ 99.010836350038247, 18.773657002731071 ] } },
{ "type": "Feature", "properties": { "source": "sv", "poi_id": "2490_right", "poi_name": "โรงเรียนล้านนากรดวิช | enn coffee", "category_raw": "amenity=school, amenity=cafe", "category_std": "education_religion; food_beverage", "category_std_th": "การศึกษาและศาสนา; อาหารและเครื่องดื่ม", "category_sub": "amenity=school, amenity=cafe", "category_sub_th": "โรงเรียน; ร้านกาแฟ", "lat": 18.801325605664285, "lon": 99.013089193775883, "point_id": 2490, "side": "right", "pano_id": "Bx5yUjz06oZdnJWETpXBLg", "heading": 49.556, "poi_names": "โรงเรียนล้านนากรดวิช | enn coffee", "categories": "amenity=school, amenity=cafe", "poi_count": 2 }, "geometry": { "type": "Point", "coordinates": [ 99.013089193775883, 18.801325605664285 ] } },
{ "type": "Feature", "properties": { "source": "sv", "poi_id": "2534_right", "poi_name": "โฮม", "category_raw": "shop=yes", "category_std": "retail_commerce", "category_std_th": "การค้าปลีกและร้านค้า", "category_sub": "shop=yes", "category_sub_th": "ร้านค้าไม่ระบุประเภทย่อย", "lat": 18.801030556864124, "lon": 99.009650302355283, "point_id": 2534, "side": "right", "pano_id": "ipHjUTF9J15La0p8UsEywQ", "heading": 236.058, "poi_names": "โฮม", "categories": "shop=yes", "poi_count": 1 }, "geometry": { "type": "Point", "coordinates": [ 99.009650302355283, 18.801030556864124 ] } },
{ "type": "Feature", "properties": { "source": "sv", "poi_id": "2580_right", "poi_name": "อโยธยาปูนสปา", "category_raw": "shop=massage", "category_std": "personal_service_repair", "category_std_th": "บริการส่วนบุคคลและงานซ่อม", "category_sub": "shop=massage", "category_sub_th": "ร้านนวด", "lat": 18.803680555474248, "lon": 99.011997381395801, "point_id": 2580, "side": "right", "pano_id": "dGUy-BxyxNtvlkhW_7t_Ng", "heading": 14.269, "poi_names": "อโยธยาปูนสปา", "categories": "shop=massage", "poi_count": 1 }, "geometry": { "type": "Point", "coordinates": [ 99.011997381395801, 18.803680555474248 ] } },
{ "type": "Feature", "properties": { "source": "sv", "poi_id": "2638_right", "poi_name": "sopha tailor house", "category_raw": "shop=clothes", "category_std": "retail_commerce", "category_std_th": "การค้าปลีกและร้านค้า", "category_sub": "shop=clothes", "category_sub_th": "ร้านเสื้อผ้า", "lat": 18.78804622819624, "lon": 99.001066504283514, "point_id": 2638, "side": "right", "pano_id": "WWf7XdEqewRzv2CErFCVvg", "heading": 300.777, "poi_names": "sopha tailor house", "categories": "shop=clothes", "poi_count": 1 }, "geometry": { "type": "Point", "coordinates": [ 99.001066504283514, 18.78804622819624 ] } },
{ "type": "Feature", "properties": { "source": "sv", "poi_id": "2646_right", "poi_name": "บุณยพาณิชย์", "category_raw": "shop=yes", "category_std": "retail_commerce", "category_std_th": "การค้าปลีกและร้านค้า", "category_sub": "shop=yes", "category_sub_th": "ร้านค้าไม่ระบุประเภทย่อย", "lat": 18.789163200491814, "lon": 99.000434382918357, "point_id": 2646, "side": "right", "pano_id": "1Ear3p0bJB8SlJLbjLphxw", "heading": 111.288, "poi_names": "บุณยพาณิชย์", "categories": "shop=yes", "poi_count": 1 }, "geometry": { "type": "Point", "coordinates": [ 99.000434382918357, 18.789163200491814 ] } },
{ "type": "Feature", "properties": { "source": "sv", "poi_id": "2647_right", "poi_name": "เชียงใหม่พลาสติก", "category_raw": "shop=yes", "category_std": "retail_commerce", "category_std_th": "การค้าปลีกและร้านค้า", "category_sub": "shop=yes", "category_sub_th": "ร้านค้าไม่ระบุประเภทย่อย", "lat": 18.789218104440952, "lon": 99.000456746911055, "point_id": 2647, "side": "right", "pano_id": "n2EPhdZFvBC7Qm2gkb09OA", "heading": 110.674, "poi_names": "เชียงใหม่พลาสติก", "categories": "shop=yes", "poi_count": 1 }, "geometry": { "type": "Point", "coordinates": [ 99.000456746911055, 18.789218104440952 ] } },
{ "type": "Feature", "properties": { "source": "sv", "poi_id": "2659_left", "poi_name": "inadpress", "category_raw": "office=company", "category_std": "office_professional", "category_std_th": "สำนักงานและบริการวิชาชีพ", "category_sub": "office=company", "category_sub_th": "บริษัท", "lat": 18.790726604432592, "lon": 98.999870968782943, "point_id": 2659, "side": "left", "pano_id": "w1VPqJGkAv6VJiKaGWt66A", "heading": 253.674, "poi_names": "inadpress", "categories": "office=company", "poi_count": 1 }, "geometry": { "type": "Point", "coordinates": [ 98.999870968782943, 18.790726604432592 ] } },
{ "type": "Feature", "properties": { "source": "sv", "poi_id": "2664_left", "poi_name": "เมอรี่", "category_raw": "shop=yes", "category_std": "retail_commerce", "category_std_th": "การค้าปลีกและร้านค้า", "category_sub": "shop=yes", "category_sub_th": "ร้านค้าไม่ระบุประเภทย่อย", "lat": 18.799173759238151, "lon": 98.998678682423474, "point_id": 2664, "side": "left", "pano_id": "MqAz8QKEoCSbMrjTInkyRg", "heading": 10.743, "poi_names": "เมอรี่", "categories": "shop=yes", "poi_count": 1 }, "geometry": { "type": "Point", "coordinates": [ 98.998678682423474, 18.799173759238151 ] } },
{ "type": "Feature", "properties": { "source": "sv", "poi_id": "2726_right", "poi_name": "เซ็นทรัลอะไหล่", "category_raw": "shop=car_repair", "category_std": "personal_service_repair", "category_std_th": "บริการส่วนบุคคลและงานซ่อม", "category_sub": "shop=car_repair", "category_sub_th": "อู่ซ่อมรถยนต์", "lat": 18.789741588817577, "lon": 98.995452610530876, "point_id": 2726, "side": "right", "pano_id": "cJJsMK1qQIAXShanraI8pA", "heading": 80.707, "poi_names": "เซ็นทรัลอะไหล่", "categories": "shop=car_repair", "poi_count": 1 }, "geometry": { "type": "Point", "coordinates": [ 98.995452610530876, 18.789741588817577 ] } },
{ "type": "Feature", "properties": { "source": "sv", "poi_id": "2794_left", "poi_name": "มรน", "category_raw": "amenity=university", "category_std": "education_religion", "category_std_th": "การศึกษาและศาสนา", "category_sub": "amenity=university", "category_sub_th": "มหาวิทยาลัย", "lat": 18.792063870351303, "lon": 99.004137569409622, "point_id": 2794, "side": "left", "pano_id": "OQzb46bPtcMwC_UwP6UeBw", "heading": 158.627, "poi_names": "มรน", "categories": "amenity=university", "poi_count": 1 }, "geometry": { "type": "Point", "coordinates": [ 99.004137569409622, 18.792063870351303 ] } },
{ "type": "Feature", "properties": { "source": "sv", "poi_id": "2881_right", "poi_name": "ธนาคารไทยพาณิชย์", "category_raw": "amenity=bank", "category_std": "finance_insurance", "category_std_th": "การเงินและประกันภัย", "category_sub": "amenity=bank", "category_sub_th": "ธนาคาร", "lat": 18.793591339926213, "lon": 98.979137745002362, "point_id": 2881, "side": "right", "pano_id": "SiEofQc1tXBW1dPchYJQ5g", "heading": 0.45, "poi_names": "ธนาคารไทยพาณิชย์", "categories": "amenity=bank", "poi_count": 1 }, "geometry": { "type": "Point", "coordinates": [ 98.979137745002362, 18.793591339926213 ] } },
{ "type": "Feature", "properties": { "source": "sv", "poi_id": "2897_left", "poi_name": "สถานีตำรวจภูธร", "category_raw": "office=government", "category_std": "office_professional", "category_std_th": "สำนักงานและบริการวิชาชีพ", "category_sub": "office=government", "category_sub_th": "หน่วยงานราชการ", "lat": 18.789099712140491, "lon": 98.968311625082478, "point_id": 2897, "side": "left", "pano_id": "7jCfF_WyzPa3laIYRSDMKw", "heading": 93.991, "poi_names": "สถานีตำรวจภูธร", "categories": "office=government", "poi_count": 1 }, "geometry": { "type": "Point", "coordinates": [ 98.968311625082478, 18.789099712140491 ] } },
{ "type": "Feature", "properties": { "source": "sv", "poi_id": "2901_left", "poi_name": "สำนักงานวัดสวนดอก", "category_raw": "amenity=place_of_worship", "category_std": "education_religion", "category_std_th": "การศึกษาและศาสนา", "category_sub": "amenity=place_of_worship", "category_sub_th": "ศาสนสถาน", "lat": 18.788564856860024, "lon": 98.968273635262463, "point_id": 2901, "side": "left", "pano_id": "p9kZ38J2ls_L1iRSHKBYiA", "heading": 93.899, "poi_names": "สำนักงานวัดสวนดอก", "categories": "amenity=place_of_worship", "poi_count": 1 }, "geometry": { "type": "Point", "coordinates": [ 98.968273635262463, 18.788564856860024 ] } },
{ "type": "Feature", "properties": { "source": "sv", "poi_id": "2923_right", "poi_name": "maru", "category_raw": "shop=yes", "category_std": "retail_commerce", "category_std_th": "การค้าปลีกและร้านค้า", "category_sub": "shop=yes", "category_sub_th": "ร้านค้าไม่ระบุประเภทย่อย", "lat": 18.789198440229203, "lon": 98.967560664118594, "point_id": 2923, "side": "right", "pano_id": "vHU5IOvL-xMqO_znbTd7ow", "heading": 275.998, "poi_names": "maru", "categories": "shop=yes", "poi_count": 1 }, "geometry": { "type": "Point", "coordinates": [ 98.967560664118594, 18.789198440229203 ] } },
{ "type": "Feature", "properties": { "source": "sv", "poi_id": "3120_left", "poi_name": "ก๊วยจับ เท้งนาย", "category_raw": "amenity=restaurant", "category_std": "food_beverage", "category_std_th": "อาหารและเครื่องดื่ม", "category_sub": "amenity=restaurant", "category_sub_th": "ร้านอาหาร", "lat": 18.781692781215725, "lon": 98.994732494222674, "point_id": 3120, "side": "left", "pano_id": "HNKcn-RObpLZcHV9DXwYAA", "heading": 285.262, "poi_names": "ก๊วยจับ เท้งนาย", "categories": "amenity=restaurant", "poi_count": 1 }, "geometry": { "type": "Point", "coordinates": [ 98.994732494222674, 18.781692781215725 ] } },
{ "type": "Feature", "properties": { "source": "sv", "poi_id": "3124_right", "poi_name": "โรงเรียนปรินส์รอยแยลส์วิทยาลัย", "category_raw": "amenity=school", "category_std": "education_religion", "category_std_th": "การศึกษาและศาสนา", "category_sub": "amenity=school", "category_sub_th": "โรงเรียน", "lat": 18.78225557057916, "lon": 98.995045071384993, "point_id": 3124, "side": "right", "pano_id": "HqYWKs9YetvKbMS5l5hOZg", "heading": 122.416, "poi_names": "โรงเรียนปรินส์รอยแยลส์วิทยาลัย", "categories": "amenity=school", "poi_count": 1 }, "geometry": { "type": "Point", "coordinates": [ 98.995045071384993, 18.78225557057916 ] } },
{ "type": "Feature", "properties": { "source": "sv", "poi_id": "3157_left", "poi_name": "Like Home", "category_raw": "tourism=guest_house", "category_std": "tourism_culture", "category_std_th": "ที่พัก การท่องเที่ยว และวัฒนธรรม", "category_sub": "tourism=guest_house", "category_sub_th": "เกสต์เฮาส์", "lat": 18.78021830908208, "lon": 98.994070099655474, "point_id": 3157, "side": "left", "pano_id": "tsM4viHv7v128vti2uUoKg", "heading": 295.09, "poi_names": "Like Home", "categories": "tourism=guest_house", "poi_count": 1 }, "geometry": { "type": "Point", "coordinates": [ 98.994070099655474, 18.78021830908208 ] } },
{ "type": "Feature", "properties": { "source": "sv", "poi_id": "3189_right", "poi_name": "NL Tattoo", "category_raw": "shop=yes", "category_std": "retail_commerce", "category_std_th": "การค้าปลีกและร้านค้า", "category_sub": "shop=yes", "category_sub_th": "ร้านค้าไม่ระบุประเภทย่อย", "lat": 18.779007832111208, "lon": 98.995734822146957, "point_id": 3189, "side": "right", "pano_id": "lue1m1sUh_V_L-r8BxfSdA", "heading": 91.375, "poi_names": "NL Tattoo", "categories": "shop=yes", "poi_count": 1 }, "geometry": { "type": "Point", "coordinates": [ 98.995734822146957, 18.779007832111208 ] } },
{ "type": "Feature", "properties": { "source": "sv", "poi_id": "3270_right", "poi_name": "โรงรับจำนำ | ร้านทอง", "category_raw": "shop=pawnbroker, shop=yes", "category_std": "retail_commerce", "category_std_th": "การค้าปลีกและร้านค้า", "category_sub": "shop=pawnbroker, shop=yes", "category_sub_th": "โรงรับจำนำ; ร้านค้าไม่ระบุประเภทย่อย", "lat": 18.780694723920416, "lon": 98.99199968851552, "point_id": 3270, "side": "right", "pano_id": "_wqsgnjerS5sgk4NADbMDw", "heading": 93.348, "poi_names": "โรงรับจำนำ | ร้านทอง", "categories": "shop=pawnbroker, shop=yes", "poi_count": 2 }, "geometry": { "type": "Point", "coordinates": [ 98.99199968851552, 18.780694723920416 ] } },
{ "type": "Feature", "properties": { "source": "sv", "poi_id": "3292_right", "poi_name": "ชาอร", "category_raw": "amenity=cafe", "category_std": "food_beverage", "category_std_th": "อาหารและเครื่องดื่ม", "category_sub": "amenity=cafe", "category_sub_th": "ร้านกาแฟ", "lat": 18.774078565376563, "lon": 98.989854356598556, "point_id": 3292, "side": "right", "pano_id": "wAI3igSbfIhFDouYm2ZBKw", "heading": 76.842, "poi_names": "ชาอร", "categories": "amenity=cafe", "poi_count": 1 }, "geometry": { "type": "Point", "coordinates": [ 98.989854356598556, 18.774078565376563 ] } },
{ "type": "Feature", "properties": { "source": "sv", "poi_id": "3304_right", "poi_name": "มีทูธ", "category_raw": "amenity=dentist", "category_std": "health", "category_std_th": "สุขภาพและการแพทย์", "category_sub": "amenity=dentist", "category_sub_th": "คลินิกทันตกรรม", "lat": 18.775485877050919, "lon": 98.989514474919162, "point_id": 3304, "side": "right", "pano_id": "j94e9SRAErZqy4Ovhtd-rw", "heading": 74.675, "poi_names": "มีทูธ", "categories": "amenity=dentist", "poi_count": 1 }, "geometry": { "type": "Point", "coordinates": [ 98.989514474919162, 18.775485877050919 ] } },
{ "type": "Feature", "properties": { "source": "sv", "poi_id": "3337_right", "poi_name": "bed", "category_raw": "tourism=hotel", "category_std": "tourism_culture", "category_std_th": "ที่พัก การท่องเที่ยว และวัฒนธรรม", "category_sub": "tourism=hotel", "category_sub_th": "โรงแรม", "lat": 18.779639435708813, "lon": 98.988389689231738, "point_id": 3337, "side": "right", "pano_id": "fL06iSvXBoDFjFETqqeyQA", "heading": 67.594, "poi_names": "bed", "categories": "tourism=hotel", "poi_count": 1 }, "geometry": { "type": "Point", "coordinates": [ 98.988389689231738, 18.779639435708813 ] } },
{ "type": "Feature", "properties": { "source": "sv", "poi_id": "3344_right", "poi_name": "ร้านยา ยูซ่าฟาร์มาซี", "category_raw": "amenity=pharmacy", "category_std": "health", "category_std_th": "สุขภาพและการแพทย์", "category_sub": "amenity=pharmacy", "category_sub_th": "ร้านขายยา", "lat": 18.775304341317302, "lon": 98.981973650994561, "point_id": 3344, "side": "right", "pano_id": "zGCFV3KnZzVHEb434E-qCw", "heading": 172.944, "poi_names": "ร้านยา ยูซ่าฟาร์มาซี", "categories": "amenity=pharmacy", "poi_count": 1 }, "geometry": { "type": "Point", "coordinates": [ 98.981973650994561, 18.775304341317302 ] } },
{ "type": "Feature", "properties": { "source": "sv", "poi_id": "3400_left", "poi_name": "อันธิกา เพ็ทซ็อป", "category_raw": "shop=yes", "category_std": "retail_commerce", "category_std_th": "การค้าปลีกและร้านค้า", "category_sub": "shop=yes", "category_sub_th": "ร้านค้าไม่ระบุประเภทย่อย", "lat": 18.774535916461641, "lon": 98.979533860809738, "point_id": 3400, "side": "left", "pano_id": "zJ6Qg04KR2wzJyuPvNqu7g", "heading": 43.145, "poi_names": "อันธิกา เพ็ทซ็อป", "categories": "shop=yes", "poi_count": 1 }, "geometry": { "type": "Point", "coordinates": [ 98.979533860809738, 18.774535916461641 ] } },
{ "type": "Feature", "properties": { "source": "sv", "poi_id": "3467_left", "poi_name": "อายารา", "category_raw": "shop=yes", "category_std": "retail_commerce", "category_std_th": "การค้าปลีกและร้านค้า", "category_sub": "shop=yes", "category_sub_th": "ร้านค้าไม่ระบุประเภทย่อย", "lat": 18.815767547160569, "lon": 98.996434537737159, "point_id": 3467, "side": "left", "pano_id": "5Qfky181we5o2uhB52loow", "heading": 163.126, "poi_names": "อายารา", "categories": "shop=yes", "poi_count": 1 }, "geometry": { "type": "Point", "coordinates": [ 98.996434537737159, 18.815767547160569 ] } },
{ "type": "Feature", "properties": { "source": "sv", "poi_id": "3517_left", "poi_name": "โรงเรียนวัดป่าตัน", "category_raw": "amenity=school", "category_std": "education_religion", "category_std_th": "การศึกษาและศาสนา", "category_sub": "amenity=school", "category_sub_th": "โรงเรียน", "lat": 18.810791111838839, "lon": 99.001496803631383, "point_id": 3517, "side": "left", "pano_id": "09fygbkQkmwCQaIGrqYKgg", "heading": 254.009, "poi_names": "โรงเรียนวัดป่าตัน", "categories": "amenity=school", "poi_count": 1 }, "geometry": { "type": "Point", "coordinates": [ 99.001496803631383, 18.810791111838839 ] } },
{ "type": "Feature", "properties": { "source": "sv", "poi_id": "3527_left", "poi_name": "มีท้องว่าง", "category_raw": "amenity=restaurant", "category_std": "food_beverage", "category_std_th": "อาหารและเครื่องดื่ม", "category_sub": "amenity=restaurant", "category_sub_th": "ร้านอาหาร", "lat": 18.812030311669407, "lon": 99.000945400781418, "point_id": 3527, "side": "left", "pano_id": "_Q3Mx-xdJ0W91PbBWy9EzA", "heading": 250.815, "poi_names": "มีท้องว่าง", "categories": "amenity=restaurant", "poi_count": 1 }, "geometry": { "type": "Point", "coordinates": [ 99.000945400781418, 18.812030311669407 ] } },
{ "type": "Feature", "properties": { "source": "sv", "poi_id": "3547_right", "poi_name": "วิทยาลัยการกีฬาแห่งชาติ วิทยาเขตเชียงใหม่", "category_raw": "amenity=university", "category_std": "education_religion", "category_std_th": "การศึกษาและศาสนา", "category_sub": "amenity=university", "category_sub_th": "มหาวิทยาลัย", "lat": 18.799535988702509, "lon": 98.990333638453123, "point_id": 3547, "side": "right", "pano_id": "eeImalpb0tCxCmomTpIAPA", "heading": 350.068, "poi_names": "วิทยาลัยการกีฬาแห่งชาติ วิทยาเขตเชียงใหม่", "categories": "amenity=university", "poi_count": 1 }, "geometry": { "type": "Point", "coordinates": [ 98.990333638453123, 18.799535988702509 ] } },
{ "type": "Feature", "properties": { "source": "sv", "poi_id": "3560_right", "poi_name": "อนทินทันตคลินิก", "category_raw": "amenity=dentist", "category_std": "health", "category_std_th": "สุขภาพและการแพทย์", "category_sub": "amenity=dentist", "category_sub_th": "คลินิกทันตกรรม", "lat": 18.790636102241816, "lon": 98.993272815051981, "point_id": 3560, "side": "right", "pano_id": "3CrFN3x3xH-OFO361bRdEw", "heading": 201.773, "poi_names": "อนทินทันตคลินิก", "categories": "amenity=dentist", "poi_count": 1 }, "geometry": { "type": "Point", "coordinates": [ 98.993272815051981, 18.790636102241816 ] } },
{ "type": "Feature", "properties": { "source": "sv", "poi_id": "3579_right", "poi_name": "Massage", "category_raw": "shop=massage", "category_std": "personal_service_repair", "category_std_th": "บริการส่วนบุคคลและงานซ่อม", "category_sub": "shop=massage", "category_sub_th": "ร้านนวด", "lat": 18.790569452452413, "lon": 98.992653395947897, "point_id": 3579, "side": "right", "pano_id": "48IuesWg8dSglprc9Q4PzQ", "heading": 285.046, "poi_names": "Massage", "categories": "shop=massage", "poi_count": 1 }, "geometry": { "type": "Point", "coordinates": [ 98.992653395947897, 18.790569452452413 ] } },
{ "type": "Feature", "properties": { "source": "sv", "poi_id": "3632_left", "poi_name": "Le Pure", "category_raw": "amenity=cafe", "category_std": "food_beverage", "category_std_th": "อาหารและเครื่องดื่ม", "category_sub": "amenity=cafe", "category_sub_th": "ร้านกาแฟ", "lat": 18.783030919111663, "lon": 98.978107217508096, "point_id": 3632, "side": "left", "pano_id": "14GKWLSJirur-pjuQfn66Q", "heading": 175.636, "poi_names": "Le Pure", "categories": "amenity=cafe", "poi_count": 1 }, "geometry": { "type": "Point", "coordinates": [ 98.978107217508096, 18.783030919111663 ] } },
{ "type": "Feature", "properties": { "source": "sv", "poi_id": "3632_right", "poi_name": "มุนอาคลินิก", "category_raw": "amenity=clinic", "category_std": "health", "category_std_th": "สุขภาพและการแพทย์", "category_sub": "amenity=clinic", "category_sub_th": "คลินิก", "lat": 18.783211080887195, "lon": 98.978092782484239, "point_id": 3632, "side": "right", "pano_id": "14GKWLSJirur-pjuQfn66Q", "heading": 355.636, "poi_names": "มุนอาคลินิก", "categories": "amenity=clinic", "poi_count": 1 }, "geometry": { "type": "Point", "coordinates": [ 98.978092782484239, 18.783211080887195 ] } },
{ "type": "Feature", "properties": { "source": "sv", "poi_id": "3673_right", "poi_name": "Kristi House", "category_raw": "tourism=guest_house", "category_std": "tourism_culture", "category_std_th": "ที่พัก การท่องเที่ยว และวัฒนธรรม", "category_sub": "tourism=guest_house", "category_sub_th": "เกสต์เฮาส์", "lat": 18.789594797675424, "lon": 98.991318388260765, "point_id": 3673, "side": "right", "pano_id": "GaHbY6mxzYjJP20qgJs48A", "heading": 105.539, "poi_names": "Kristi House", "categories": "tourism=guest_house", "poi_count": 1 }, "geometry": { "type": "Point", "coordinates": [ 98.991318388260765, 18.789594797675424 ] } },
{ "type": "Feature", "properties": { "source": "sv", "poi_id": "3677_left", "poi_name": "แสงชัยมอเตอร์เซลส์", "category_raw": "shop=motorcycle_repair", "category_std": "personal_service_repair", "category_std_th": "บริการส่วนบุคคลและงานซ่อม", "category_sub": "shop=motorcycle_repair", "category_sub_th": "ร้านซ่อมรถจักรยานยนต์", "lat": 18.788153961374118, "lon": 98.990192169575366, "point_id": 3677, "side": "left", "pano_id": "-0NpwLwcS4om8ln6vIC5nQ", "heading": 268.707, "poi_names": "แสงชัยมอเตอร์เซลส์", "categories": "shop=motorcycle_repair", "poi_count": 1 }, "geometry": { "type": "Point", "coordinates": [ 98.990192169575366, 18.788153961374118 ] } },
{ "type": "Feature", "properties": { "source": "sv", "poi_id": "3682_left", "poi_name": "นาเทเลอร์ 1991", "category_raw": "shop=yes", "category_std": "retail_commerce", "category_std_th": "การค้าปลีกและร้านค้า", "category_sub": "shop=yes", "category_sub_th": "ร้านค้าไม่ระบุประเภทย่อย", "lat": 18.788947661662043, "lon": 98.990138768098873, "point_id": 3682, "side": "left", "pano_id": "df9At3CUEyMSm-YXcYx8OA", "heading": 263.429, "poi_names": "นาเทเลอร์ 1991", "categories": "shop=yes", "poi_count": 1 }, "geometry": { "type": "Point", "coordinates": [ 98.990138768098873, 18.788947661662043 ] } },
{ "type": "Feature", "properties": { "source": "sv", "poi_id": "3701_right", "poi_name": "ภาคบริการโลหิตแห่งชาติที่ 10 จังหวัดเชียงใหม่", "category_raw": "office=government", "category_std": "office_professional", "category_std_th": "สำนักงานและบริการวิชาชีพ", "category_sub": "office=government", "category_sub_th": "หน่วยงานราชการ", "lat": 18.791600799885455, "lon": 98.990212810940719, "point_id": 3701, "side": "right", "pano_id": "Cuoh0F9Ep7FKq_mi8uIE4Q", "heading": 88.224, "poi_names": "ภาคบริการโลหิตแห่งชาติที่ 10 จังหวัดเชียงใหม่", "categories": "office=government", "poi_count": 1 }, "geometry": { "type": "Point", "coordinates": [ 98.990212810940719, 18.791600799885455 ] } },
{ "type": "Feature", "properties": { "source": "sv", "poi_id": "3708_left", "poi_name": "Elephant Nature Park", "category_raw": "tourism=attraction", "category_std": "tourism_culture", "category_std_th": "ที่พัก การท่องเที่ยว และวัฒนธรรม", "category_sub": "tourism=attraction", "category_sub_th": "แหล่งท่องเที่ยว", "lat": 18.792439562720791, "lon": 98.989987384128639, "point_id": 3708, "side": "left", "pano_id": "Hz1HT2ULNSuHOSljBuhKGA", "heading": 265.914, "poi_names": "Elephant Nature Park", "categories": "tourism=attraction", "poi_count": 1 }, "geometry": { "type": "Point", "coordinates": [ 98.989987384128639, 18.792439562720791 ] } },
{ "type": "Feature", "properties": { "source": "sv", "poi_id": "3725_left", "poi_name": "Yusen Logistics", "category_raw": "office=company", "category_std": "office_professional", "category_std_th": "สำนักงานและบริการวิชาชีพ", "category_sub": "office=company", "category_sub_th": "บริษัท", "lat": 18.772205519387871, "lon": 98.976391609156863, "point_id": 3725, "side": "left", "pano_id": "Dcq7OsLXlHGPLNadX11DCA", "heading": 159.246, "poi_names": "Yusen Logistics", "categories": "office=company", "poi_count": 1 }, "geometry": { "type": "Point", "coordinates": [ 98.976391609156863, 18.772205519387871 ] } },
{ "type": "Feature", "properties": { "source": "sv", "poi_id": "3739_right", "poi_name": "อาราเบนท์", "category_raw": "amenity=cafe", "category_std": "food_beverage", "category_std_th": "อาหารและเครื่องดื่ม", "category_sub": "amenity=cafe", "category_sub_th": "ร้านกาแฟ", "lat": 18.77300256381389, "lon": 98.978684065918443, "point_id": 3739, "side": "right", "pano_id": "iZcxW4UPY6dLp0femmsYxw", "heading": 82.646, "poi_names": "อาราเบนท์", "categories": "amenity=cafe", "poi_count": 1 }, "geometry": { "type": "Point", "coordinates": [ 98.978684065918443, 18.77300256381389 ] } },
{ "type": "Feature", "properties": { "source": "sv", "poi_id": "3866_right", "poi_name": "เฉาก๊วยมุกดา", "category_raw": "amenity=cafe", "category_std": "food_beverage", "category_std_th": "อาหารและเครื่องดื่ม", "category_sub": "amenity=cafe", "category_sub_th": "ร้านกาแฟ", "lat": 18.76933582282906, "lon": 98.98438011741878, "point_id": 3866, "side": "right", "pano_id": "2lY_bV3ZHBi2T_TpMk81-g", "heading": 56.531, "poi_names": "เฉาก๊วยมุกดา", "categories": "amenity=cafe", "poi_count": 1 }, "geometry": { "type": "Point", "coordinates": [ 98.98438011741878, 18.76933582282906 ] } },
{ "type": "Feature", "properties": { "source": "sv", "poi_id": "3882_left", "poi_name": "เกงออม ไส้ย่าง", "category_raw": "amenity=restaurant", "category_std": "food_beverage", "category_std_th": "อาหารและเครื่องดื่ม", "category_sub": "amenity=restaurant", "category_sub_th": "ร้านอาหาร", "lat": 18.770898156735605, "lon": 98.98323207245592, "point_id": 3882, "side": "left", "pano_id": "nqpFBS-_moBTkz3PEMgNEg", "heading": 240.968, "poi_names": "เกงออม ไส้ย่าง", "categories": "amenity=restaurant", "poi_count": 1 }, "geometry": { "type": "Point", "coordinates": [ 98.98323207245592, 18.770898156735605 ] } },
{ "type": "Feature", "properties": { "source": "sv", "poi_id": "3916_right", "poi_name": "สหเนอร์นิเจอร์", "category_raw": "shop=yes", "category_std": "retail_commerce", "category_std_th": "การค้าปลีกและร้านค้า", "category_sub": "shop=yes", "category_sub_th": "ร้านค้าไม่ระบุประเภทย่อย", "lat": 18.773817944562811, "lon": 98.98071123361764, "point_id": 3916, "side": "right", "pano_id": "0TFWB4ILArhNfYP0gH9-6g", "heading": 17.952, "poi_names": "สหเนอร์นิเจอร์", "categories": "shop=yes", "poi_count": 1 }, "geometry": { "type": "Point", "coordinates": [ 98.98071123361764, 18.773817944562811 ] } },
{ "type": "Feature", "properties": { "source": "sv", "poi_id": "3920_left", "poi_name": "reds", "category_raw": "amenity=bar", "category_std": "food_beverage", "category_std_th": "อาหารและเครื่องดื่ม", "category_sub": "amenity=bar", "category_sub_th": "บาร์", "lat": 18.768183446767964, "lon": 98.98061732585866, "point_id": 3920, "side": "left", "pano_id": "n_zFCLUM-A0hPvoteSAOiQ", "heading": 8.077, "poi_names": "reds", "categories": "amenity=bar", "poi_count": 1 }, "geometry": { "type": "Point", "coordinates": [ 98.98061732585866, 18.768183446767964 ] } },
{ "type": "Feature", "properties": { "source": "sv", "poi_id": "3993_left", "poi_name": "สถาบันพลังจิตตานุภาพ", "category_raw": "amenity=school", "category_std": "education_religion", "category_std_th": "การศึกษาและศาสนา", "category_sub": "amenity=school", "category_sub_th": "โรงเรียน", "lat": 18.780588419138283, "lon": 98.987130188367956, "point_id": 3993, "side": "left", "pano_id": "SB6RWu4-Mv3yvR6We4x2Jg", "heading": 268.363, "poi_names": "สถาบันพลังจิตตานุภาพ", "categories": "amenity=school", "poi_count": 1 }, "geometry": { "type": "Point", "coordinates": [ 98.987130188367956, 18.780588419138283 ] } },
{ "type": "Feature", "properties": { "source": "sv", "poi_id": "4034_right", "poi_name": "Fuengfa Place", "category_raw": "tourism=guest_house", "category_std": "tourism_culture", "category_std_th": "ที่พัก การท่องเที่ยว และวัฒนธรรม", "category_sub": "tourism=guest_house", "category_sub_th": "เกสต์เฮาส์", "lat": 18.79207318239655, "lon": 98.978466351251953, "point_id": 4034, "side": "right", "pano_id": "Jm5gWcZb97wYYHptvGWozw", "heading": 356.586, "poi_names": "Fuengfa Place", "categories": "tourism=guest_house", "poi_count": 1 }, "geometry": { "type": "Point", "coordinates": [ 98.978466351251953, 18.79207318239655 ] } },
{ "type": "Feature", "properties": { "source": "sv", "poi_id": "4038_right", "poi_name": "Toyota", "category_raw": "shop=car_repair", "category_std": "personal_service_repair", "category_std_th": "บริการส่วนบุคคลและงานซ่อม", "category_sub": "shop=car_repair", "category_sub_th": "อู่ซ่อมรถยนต์", "lat": 18.788626106846809, "lon": 98.972328152278124, "point_id": 4038, "side": "right", "pano_id": "CtF1vmn2M-HUVOCgfBBaxg", "heading": 270.702, "poi_names": "Toyota", "categories": "shop=car_repair", "poi_count": 1 }, "geometry": { "type": "Point", "coordinates": [ 98.972328152278124, 18.788626106846809 ] } },
{ "type": "Feature", "properties": { "source": "sv", "poi_id": "4061_right", "poi_name": "พิม คอสเมด คลินิก", "category_raw": "amenity=clinic", "category_std": "health", "category_std_th": "สุขภาพและการแพทย์", "category_sub": "amenity=clinic", "category_sub_th": "คลินิก", "lat": 18.785021305290808, "lon": 98.972174658919116, "point_id": 4061, "side": "right", "pano_id": "lR5V2bLVno1vWpLLXYxhSQ", "heading": 186.867, "poi_names": "พิม คอสเมด คลินิก", "categories": "amenity=clinic", "poi_count": 1 }, "geometry": { "type": "Point", "coordinates": [ 98.972174658919116, 18.785021305290808 ] } },
{ "type": "Feature", "properties": { "source": "sv", "poi_id": "4078_right", "poi_name": "ธนาคารกรุงเทพ", "category_raw": "amenity=bank", "category_std": "finance_insurance", "category_std_th": "การเงินและประกันภัย", "category_sub": "amenity=bank", "category_sub_th": "ธนาคาร", "lat": 18.789654476847296, "lon": 98.965209209739243, "point_id": 4078, "side": "right", "pano_id": "lG1qZSTxhM1OMATpGSvAuQ", "heading": 96.689, "poi_names": "ธนาคารกรุงเทพ", "categories": "amenity=bank", "poi_count": 1 }, "geometry": { "type": "Point", "coordinates": [ 98.965209209739243, 18.789654476847296 ] } },
{ "type": "Feature", "properties": { "source": "sv", "poi_id": "4085_left", "poi_name": "Lipda Travel | นวดเพื่อสุขภาพ", "category_raw": "office=company, shop=massage", "category_std": "office_professional; personal_service_repair", "category_std_th": "สำนักงานและบริการวิชาชีพ; บริการส่วนบุคคลและงานซ่อม", "category_sub": "office=company, shop=massage", "category_sub_th": "บริษัท; ร้านนวด", "lat": 18.794373059804879, "lon": 98.992429807811433, "point_id": 4085, "side": "left", "pano_id": "guWNJp_W-kFq_rAnr3k66A", "heading": 91.865, "poi_names": "Lipda Travel | นวดเพื่อสุขภาพ", "categories": "office=company, shop=massage", "poi_count": 2 }, "geometry": { "type": "Point", "coordinates": [ 98.992429807811433, 18.794373059804879 ] } },
{ "type": "Feature", "properties": { "source": "sv", "poi_id": "4102_right", "poi_name": "Cafe", "category_raw": "amenity=cafe", "category_std": "food_beverage", "category_std_th": "อาหารและเครื่องดื่ม", "category_sub": "amenity=cafe", "category_sub_th": "ร้านกาแฟ", "lat": 18.781746347194776, "lon": 98.989756151485381, "point_id": 4102, "side": "right", "pano_id": "sW2yglB9XLVgdpSSoCCSUg", "heading": 269.586, "poi_names": "Cafe", "categories": "amenity=cafe", "poi_count": 1 }, "geometry": { "type": "Point", "coordinates": [ 98.989756151485381, 18.781746347194776 ] } },
{ "type": "Feature", "properties": { "source": "sv", "poi_id": "4125_left", "poi_name": "ก๋วยเตี๋ยวเรืออยุธยา", "category_raw": "amenity=restaurant", "category_std": "food_beverage", "category_std_th": "อาหารและเครื่องดื่ม", "category_sub": "amenity=restaurant", "category_sub_th": "ร้านอาหาร", "lat": 18.796889256728868, "lon": 98.970744639790965, "point_id": 4125, "side": "left", "pano_id": "4foSvw6eAn-l0CbAMvf_cg", "heading": 275.881, "poi_names": "ก๋วยเตี๋ยวเรืออยุธยา", "categories": "amenity=restaurant", "poi_count": 1 }, "geometry": { "type": "Point", "coordinates": [ 98.970744639790965, 18.796889256728868 ] } },
{ "type": "Feature", "properties": { "source": "sv", "poi_id": "4131_right", "poi_name": "ข้าวมันไก่โกยี", "category_raw": "amenity=restaurant", "category_std": "food_beverage", "category_std_th": "อาหารและเครื่องดื่ม", "category_sub": "amenity=restaurant", "category_sub_th": "ร้านอาหาร", "lat": 18.797804691434347, "lon": 98.971040240423079, "point_id": 4131, "side": "right", "pano_id": "PXcsn0UBNJxih2iJaYb_AA", "heading": 96.552, "poi_names": "ข้าวมันไก่โกยี", "categories": "amenity=restaurant", "poi_count": 1 }, "geometry": { "type": "Point", "coordinates": [ 98.971040240423079, 18.797804691434347 ] } },
{ "type": "Feature", "properties": { "source": "sv", "poi_id": "4185_left", "poi_name": "สยามทีวี | โมบาย ไอที", "category_raw": "shop=electronics, shop=mobile_phone", "category_std": "retail_commerce", "category_std_th": "การค้าปลีกและร้านค้า", "category_sub": "shop=electronics, shop=mobile_phone", "category_sub_th": "ร้านเครื่องใช้ไฟฟ้าและอิเล็กทรอนิกส์; ร้านโทรศัพท์มือถือ", "lat": 18.801668970087398, "lon": 98.982974189132719, "point_id": 4185, "side": "left", "pano_id": "P1kb6toPmQUzgIDzt2C7Ig", "heading": 271.884, "poi_names": "สยามทีวี | โมบาย ไอที", "categories": "shop=electronics, shop=mobile_phone", "poi_count": 2 }, "geometry": { "type": "Point", "coordinates": [ 98.982974189132719, 18.801668970087398 ] } },
{ "type": "Feature", "properties": { "source": "sv", "poi_id": "4191_left", "poi_name": "Daisy Eyelash", "category_raw": "shop=beauty", "category_std": "personal_service_repair", "category_std_th": "บริการส่วนบุคคลและงานซ่อม", "category_sub": "shop=beauty", "category_sub_th": "ร้านเสริมสวย", "lat": 18.80189208512769, "lon": 98.983980842771501, "point_id": 4191, "side": "left", "pano_id": "mmZcJyjgKZJ9GHL7oX_Rsw", "heading": 355.673, "poi_names": "Daisy Eyelash", "categories": "shop=beauty", "poi_count": 1 }, "geometry": { "type": "Point", "coordinates": [ 98.983980842771501, 18.80189208512769 ] } },
{ "type": "Feature", "properties": { "source": "sv", "poi_id": "4193_left", "poi_name": "Tops", "category_raw": "shop=supermarket", "category_std": "retail_commerce", "category_std_th": "การค้าปลีกและร้านค้า", "category_sub": "shop=supermarket", "category_sub_th": "ซูเปอร์มาร์เก็ต", "lat": 18.801902972958317, "lon": 98.984136427120006, "point_id": 4193, "side": "left", "pano_id": "YgUFwKd7PXWHnhbVQvc5Jw", "heading": 354.815, "poi_names": "Tops", "categories": "shop=supermarket", "poi_count": 1 }, "geometry": { "type": "Point", "coordinates": [ 98.984136427120006, 18.801902972958317 ] } },
{ "type": "Feature", "properties": { "source": "sv", "poi_id": "4197_left", "poi_name": "Tops", "category_raw": "shop=supermarket", "category_std": "retail_commerce", "category_std_th": "การค้าปลีกและร้านค้า", "category_sub": "shop=supermarket", "category_sub_th": "ซูเปอร์มาร์เก็ต", "lat": 18.801939037162512, "lon": 98.984656205673801, "point_id": 4197, "side": "left", "pano_id": "oPtrgJcz1WqLwN_bc4GUXA", "heading": 355.287, "poi_names": "Tops", "categories": "shop=supermarket", "poi_count": 1 }, "geometry": { "type": "Point", "coordinates": [ 98.984656205673801, 18.801939037162512 ] } },
{ "type": "Feature", "properties": { "source": "sv", "poi_id": "4205_left", "poi_name": "Mercure Hotel", "category_raw": "tourism=hotel", "category_std": "tourism_culture", "category_std_th": "ที่พัก การท่องเที่ยว และวัฒนธรรม", "category_sub": "tourism=hotel", "category_sub_th": "โรงแรม", "lat": 18.80201105791495, "lon": 98.98556347466176, "point_id": 4205, "side": "left", "pano_id": "NkQ9mRBw8xNk-UzrKh-FEw", "heading": 355.45, "poi_names": "Mercure Hotel", "categories": "tourism=hotel", "poi_count": 1 }, "geometry": { "type": "Point", "coordinates": [ 98.98556347466176, 18.80201105791495 ] } },
{ "type": "Feature", "properties": { "source": "sv", "poi_id": "4206_left", "poi_name": "Mercure", "category_raw": "tourism=hotel", "category_std": "tourism_culture", "category_std_th": "ที่พัก การท่องเที่ยว และวัฒนธรรม", "category_sub": "tourism=hotel", "category_sub_th": "โรงแรม", "lat": 18.802014292857599, "lon": 98.985610851512703, "point_id": 4206, "side": "left", "pano_id": "8sFpju76vePaaT7EX1y89A", "heading": 358.098, "poi_names": "Mercure", "categories": "tourism=hotel", "poi_count": 1 }, "geometry": { "type": "Point", "coordinates": [ 98.985610851512703, 18.802014292857599 ] } },
{ "type": "Feature", "properties": { "source": "sv", "poi_id": "4208_right", "poi_name": "โรงเรียนเทศบาลวัดเชียงยืน", "category_raw": "amenity=school", "category_std": "education_religion", "category_std_th": "การศึกษาและศาสนา", "category_sub": "amenity=school", "category_sub_th": "โรงเรียน", "lat": 18.796410332078203, "lon": 98.989689453564623, "point_id": 4208, "side": "right", "pano_id": "kGFxFW7QDtkdL1vadLfiNw", "heading": 0.878, "poi_names": "โรงเรียนเทศบาลวัดเชียงยืน", "categories": "amenity=school", "poi_count": 1 }, "geometry": { "type": "Point", "coordinates": [ 98.989689453564623, 18.796410332078203 ] } },
{ "type": "Feature", "properties": { "source": "sv", "poi_id": "4252_left", "poi_name": "ร้านขายแกะไก่", "category_raw": "amenity=restaurant", "category_std": "food_beverage", "category_std_th": "อาหารและเครื่องดื่ม", "category_sub": "amenity=restaurant", "category_sub_th": "ร้านอาหาร", "lat": 18.80239783780014, "lon": 98.987936822514683, "point_id": 4252, "side": "left", "pano_id": "3kIfGDRPZdRB00TUafluyA", "heading": 276.89, "poi_names": "ร้านขายแกะไก่", "categories": "amenity=restaurant", "poi_count": 1 }, "geometry": { "type": "Point", "coordinates": [ 98.987936822514683, 18.80239783780014 ] } },
{ "type": "Feature", "properties": { "source": "sv", "poi_id": "4258_left", "poi_name": "Sasi Home", "category_raw": "tourism=guest_house", "category_std": "tourism_culture", "category_std_th": "ที่พัก การท่องเที่ยว และวัฒนธรรม", "category_sub": "tourism=guest_house", "category_sub_th": "เกสต์เฮาส์", "lat": 18.80334760931428, "lon": 98.987965148152639, "point_id": 4258, "side": "left", "pano_id": "QWuhbRW2vUskMb20tBEfDA", "heading": 269.118, "poi_names": "Sasi Home", "categories": "tourism=guest_house", "poi_count": 1 }, "geometry": { "type": "Point", "coordinates": [ 98.987965148152639, 18.80334760931428 ] } },
{ "type": "Feature", "properties": { "source": "sv", "poi_id": "4329_left", "poi_name": "ชา ปาตี", "category_raw": "amenity=cafe", "category_std": "food_beverage", "category_std_th": "อาหารและเครื่องดื่ม", "category_sub": "amenity=cafe", "category_sub_th": "ร้านกาแฟ", "lat": 18.777989052560489, "lon": 98.998446721426959, "point_id": 4329, "side": "left", "pano_id": "YOioOUGc2uMZ40Af9kaCrQ", "heading": 122.806, "poi_names": "ชา ปาตี", "categories": "amenity=cafe", "poi_count": 1 }, "geometry": { "type": "Point", "coordinates": [ 98.998446721426959, 18.777989052560489 ] } },
{ "type": "Feature", "properties": { "source": "sv", "poi_id": "4336_right", "poi_name": "ศาลเจ้าแม่ทับทิม", "category_raw": "amenity=place_of_worship", "category_std": "education_religion", "category_std_th": "การศึกษาและศาสนา", "category_sub": "amenity=place_of_worship", "category_sub_th": "ศาสนสถาน", "lat": 18.777198413141157, "lon": 98.9976612921716, "point_id": 4336, "side": "right", "pano_id": "Uy-wIWbRj-AS1Cn_mzPSrw", "heading": 303.919, "poi_names": "ศาลเจ้าแม่ทับทิม", "categories": "amenity=place_of_worship", "poi_count": 1 }, "geometry": { "type": "Point", "coordinates": [ 98.9976612921716, 18.777198413141157 ] } },
{ "type": "Feature", "properties": { "source": "sv", "poi_id": "4337_right", "poi_name": "the common laundry", "category_raw": "shop=yes", "category_std": "retail_commerce", "category_std_th": "การค้าปลีกและร้านค้า", "category_sub": "shop=yes", "category_sub_th": "ร้านค้าไม่ระบุประเภทย่อย", "lat": 18.777048413141959, "lon": 98.997555292241245, "point_id": 4337, "side": "right", "pano_id": "AVmtR88h7HZpsYd9zr1vnw", "heading": 303.919, "poi_names": "the common laundry", "categories": "shop=yes", "poi_count": 1 }, "geometry": { "type": "Point", "coordinates": [ 98.997555292241245, 18.777048413141959 ] } },
{ "type": "Feature", "properties": { "source": "sv", "poi_id": "4350_left", "poi_name": "ร้านขายยา", "category_raw": "amenity=pharmacy", "category_std": "health", "category_std_th": "สุขภาพและการแพทย์", "category_sub": "amenity=pharmacy", "category_sub_th": "ร้านขายยา", "lat": 18.772900737173423, "lon": 98.993885345400713, "point_id": 4350, "side": "left", "pano_id": "jgOH64YjHAKGPukx3YDbfQ", "heading": 273.641, "poi_names": "ร้านขายยา", "categories": "amenity=pharmacy", "poi_count": 1 }, "geometry": { "type": "Point", "coordinates": [ 98.993885345400713, 18.772900737173423 ] } },
{ "type": "Feature", "properties": { "source": "sv", "poi_id": "4364_left", "poi_name": "NBT North", "category_raw": "office=government", "category_std": "office_professional", "category_std_th": "สำนักงานและบริการวิชาชีพ", "category_sub": "office=government", "category_sub_th": "หน่วยงานราชการ", "lat": 18.774272861138243, "lon": 98.994881977062079, "point_id": 4364, "side": "left", "pano_id": "PcGIjr2e3BiTUT7wSXD2xw", "heading": 315.885, "poi_names": "NBT North", "categories": "office=government", "poi_count": 1 }, "geometry": { "type": "Point", "coordinates": [ 98.994881977062079, 18.774272861138243 ] } },
{ "type": "Feature", "properties": { "source": "sv", "poi_id": "4432_right", "poi_name": "Laundry | เจ้เอ", "category_raw": "shop=yes", "category_std": "retail_commerce", "category_std_th": "การค้าปลีกและร้านค้า", "category_sub": "shop=yes", "category_sub_th": "ร้านค้าไม่ระบุประเภทย่อย", "lat": 18.782949629592192, "lon": 98.992401384475116, "point_id": 4432, "side": "right", "pano_id": "JMPm2nM8fy1j4zre1-bJBg", "heading": 11.176, "poi_names": "Laundry | เจ้เอ", "categories": "shop=yes", "poi_count": 2 }, "geometry": { "type": "Point", "coordinates": [ 98.992401384475116, 18.782949629592192 ] } },
{ "type": "Feature", "properties": { "source": "sv", "poi_id": "4441_right", "poi_name": "Sathu Hotel", "category_raw": "tourism=hotel", "category_std": "tourism_culture", "category_std_th": "ที่พัก การท่องเที่ยว และวัฒนธรรม", "category_sub": "tourism=hotel", "category_sub_th": "โรงแรม", "lat": 18.783504148102857, "lon": 98.990007780166167, "point_id": 4441, "side": "right", "pano_id": "2JZbeOtJTGBmfG4BQKmAHw", "heading": 12.655, "poi_names": "Sathu Hotel", "categories": "tourism=hotel", "poi_count": 1 }, "geometry": { "type": "Point", "coordinates": [ 98.990007780166167, 18.783504148102857 ] } },
{ "type": "Feature", "properties": { "source": "sv", "poi_id": "4448_left", "poi_name": "ร้านหนังสือ ดวงกมล เชียงใหม่", "category_raw": "shop=yes", "category_std": "retail_commerce", "category_std_th": "การค้าปลีกและร้านค้า", "category_sub": "shop=yes", "category_sub_th": "ร้านค้าไม่ระบุประเภทย่อย", "lat": 18.784231813545109, "lon": 98.994051462157103, "point_id": 4448, "side": "left", "pano_id": "3GYHaRpFPodM0kiuQqUCwA", "heading": 95.199, "poi_names": "ร้านหนังสือ ดวงกมล เชียงใหม่", "categories": "shop=yes", "poi_count": 1 }, "geometry": { "type": "Point", "coordinates": [ 98.994051462157103, 18.784231813545109 ] } },
{ "type": "Feature", "properties": { "source": "sv", "poi_id": "4458_right", "poi_name": "เมืองไทยทรัพย์ทวี", "category_raw": "shop=yes", "category_std": "retail_commerce", "category_std_th": "การค้าปลีกและร้านค้า", "category_sub": "shop=yes", "category_sub_th": "ร้านค้าไม่ระบุประเภทย่อย", "lat": 18.788388330954096, "lon": 98.980236209787776, "point_id": 4458, "side": "right", "pano_id": "nnUSo1q_kbUPl_C9eWcUhA", "heading": 272.113, "poi_names": "เมืองไทยทรัพย์ทวี", "categories": "shop=yes", "poi_count": 1 }, "geometry": { "type": "Point", "coordinates": [ 98.980236209787776, 18.788388330954096 ] } },
{ "type": "Feature", "properties": { "source": "sv", "poi_id": "4497_left", "poi_name": "Royal Guesthouse", "category_raw": "tourism=guest_house", "category_std": "tourism_culture", "category_std_th": "ที่พัก การท่องเที่ยว และวัฒนธรรม", "category_sub": "tourism=guest_house", "category_sub_th": "เกสต์เฮาส์", "lat": 18.783605659493571, "lon": 98.993304322914341, "point_id": 4497, "side": "left", "pano_id": "TBgQvZ4qJSc3yBw2ifr3Qg", "heading": 180.409, "poi_names": "Royal Guesthouse", "categories": "tourism=guest_house", "poi_count": 1 }, "geometry": { "type": "Point", "coordinates": [ 98.993304322914341, 18.783605659493571 ] } },
{ "type": "Feature", "properties": { "source": "sv", "poi_id": "4524_left", "poi_name": "Lynn House", "category_raw": "tourism=guest_house", "category_std": "tourism_culture", "category_std_th": "ที่พัก การท่องเที่ยว และวัฒนธรรม", "category_sub": "tourism=guest_house", "category_sub_th": "เกสต์เฮาส์", "lat": 18.783577201744443, "lon": 98.996706207570895, "point_id": 4524, "side": "left", "pano_id": "5b3zVxRfbfQN4cUXIQ7Wcg", "heading": 272.031, "poi_names": "Lynn House", "categories": "tourism=guest_house", "poi_count": 1 }, "geometry": { "type": "Point", "coordinates": [ 98.996706207570895, 18.783577201744443 ] } },
{ "type": "Feature", "properties": { "source": "sv", "poi_id": "4606_right", "poi_name": "น้องเจียบ ค้าส่ง", "category_raw": "shop=yes", "category_std": "retail_commerce", "category_std_th": "การค้าปลีกและร้านค้า", "category_sub": "shop=yes", "category_sub_th": "ร้านค้าไม่ระบุประเภทย่อย", "lat": 18.772496447881249, "lon": 98.996868264095596, "point_id": 4606, "side": "right", "pano_id": "9pHg9GOYNi1HxCBXiOU1yw", "heading": 114.561, "poi_names": "น้องเจียบ ค้าส่ง", "categories": "shop=yes", "poi_count": 1 }, "geometry": { "type": "Point", "coordinates": [ 98.996868264095596, 18.772496447881249 ] } },
{ "type": "Feature", "properties": { "source": "sv", "poi_id": "4626_left", "poi_name": "อาลีเป็ดย่าง", "category_raw": "amenity=restaurant", "category_std": "food_beverage", "category_std_th": "อาหารและเครื่องดื่ม", "category_sub": "amenity=restaurant", "category_sub_th": "ร้านอาหาร", "lat": 18.773920125087479, "lon": 98.998346264204955, "point_id": 4626, "side": "left", "pano_id": "X5ctGM3nNKbbAP9Axrp30g", "heading": 316.126, "poi_names": "อาลีเป็ดย่าง", "categories": "amenity=restaurant", "poi_count": 1 }, "geometry": { "type": "Point", "coordinates": [ 98.998346264204955, 18.773920125087479 ] } },
{ "type": "Feature", "properties": { "source": "sv", "poi_id": "4627_left", "poi_name": "ไทยพัฒนา", "category_raw": "office=company", "category_std": "office_professional", "category_std_th": "สำนักงานและบริการวิชาชีพ", "category_sub": "office=company", "category_sub_th": "บริษัท", "lat": 18.774045125086609, "lon": 98.998483264156505, "point_id": 4627, "side": "left", "pano_id": "n1E5EMSzLDbgE7GuqNN2BQ", "heading": 316.126, "poi_names": "ไทยพัฒนา", "categories": "office=company", "poi_count": 1 }, "geometry": { "type": "Point", "coordinates": [ 98.998483264156505, 18.774045125086609 ] } },
{ "type": "Feature", "properties": { "source": "sv", "poi_id": "4663_right", "poi_name": "mini", "category_raw": "shop=convenience", "category_std": "retail_commerce", "category_std_th": "การค้าปลีกและร้านค้า", "category_sub": "shop=convenience", "category_sub_th": "ร้านสะดวกซื้อ", "lat": 18.774187429569167, "lon": 98.989931121997799, "point_id": 4663, "side": "right", "pano_id": "ZwkQj4ybS8Ode3BN1LfNSQ", "heading": 163.384, "poi_names": "mini", "categories": "shop=convenience", "poi_count": 1 }, "geometry": { "type": "Point", "coordinates": [ 98.989931121997799, 18.774187429569167 ] } },
{ "type": "Feature", "properties": { "source": "sv", "poi_id": "4666_left", "poi_name": "เอ็ม เค | มิราเคิล คอฟฟี่", "category_raw": "amenity=restaurant, amenity=cafe", "category_std": "food_beverage", "category_std_th": "อาหารและเครื่องดื่ม", "category_sub": "amenity=restaurant, amenity=cafe", "category_sub_th": "ร้านอาหาร; ร้านกาแฟ", "lat": 18.774497887127545, "lon": 98.990266935457882, "point_id": 4666, "side": "left", "pano_id": "Agq8hu4_ITYW2sDMpS_x0Q", "heading": 335.013, "poi_names": "เอ็ม เค | มิราเคิล คอฟฟี่", "categories": "amenity=restaurant, amenity=cafe", "poi_count": 2 }, "geometry": { "type": "Point", "coordinates": [ 98.990266935457882, 18.774497887127545 ] } },
{ "type": "Feature", "properties": { "source": "sv", "poi_id": "4666_right", "poi_name": "go fresh", "category_raw": "shop=convenience", "category_std": "retail_commerce", "category_std_th": "การค้าปลีกและร้านค้า", "category_sub": "shop=convenience", "category_sub_th": "ร้านสะดวกซื้อ", "lat": 18.774334112863151, "lon": 98.990347064503439, "point_id": 4666, "side": "right", "pano_id": "Agq8hu4_ITYW2sDMpS_x0Q", "heading": 155.013, "poi_names": "go fresh", "categories": "shop=convenience", "poi_count": 1 }, "geometry": { "type": "Point", "coordinates": [ 98.990347064503439, 18.774334112863151 ] } },
{ "type": "Feature", "properties": { "source": "sv", "poi_id": "4670_left", "poi_name": "แก ข้าวขาหมู", "category_raw": "amenity=restaurant", "category_std": "food_beverage", "category_std_th": "อาหารและเครื่องดื่ม", "category_sub": "amenity=restaurant", "category_sub_th": "ร้านอาหาร", "lat": 18.774779762818699, "lon": 98.990862494351717, "point_id": 4670, "side": "left", "pano_id": "GRUKzBSuzDhCmqVUBqXS3Q", "heading": 333.375, "poi_names": "แก ข้าวขาหมู", "categories": "amenity=restaurant", "poi_count": 1 }, "geometry": { "type": "Point", "coordinates": [ 98.990862494351717, 18.774779762818699 ] } },
{ "type": "Feature", "properties": { "source": "sv", "poi_id": "4671_right", "poi_name": "หมวยส้มตำ | กบขาวเมือง", "category_raw": "amenity=restaurant", "category_std": "food_beverage", "category_std_th": "อาหารและเครื่องดื่ม", "category_sub": "amenity=restaurant", "category_sub_th": "ร้านอาหาร", "lat": 18.774699237171632, "lon": 98.991116505628099, "point_id": 4671, "side": "right", "pano_id": "2BqBNGTyTpcKxHwYh_W-_g", "heading": 153.375, "poi_names": "หมวยส้มตำ | กบขาวเมือง", "categories": "amenity=restaurant", "poi_count": 2 }, "geometry": { "type": "Point", "coordinates": [ 98.991116505628099, 18.774699237171632 ] } },
{ "type": "Feature", "properties": { "source": "sv", "poi_id": "4675_left", "poi_name": "วิทยาลัยนาฏศิลป สถาบันบัณฑิตพัฒนศิลป์", "category_raw": "amenity=university", "category_std": "education_religion", "category_std_th": "การศึกษาและศาสนา", "category_sub": "amenity=university", "category_sub_th": "มหาวิทยาลัย", "lat": 18.775099962612632, "lon": 98.991511858244237, "point_id": 4675, "side": "left", "pano_id": "TOEbeV5gaD6dtY2QqzI04w", "heading": 332.264, "poi_names": "วิทยาลัยนาฏศิลป สถาบันบัณฑิตพัฒนศิลป์", "categories": "amenity=university", "poi_count": 1 }, "geometry": { "type": "Point", "coordinates": [ 98.991511858244237, 18.775099962612632 ] } },
{ "type": "Feature", "properties": { "source": "sv", "poi_id": "4689_left", "poi_name": "ตัดผมชาย", "category_raw": "shop=hairdresser", "category_std": "personal_service_repair", "category_std_th": "บริการส่วนบุคคลและงานซ่อม", "category_sub": "shop=hairdresser", "category_sub_th": "ร้านทำผม", "lat": 18.77659788511038, "lon": 98.992984571259456, "point_id": 4689, "side": "left", "pano_id": "1tCmtJAkjstaYfAJe-9ULw", "heading": 302.008, "poi_names": "ตัดผมชาย", "categories": "shop=hairdresser", "poi_count": 1 }, "geometry": { "type": "Point", "coordinates": [ 98.992984571259456, 18.77659788511038 ] } },
{ "type": "Feature", "properties": { "source": "sv", "poi_id": "4720_left", "poi_name": "วีริยะ เฮ้าส์", "category_raw": "tourism=guest_house", "category_std": "tourism_culture", "category_std_th": "ที่พัก การท่องเที่ยว และวัฒนธรรม", "category_sub": "tourism=guest_house", "category_sub_th": "เกสต์เฮาส์", "lat": 18.779136804028383, "lon": 98.989978815798096, "point_id": 4720, "side": "left", "pano_id": "bQq532SCz5qBY8K_jswFuQ", "heading": 164.833, "poi_names": "วีริยะ เฮ้าส์", "categories": "tourism=guest_house", "poi_count": 1 }, "geometry": { "type": "Point", "coordinates": [ 98.989978815798096, 18.779136804028383 ] } },
{ "type": "Feature", "properties": { "source": "sv", "poi_id": "4739_right", "poi_name": "แนท อิเล็กทรอนิกส์", "category_raw": "shop=electronics", "category_std": "retail_commerce", "category_std_th": "การค้าปลีกและร้านค้า", "category_sub": "shop=electronics", "category_sub_th": "ร้านเครื่องใช้ไฟฟ้าและอิเล็กทรอนิกส์", "lat": 18.786774414995023, "lon": 99.008818851816343, "point_id": 4739, "side": "right", "pano_id": "PdYd1AdCqq-IpjirAJO4hQ", "heading": 90.371, "poi_names": "แนท อิเล็กทรอนิกส์", "categories": "shop=electronics", "poi_count": 1 }, "geometry": { "type": "Point", "coordinates": [ 99.008818851816343, 18.786774414995023 ] } },
{ "type": "Feature", "properties": { "source": "sv", "poi_id": "4740_right", "poi_name": "มาอิสคทรอนิคส์", "category_raw": "shop=electronics", "category_std": "retail_commerce", "category_std_th": "การค้าปลีกและร้านค้า", "category_sub": "shop=electronics", "category_sub_th": "ร้านเครื่องใช้ไฟฟ้าและอิเล็กทรอนิกส์", "lat": 18.78691088611146, "lon": 99.008819849318257, "point_id": 4740, "side": "right", "pano_id": "jOkz6uk2akki0OnbAZ8m_Q", "heading": 89.438, "poi_names": "มาอิสคทรอนิคส์", "categories": "shop=electronics", "poi_count": 1 }, "geometry": { "type": "Point", "coordinates": [ 99.008819849318257, 18.78691088611146 ] } },
{ "type": "Feature", "properties": { "source": "sv", "poi_id": "4769_left", "poi_name": "สหกรณ์ออมทรัพย์มณฑลทหารบกที่ 33 จำกัด", "category_raw": "office=financial", "category_std": "finance_insurance", "category_std_th": "การเงินและประกันภัย", "category_sub": "office=financial", "category_sub_th": "บริการทางการเงิน", "lat": 18.785309837427075, "lon": 99.009623434506366, "point_id": 4769, "side": "left", "pano_id": "oheLmHMBfSac76kKKma5_w", "heading": 210.097, "poi_names": "สหกรณ์ออมทรัพย์มณฑลทหารบกที่ 33 จำกัด", "categories": "office=financial", "poi_count": 1 }, "geometry": { "type": "Point", "coordinates": [ 99.009623434506366, 18.785309837427075 ] } },
{ "type": "Feature", "properties": { "source": "sv", "poi_id": "4771_right", "poi_name": "หมูอินเตอร์", "category_raw": "shop=yes", "category_std": "retail_commerce", "category_std_th": "การค้าปลีกและร้านค้า", "category_sub": "shop=yes", "category_sub_th": "ร้านค้าไม่ระบุประเภทย่อย", "lat": 18.785615179415959, "lon": 99.009472599818181, "point_id": 4771, "side": "right", "pano_id": "x7aKN1rRYK0x96wY0A8JiA", "heading": 33.679, "poi_names": "หมูอินเตอร์", "categories": "shop=yes", "poi_count": 1 }, "geometry": { "type": "Point", "coordinates": [ 99.009472599818181, 18.785615179415959 ] } },
{ "type": "Feature", "properties": { "source": "sv", "poi_id": "4773_left", "poi_name": "สมอาจ", "category_raw": "shop=yes", "category_std": "retail_commerce", "category_std_th": "การค้าปลีกและร้านค้า", "category_sub": "shop=yes", "category_sub_th": "ร้านค้าไม่ระบุประเภทย่อย", "lat": 18.78558881532372, "lon": 99.009171408456126, "point_id": 4773, "side": "left", "pano_id": "yWzUdvz7wLdyotbGHzBlmQ", "heading": 213.673, "poi_names": "สมอาจ", "categories": "shop=yes", "poi_count": 1 }, "geometry": { "type": "Point", "coordinates": [ 99.009171408456126, 18.78558881532372 ] } },
{ "type": "Feature", "properties": { "source": "sv", "poi_id": "4776_right", "poi_name": "สยามทีวี", "category_raw": "shop=electronics", "category_std": "retail_commerce", "category_std_th": "การค้าปลีกและร้านค้า", "category_sub": "shop=electronics", "category_sub_th": "ร้านเครื่องใช้ไฟฟ้าและอิเล็กทรอนิกส์", "lat": 18.786008899221908, "lon": 99.008845923475235, "point_id": 4776, "side": "right", "pano_id": "xKIbu21rFMt4fry43lwsQA", "heading": 49.311, "poi_names": "สยามทีวี", "categories": "shop=electronics", "poi_count": 1 }, "geometry": { "type": "Point", "coordinates": [ 99.008845923475235, 18.786008899221908 ] } },
{ "type": "Feature", "properties": { "source": "sv", "poi_id": "4788_left", "poi_name": "อ้อยบาร์เบอร์", "category_raw": "shop=hairdresser", "category_std": "personal_service_repair", "category_std_th": "บริการส่วนบุคคลและงานซ่อม", "category_sub": "shop=hairdresser", "category_sub_th": "ร้านทำผม", "lat": 18.785792927092459, "lon": 99.012676280609156, "point_id": 4788, "side": "left", "pano_id": "MzI8P4aMHVy0HCKfwDx59A", "heading": 278.868, "poi_names": "อ้อยบาร์เบอร์", "categories": "shop=hairdresser", "poi_count": 1 }, "geometry": { "type": "Point", "coordinates": [ 99.012676280609156, 18.785792927092459 ] } },
{ "type": "Feature", "properties": { "source": "sv", "poi_id": "4857_left", "poi_name": "Fastmol Auto Service", "category_raw": "shop=car_repair", "category_std": "personal_service_repair", "category_std_th": "บริการส่วนบุคคลและงานซ่อม", "category_sub": "shop=car_repair", "category_sub_th": "อู่ซ่อมรถยนต์", "lat": 18.782745245787641, "lon": 99.015666736667157, "point_id": 4857, "side": "left", "pano_id": "VXzc0c4ZizGMzMi-Eie_gg", "heading": 8.938, "poi_names": "Fastmol Auto Service", "categories": "shop=car_repair", "poi_count": 1 }, "geometry": { "type": "Point", "coordinates": [ 99.015666736667157, 18.782745245787641 ] } },
{ "type": "Feature", "properties": { "source": "sv", "poi_id": "4859_right", "poi_name": "นภัสนันห์ ข้าวเหนียวเขียวงู", "category_raw": "amenity=restaurant", "category_std": "food_beverage", "category_std_th": "อาหารและเครื่องดื่ม", "category_sub": "amenity=restaurant", "category_sub_th": "ร้านอาหาร", "lat": 18.782521984343603, "lon": 99.015911801555859, "point_id": 4859, "side": "right", "pano_id": "nh1DLqilkPPrWihqjXRCgQ", "heading": 189.833, "poi_names": "นภัสนันห์ ข้าวเหนียวเขียวงู", "categories": "amenity=restaurant", "poi_count": 1 }, "geometry": { "type": "Point", "coordinates": [ 99.015911801555859, 18.782521984343603 ] } },
{ "type": "Feature", "properties": { "source": "sv", "poi_id": "4880_right", "poi_name": "โรงเรียนจิตราวิทยา", "category_raw": "amenity=school", "category_std": "education_religion", "category_std_th": "การศึกษาและศาสนา", "category_sub": "amenity=school", "category_sub_th": "โรงเรียน", "lat": 18.774198508576017, "lon": 99.014365144143156, "point_id": 4880, "side": "right", "pano_id": "OOmXqzma6DU--FE2jDAGfg", "heading": 284.427, "poi_names": "โรงเรียนจิตราวิทยา", "categories": "amenity=school", "poi_count": 1 }, "geometry": { "type": "Point", "coordinates": [ 99.014365144143156, 18.774198508576017 ] } },
{ "type": "Feature", "properties": { "source": "sv", "poi_id": "4890_left", "poi_name": "รางน้ำฝนปา&ควีน", "category_raw": "shop=yes", "category_std": "retail_commerce", "category_std_th": "การค้าปลีกและร้านค้า", "category_sub": "shop=yes", "category_sub_th": "ร้านค้าไม่ระบุประเภทย่อย", "lat": 18.770357839103053, "lon": 99.014944399086744, "point_id": 4890, "side": "left", "pano_id": "dQFxfWIGJ9yUaFPZZpJwbg", "heading": 296.875, "poi_names": "รางน้ำฝนปา&ควีน", "categories": "shop=yes", "poi_count": 1 }, "geometry": { "type": "Point", "coordinates": [ 99.014944399086744, 18.770357839103053 ] } },
{ "type": "Feature", "properties": { "source": "sv", "poi_id": "4902_left", "poi_name": "ก๋วยเตี๋ยวไก่เชียงใหม่", "category_raw": "amenity=restaurant", "category_std": "food_beverage", "category_std_th": "อาหารและเครื่องดื่ม", "category_sub": "amenity=restaurant", "category_sub_th": "ร้านอาหาร", "lat": 18.772000238236217, "lon": 99.015548549623617, "point_id": 4902, "side": "left", "pano_id": "cf5giTwFBrKker4BFqeLIg", "heading": 275.232, "poi_names": "ก๋วยเตี๋ยวไก่เชียงใหม่", "categories": "amenity=restaurant", "poi_count": 1 }, "geometry": { "type": "Point", "coordinates": [ 99.015548549623617, 18.772000238236217 ] } },
{ "type": "Feature", "properties": { "source": "sv", "poi_id": "4955_left", "poi_name": "Gymkhana", "category_raw": "leisure=sports_centre", "category_std": "sport_recreation", "category_std_th": "กีฬาและนันทนาการ", "category_sub": "leisure=sports_centre", "category_sub_th": "ศูนย์กีฬา", "lat": 18.770008513463548, "lon": 99.014683921733578, "point_id": 4955, "side": "left", "pano_id": "0BixcDjv3sIGNduaJox40g", "heading": 208.378, "poi_names": "Gymkhana", "categories": "leisure=sports_centre", "poi_count": 1 }, "geometry": { "type": "Point", "coordinates": [ 99.014683921733578, 18.770008513463548 ] } },
{ "type": "Feature", "properties": { "source": "sv", "poi_id": "5072_right", "poi_name": "แฟ ปะทีป", "category_raw": "amenity=cafe", "category_std": "food_beverage", "category_std_th": "อาหารและเครื่องดื่ม", "category_sub": "amenity=cafe", "category_sub_th": "ร้านกาแฟ", "lat": 18.781448462280689, "lon": 99.022949520105357, "point_id": 5072, "side": "right", "pano_id": "2wPva20MXJvSod5C827Z-g", "heading": 94.786, "poi_names": "แฟ ปะทีป", "categories": "amenity=cafe", "poi_count": 1 }, "geometry": { "type": "Point", "coordinates": [ 99.022949520105357, 18.781448462280689 ] } },
{ "type": "Feature", "properties": { "source": "sv", "poi_id": "5136_left", "poi_name": "โรงแรมโอตัสปางสวนแก้ว", "category_raw": "tourism=hotel", "category_std": "tourism_culture", "category_std_th": "ที่พัก การท่องเที่ยว และวัฒนธรรม", "category_sub": "tourism=hotel", "category_sub_th": "โรงแรม", "lat": 18.797411395143929, "lon": 98.974976003531538, "point_id": 5136, "side": "left", "pano_id": "SU8qjPRPG4bbV0h3Uwh_tg", "heading": 163.461, "poi_names": "โรงแรมโอตัสปางสวนแก้ว", "categories": "tourism=hotel", "poi_count": 1 }, "geometry": { "type": "Point", "coordinates": [ 98.974976003531538, 18.797411395143929 ] } },
{ "type": "Feature", "properties": { "source": "sv", "poi_id": "5144_right", "poi_name": "ตกดี มาดอล | qalee massage", "category_raw": "shop=massage", "category_std": "personal_service_repair", "category_std_th": "บริการส่วนบุคคลและงานซ่อม", "category_sub": "shop=massage", "category_sub_th": "ร้านนวด", "lat": 18.79516301424848, "lon": 98.971687620937303, "point_id": 5144, "side": "right", "pano_id": "jSLgxdQTPwfz1GDDGlVU6w", "heading": 189.943, "poi_names": "ตกดี มาดอล | qalee massage", "categories": "shop=massage", "poi_count": 2 }, "geometry": { "type": "Point", "coordinates": [ 98.971687620937303, 18.79516301424848 ] } },
{ "type": "Feature", "properties": { "source": "sv", "poi_id": "5156_left", "poi_name": "friends and family hostel", "category_raw": "tourism=hostel", "category_std": "tourism_culture", "category_std_th": "ที่พัก การท่องเที่ยว และวัฒนธรรม", "category_sub": "tourism=hostel", "category_sub_th": "โฮสเทล", "lat": 18.795015025749866, "lon": 98.973624137646766, "point_id": 5156, "side": "left", "pano_id": "oFdplt2c0_-HZcxkNn28uw", "heading": 9.795, "poi_names": "friends and family hostel", "categories": "tourism=hostel", "poi_count": 1 }, "geometry": { "type": "Point", "coordinates": [ 98.973624137646766, 18.795015025749866 ] } },
{ "type": "Feature", "properties": { "source": "sv", "poi_id": "5172_left", "poi_name": "Thai Food", "category_raw": "amenity=restaurant", "category_std": "food_beverage", "category_std_th": "อาหารและเครื่องดื่ม", "category_sub": "amenity=restaurant", "category_sub_th": "ร้านอาหาร", "lat": 18.796004144925924, "lon": 98.971841856598843, "point_id": 5172, "side": "left", "pano_id": "KeLqD92F0qStg3L92xLVSg", "heading": 190.412, "poi_names": "Thai Food", "categories": "amenity=restaurant", "poi_count": 1 }, "geometry": { "type": "Point", "coordinates": [ 98.971841856598843, 18.796004144925924 ] } },
{ "type": "Feature", "properties": { "source": "sv", "poi_id": "5196_left", "poi_name": "โรงเรียนดนตรีสันติสกา | บีทู นิมมาน", "category_raw": "amenity=school, tourism=hotel", "category_std": "education_religion; tourism_culture", "category_std_th": "การศึกษาและศาสนา; ที่พัก การท่องเที่ยว และวัฒนธรรม", "category_sub": "amenity=school, tourism=hotel", "category_sub_th": "โรงเรียน; โรงแรม", "lat": 18.795732051807796, "lon": 98.970828397519057, "point_id": 5196, "side": "left", "pano_id": "EGi--l-og86ws-PKKrqyrQ", "heading": 190.08, "poi_names": "โรงเรียนดนตรีสันติสกา | บีทู นิมมาน", "categories": "amenity=school, tourism=hotel", "poi_count": 2 }, "geometry": { "type": "Point", "coordinates": [ 98.970828397519057, 18.795732051807796 ] } },
{ "type": "Feature", "properties": { "source": "sv", "poi_id": "5222_left", "poi_name": "บุรีศิริ", "category_raw": "tourism=hotel", "category_std": "tourism_culture", "category_std_th": "ที่พัก การท่องเที่ยว และวัฒนธรรม", "category_sub": "tourism=hotel", "category_sub_th": "โรงแรม", "lat": 18.794515173831559, "lon": 98.971162660346366, "point_id": 5222, "side": "left", "pano_id": "mStzKvvfI7P5XPi_w5xe0g", "heading": 12.58, "poi_names": "บุรีศิริ", "categories": "tourism=hotel", "poi_count": 1 }, "geometry": { "type": "Point", "coordinates": [ 98.971162660346366, 18.794515173831559 ] } },
{ "type": "Feature", "properties": { "source": "sv", "poi_id": "5237_right", "poi_name": "จักษุ", "category_raw": "amenity=clinic", "category_std": "health", "category_std_th": "สุขภาพและการแพทย์", "category_sub": "amenity=clinic", "category_sub_th": "คลินิก", "lat": 18.79391420488945, "lon": 98.970956632183842, "point_id": 5237, "side": "right", "pano_id": "7GiO6WrxcMrsbMpa_F3PWA", "heading": 193.639, "poi_names": "จักษุ", "categories": "amenity=clinic", "poi_count": 1 }, "geometry": { "type": "Point", "coordinates": [ 98.970956632183842, 18.79391420488945 ] } },
{ "type": "Feature", "properties": { "source": "sv", "poi_id": "5255_left", "poi_name": "มนตรี ถ่ายเอกสาร", "category_raw": "shop=yes", "category_std": "retail_commerce", "category_std_th": "การค้าปลีกและร้านค้า", "category_sub": "shop=yes", "category_sub_th": "ร้านค้าไม่ระบุประเภทย่อย", "lat": 18.793546354714049, "lon": 98.971545217877846, "point_id": 5255, "side": "left", "pano_id": "JdGj_xNhW4VfxPS984Zlzw", "heading": 29.853, "poi_names": "มนตรี ถ่ายเอกสาร", "categories": "shop=yes", "poi_count": 1 }, "geometry": { "type": "Point", "coordinates": [ 98.971545217877846, 18.793546354714049 ] } },
{ "type": "Feature", "properties": { "source": "sv", "poi_id": "5300_left", "poi_name": "บาร์", "category_raw": "amenity=bar", "category_std": "food_beverage", "category_std_th": "อาหารและเครื่องดื่ม", "category_sub": "amenity=bar", "category_sub_th": "บาร์", "lat": 18.793484442231357, "lon": 98.967554354238757, "point_id": 5300, "side": "left", "pano_id": "JjpGrni34X2rYTjh-HcNbQ", "heading": 11.773, "poi_names": "บาร์", "categories": "amenity=bar", "poi_count": 1 }, "geometry": { "type": "Point", "coordinates": [ 98.967554354238757, 18.793484442231357 ] } },
{ "type": "Feature", "properties": { "source": "sv", "poi_id": "5366_right", "poi_name": "Mechanical Engineering", "category_raw": "amenity=university", "category_std": "education_religion", "category_std_th": "การศึกษาและศาสนา", "category_sub": "amenity=university", "category_sub_th": "มหาวิทยาลัย", "lat": 18.796539127165779, "lon": 98.952800338108247, "point_id": 5366, "side": "right", "pano_id": "ilbGjSWBzOx_CyPsg-8Q4w", "heading": 185.846, "poi_names": "Mechanical Engineering", "categories": "amenity=university", "poi_count": 1 }, "geometry": { "type": "Point", "coordinates": [ 98.952800338108247, 18.796539127165779 ] } },
{ "type": "Feature", "properties": { "source": "sv", "poi_id": "5733_left", "poi_name": "โรงเรียนผู้สูงอายุปิยะมาลย์ | ศูนย์บริการผู้สูงอายุปิยะมาลย์ เชียงใหม่", "category_raw": "amenity=school, office=government", "category_std": "education_religion; office_professional", "category_std_th": "การศึกษาและศาสนา; สำนักงานและบริการวิชาชีพ", "category_sub": "amenity=school, office=government", "category_sub_th": "โรงเรียน; หน่วยงานราชการ", "lat": 18.78275503017224, "lon": 99.006639675947198, "point_id": 5733, "side": "left", "pano_id": "qc0E1ZuwCp3NhswWChpbjg", "heading": 347.008, "poi_names": "โรงเรียนผู้สูงอายุปิยะมาลย์ | ศูนย์บริการผู้สูงอายุปิยะมาลย์ เชียงใหม่", "categories": "amenity=school, office=government", "poi_count": 2 }, "geometry": { "type": "Point", "coordinates": [ 99.006639675947198, 18.78275503017224 ] } },
{ "type": "Feature", "properties": { "source": "sv", "poi_id": "5753_right", "poi_name": "ร้านไก่แม่ | โรตี", "category_raw": "amenity=restaurant, amenity=fast_food", "category_std": "food_beverage", "category_std_th": "อาหารและเครื่องดื่ม", "category_sub": "amenity=restaurant, amenity=fast_food", "category_sub_th": "ร้านอาหาร; อาหารจานด่วน", "lat": 18.765810905773041, "lon": 99.00956479495612, "point_id": 5753, "side": "right", "pano_id": "qiTJSuIq9uu0NwMKnaPWyQ", "heading": 195.412, "poi_names": "ร้านไก่แม่ | โรตี", "categories": "amenity=restaurant, amenity=fast_food", "poi_count": 2 }, "geometry": { "type": "Point", "coordinates": [ 99.00956479495612, 18.765810905773041 ] } },
{ "type": "Feature", "properties": { "source": "sv", "poi_id": "5754_right", "poi_name": "ร้านอาวาราโกี", "category_raw": "shop=yes", "category_std": "retail_commerce", "category_std_th": "การค้าปลีกและร้านค้า", "category_sub": "shop=yes", "category_sub_th": "ร้านค้าไม่ระบุประเภทย่อย", "lat": 18.76579130826352, "lon": 99.00964219217424, "point_id": 5754, "side": "right", "pano_id": "IXvm7KhtT-4tFqHcuwokYQ", "heading": 193.915, "poi_names": "ร้านอาวาราโกี", "categories": "shop=yes", "poi_count": 1 }, "geometry": { "type": "Point", "coordinates": [ 99.00964219217424, 18.76579130826352 ] } },
{ "type": "Feature", "properties": { "source": "sv", "poi_id": "5764_right", "poi_name": "ธนาคารกสิกรไทย", "category_raw": "amenity=bank", "category_std": "finance_insurance", "category_std_th": "การเงินและประกันภัย", "category_sub": "amenity=bank", "category_sub_th": "ธนาคาร", "lat": 18.793133466287721, "lon": 98.993473232626158, "point_id": 5764, "side": "right", "pano_id": "qQMTQlSMD6s6flArrsaepA", "heading": 11.698, "poi_names": "ธนาคารกสิกรไทย", "categories": "amenity=bank", "poi_count": 1 }, "geometry": { "type": "Point", "coordinates": [ 98.993473232626158, 18.793133466287721 ] } },
{ "type": "Feature", "properties": { "source": "sv", "poi_id": "5771_right", "poi_name": "Old Town", "category_raw": "tourism=attraction", "category_std": "tourism_culture", "category_std_th": "ที่พัก การท่องเที่ยว และวัฒนธรรม", "category_sub": "tourism=attraction", "category_sub_th": "แหล่งท่องเที่ยว", "lat": 18.793343557805308, "lon": 98.992852066236495, "point_id": 5771, "side": "right", "pano_id": "V1zgCK-O88kb4_HN2fi9UA", "heading": 22.347, "poi_names": "Old Town", "categories": "tourism=attraction", "poi_count": 1 }, "geometry": { "type": "Point", "coordinates": [ 98.992852066236495, 18.793343557805308 ] } },
{ "type": "Feature", "properties": { "source": "sv", "poi_id": "5793_left", "poi_name": "taan", "category_raw": "amenity=restaurant", "category_std": "food_beverage", "category_std_th": "อาหารและเครื่องดื่ม", "category_sub": "amenity=restaurant", "category_sub_th": "ร้านอาหาร", "lat": 18.794190797480379, "lon": 98.991386270172157, "point_id": 5793, "side": "left", "pano_id": "ieCJUhx5R4xAHVKoVTvCJA", "heading": 25.121, "poi_names": "taan", "categories": "amenity=restaurant", "poi_count": 1 }, "geometry": { "type": "Point", "coordinates": [ 98.991386270172157, 18.794190797480379 ] } },
{ "type": "Feature", "properties": { "source": "sv", "poi_id": "5798_right", "poi_name": "Intorn Tour", "category_raw": "shop=yes", "category_std": "retail_commerce", "category_std_th": "การค้าปลีกและร้านค้า", "category_sub": "shop=yes", "category_sub_th": "ร้านค้าไม่ระบุประเภทย่อย", "lat": 18.793901266936285, "lon": 98.992128001355198, "point_id": 5798, "side": "right", "pano_id": "okTzIHbFrGbFjZewQmc9qg", "heading": 173.34, "poi_names": "Intorn Tour", "categories": "shop=yes", "poi_count": 1 }, "geometry": { "type": "Point", "coordinates": [ 98.992128001355198, 18.793901266936285 ] } },
{ "type": "Feature", "properties": { "source": "sv", "poi_id": "5839_left", "poi_name": "สรา สุจริตไฟฟ้า ซัพพลาย", "category_raw": "shop=electronics", "category_std": "retail_commerce", "category_std_th": "การค้าปลีกและร้านค้า", "category_sub": "shop=electronics", "category_sub_th": "ร้านเครื่องใช้ไฟฟ้าและอิเล็กทรอนิกส์", "lat": 18.790903852586759, "lon": 98.999266004421855, "point_id": 5839, "side": "left", "pano_id": "fpluYw8b2ySbq_SV3DAtSg", "heading": 164.716, "poi_names": "สรา สุจริตไฟฟ้า ซัพพลาย", "categories": "shop=electronics", "poi_count": 1 }, "geometry": { "type": "Point", "coordinates": [ 98.999266004421855, 18.790903852586759 ] } },
{ "type": "Feature", "properties": { "source": "sv", "poi_id": "5840_right", "poi_name": "rustic", "category_raw": "amenity=restaurant", "category_std": "food_beverage", "category_std_th": "อาหารและเครื่องดื่ม", "category_sub": "amenity=restaurant", "category_sub_th": "ร้านอาหาร", "lat": 18.79103114740952, "lon": 98.999032995559361, "point_id": 5840, "side": "right", "pano_id": "NRzX-succJ3ibBLkBIBAbA", "heading": 344.716, "poi_names": "rustic", "categories": "amenity=restaurant", "poi_count": 1 }, "geometry": { "type": "Point", "coordinates": [ 98.999032995559361, 18.79103114740952 ] } },
{ "type": "Feature", "properties": { "source": "sv", "poi_id": "5907_right", "poi_name": "วนนม", "category_raw": "amenity=cafe", "category_std": "food_beverage", "category_std_th": "อาหารและเครื่องดื่ม", "category_sub": "amenity=cafe", "category_sub_th": "ร้านกาแฟ", "lat": 18.802239268932897, "lon": 98.975910445092595, "point_id": 5907, "side": "right", "pano_id": "MSxC4rmdeEpEEJIN26-etw", "heading": 274.615, "poi_names": "วนนม", "categories": "amenity=cafe", "poi_count": 1 }, "geometry": { "type": "Point", "coordinates": [ 98.975910445092595, 18.802239268932897 ] } },
{ "type": "Feature", "properties": { "source": "sv", "poi_id": "5911_right", "poi_name": "เอฟซี คอมพิวเตอร์", "category_raw": "shop=electronics", "category_std": "retail_commerce", "category_std_th": "การค้าปลีกและร้านค้า", "category_sub": "shop=electronics", "category_sub_th": "ร้านเครื่องใช้ไฟฟ้าและอิเล็กทรอนิกส์", "lat": 18.801699977364731, "lon": 98.975866801208056, "point_id": 5911, "side": "right", "pano_id": "l7z7XIVQqxs7HDLpYCd0cw", "heading": 288.04, "poi_names": "เอฟซี คอมพิวเตอร์", "categories": "shop=electronics", "poi_count": 1 }, "geometry": { "type": "Point", "coordinates": [ 98.975866801208056, 18.801699977364731 ] } },
{ "type": "Feature", "properties": { "source": "sv", "poi_id": "5922_left", "poi_name": "ร้านแกงใต้", "category_raw": "amenity=restaurant", "category_std": "food_beverage", "category_std_th": "อาหารและเครื่องดื่ม", "category_sub": "amenity=restaurant", "category_sub_th": "ร้านอาหาร", "lat": 18.800227795182519, "lon": 98.975591094744757, "point_id": 5922, "side": "left", "pano_id": "pygZ01zhHIx-n5fV32Rngw", "heading": 106.2, "poi_names": "ร้านแกงใต้", "categories": "amenity=restaurant", "poi_count": 1 }, "geometry": { "type": "Point", "coordinates": [ 98.975591094744757, 18.800227795182519 ] } },
{ "type": "Feature", "properties": { "source": "sv", "poi_id": "5971_left", "poi_name": "Lucky Bar Restaurant Thailand", "category_raw": "amenity=restaurant", "category_std": "food_beverage", "category_std_th": "อาหารและเครื่องดื่ม", "category_sub": "amenity=restaurant", "category_sub_th": "ร้านอาหาร", "lat": 18.78541627394296, "lon": 98.99360370240808, "point_id": 5971, "side": "left", "pano_id": "dRj7PQDR8M9DzJHb7ae6vA", "heading": 2.237, "poi_names": "Lucky Bar Restaurant Thailand", "categories": "amenity=restaurant", "poi_count": 1 }, "geometry": { "type": "Point", "coordinates": [ 98.99360370240808, 18.78541627394296 ] } },
{ "type": "Feature", "properties": { "source": "sv", "poi_id": "5990_right", "poi_name": "บ้านนำทอง", "category_raw": "shop=yes", "category_std": "retail_commerce", "category_std_th": "การค้าปลีกและร้านค้า", "category_sub": "shop=yes", "category_sub_th": "ร้านค้าไม่ระบุประเภทย่อย", "lat": 18.785914983866611, "lon": 98.998141152301486, "point_id": 5990, "side": "right", "pano_id": "GIOBmpVOwoM1KG2N1CfWmg", "heading": 270.624, "poi_names": "บ้านนำทอง", "categories": "shop=yes", "poi_count": 1 }, "geometry": { "type": "Point", "coordinates": [ 98.998141152301486, 18.785914983866611 ] } },
{ "type": "Feature", "properties": { "source": "sv", "poi_id": "6005_right", "poi_name": "บ้านก๋วยเตี๋ยว กบเล้งหมูต้มยำ | บะหมี่เกี๊ยว | เกาเหลาเลือดหมู | ข้าวขาหมู", "category_raw": "amenity=restaurant", "category_std": "food_beverage", "category_std_th": "อาหารและเครื่องดื่ม", "category_sub": "amenity=restaurant", "category_sub_th": "ร้านอาหาร", "lat": 18.785293736295586, "lon": 98.997349593280177, "point_id": 6005, "side": "right", "pano_id": "AbuUQtUSI4x8s378_SQxnw", "heading": 291.245, "poi_names": "บ้านก๋วยเตี๋ยว กบเล้งหมูต้มยำ | บะหมี่เกี๊ยว | เกาเหลาเลือดหมู | ข้าวขาหมู", "categories": "amenity=restaurant", "poi_count": 4 }, "geometry": { "type": "Point", "coordinates": [ 98.997349593280177, 18.785293736295586 ] } },
{ "type": "Feature", "properties": { "source": "sv", "poi_id": "6019_left", "poi_name": "massage & herbal", "category_raw": "shop=massage", "category_std": "personal_service_repair", "category_std_th": "บริการส่วนบุคคลและงานซ่อม", "category_sub": "shop=massage", "category_sub_th": "ร้านนวด", "lat": 18.788694378198532, "lon": 98.997792647105641, "point_id": 6019, "side": "left", "pano_id": "m-WLxFQpZDbyDpiN0E8m8Q", "heading": 77.614, "poi_names": "massage & herbal", "categories": "shop=massage", "poi_count": 1 }, "geometry": { "type": "Point", "coordinates": [ 98.997792647105641, 18.788694378198532 ] } },
{ "type": "Feature", "properties": { "source": "sv", "poi_id": "6167_right", "poi_name": "วัดพระเจ้าเม็งราย", "category_raw": "amenity=place_of_worship", "category_std": "education_religion", "category_std_th": "การศึกษาและศาสนา", "category_sub": "amenity=place_of_worship", "category_sub_th": "ศาสนสถาน", "lat": 18.785655657330619, "lon": 98.982058153961447, "point_id": 6167, "side": "right", "pano_id": "j4NdZORLiPbF8s2I9KahQg", "heading": 179.907, "poi_names": "วัดพระเจ้าเม็งราย", "categories": "amenity=place_of_worship", "poi_count": 1 }, "geometry": { "type": "Point", "coordinates": [ 98.982058153961447, 18.785655657330619 ] } },
{ "type": "Feature", "properties": { "source": "sv", "poi_id": "6174_left", "poi_name": "เฮือนม่วนใจ๋", "category_raw": "amenity=restaurant", "category_std": "food_beverage", "category_std_th": "อาหารและเครื่องดื่ม", "category_sub": "amenity=restaurant", "category_sub_th": "ร้านอาหาร", "lat": 18.78583834267852, "lon": 98.98334485266038, "point_id": 6174, "side": "left", "pano_id": "p6NOtgq53chWQj8KZkJm_Q", "heading": 359.911, "poi_names": "เฮือนม่วนใจ๋", "categories": "amenity=restaurant", "poi_count": 1 }, "geometry": { "type": "Point", "coordinates": [ 98.98334485266038, 18.78583834267852 ] } },
{ "type": "Feature", "properties": { "source": "sv", "poi_id": "6189_right", "poi_name": "โรงเรียนอนุบาลเชียงใหม่", "category_raw": "amenity=school", "category_std": "education_religion", "category_std_th": "การศึกษาและศาสนา", "category_sub": "amenity=school", "category_sub_th": "โรงเรียน", "lat": 18.785660657211992, "lon": 98.985593991722524, "point_id": 6189, "side": "right", "pano_id": "TPtw-z6YE7Kb57p2zAtAAw", "heading": 180.005, "poi_names": "โรงเรียนอนุบาลเชียงใหม่", "categories": "amenity=school", "poi_count": 1 }, "geometry": { "type": "Point", "coordinates": [ 98.985593991722524, 18.785660657211992 ] } },
{ "type": "Feature", "properties": { "source": "sv", "poi_id": "6202_left", "poi_name": "tourist information | qa massage", "category_raw": "tourism=attraction, shop=massage", "category_std": "tourism_culture; personal_service_repair", "category_std_th": "ที่พัก การท่องเที่ยว และวัฒนธรรม; บริการส่วนบุคคลและงานซ่อม", "category_sub": "tourism=attraction, shop=massage", "category_sub_th": "แหล่งท่องเที่ยว; ร้านนวด", "lat": 18.785794235776603, "lon": 98.987324615370881, "point_id": 6202, "side": "left", "pano_id": "T2SOCBaasEI7jm5Ufbi9lQ", "heading": 2.789, "poi_names": "tourist information | qa massage", "categories": "tourism=attraction, shop=massage", "poi_count": 2 }, "geometry": { "type": "Point", "coordinates": [ 98.987324615370881, 18.785794235776603 ] } },
{ "type": "Feature", "properties": { "source": "sv", "poi_id": "6260_left", "poi_name": "Lanna Media", "category_raw": "office=company", "category_std": "office_professional", "category_std_th": "สำนักงานและบริการวิชาชีพ", "category_sub": "office=company", "category_sub_th": "บริษัท", "lat": 18.764788875204605, "lon": 98.993095624665756, "point_id": 6260, "side": "left", "pano_id": "cd54sxPSQVdsQymj0ycMsA", "heading": 319.674, "poi_names": "Lanna Media", "categories": "office=company", "poi_count": 1 }, "geometry": { "type": "Point", "coordinates": [ 98.993095624665756, 18.764788875204605 ] } },
{ "type": "Feature", "properties": { "source": "sv", "poi_id": "6268_left", "poi_name": "King Power", "category_raw": "shop=yes", "category_std": "retail_commerce", "category_std_th": "การค้าปลีกและร้านค้า", "category_sub": "shop=yes", "category_sub_th": "ร้านค้าไม่ระบุประเภทย่อย", "lat": 18.765602495191636, "lon": 98.994095157473339, "point_id": 6268, "side": "left", "pano_id": "S62Ez3vhU_av_vALmFzw4w", "heading": 319.303, "poi_names": "King Power", "categories": "shop=yes", "poi_count": 1 }, "geometry": { "type": "Point", "coordinates": [ 98.994095157473339, 18.765602495191636 ] } },
{ "type": "Feature", "properties": { "source": "sv", "poi_id": "6276_left", "poi_name": "Bee Healthy", "category_raw": "shop=yes", "category_std": "retail_commerce", "category_std_th": "การค้าปลีกและร้านค้า", "category_sub": "shop=yes", "category_sub_th": "ร้านค้าไม่ระบุประเภทย่อย", "lat": 18.76645991095689, "lon": 98.995146451100723, "point_id": 6276, "side": "left", "pano_id": "6PSmshwnxFEgwOBvG3sV1Q", "heading": 318.738, "poi_names": "Bee Healthy", "categories": "shop=yes", "poi_count": 1 }, "geometry": { "type": "Point", "coordinates": [ 98.995146451100723, 18.76645991095689 ] } },
{ "type": "Feature", "properties": { "source": "sv", "poi_id": "6298_left", "poi_name": "ข้าวมันไก่", "category_raw": "amenity=restaurant", "category_std": "food_beverage", "category_std_th": "อาหารและเครื่องดื่ม", "category_sub": "amenity=restaurant", "category_sub_th": "ร้านอาหาร", "lat": 18.768678267633973, "lon": 98.997892084386478, "point_id": 6298, "side": "left", "pano_id": "piHbRl0MMmE2gzimDSBUHw", "heading": 323.123, "poi_names": "ข้าวมันไก่", "categories": "amenity=restaurant", "poi_count": 1 }, "geometry": { "type": "Point", "coordinates": [ 98.997892084386478, 18.768678267633973 ] } },
{ "type": "Feature", "properties": { "source": "sv", "poi_id": "6300_left", "poi_name": "Diamond by Parn | Parn Dance School", "category_raw": "shop=yes, amenity=school", "category_std": "retail_commerce; education_religion", "category_std_th": "การค้าปลีกและร้านค้า; การศึกษาและศาสนา", "category_sub": "shop=yes, amenity=school", "category_sub_th": "ร้านค้าไม่ระบุประเภทย่อย; โรงเรียน", "lat": 18.76882049124205, "lon": 98.998117532869117, "point_id": 6300, "side": "left", "pano_id": "hi12Zvl_wsD7H8eYIOTKUw", "heading": 327.852, "poi_names": "Diamond by Parn | Parn Dance School", "categories": "shop=yes, amenity=school", "poi_count": 2 }, "geometry": { "type": "Point", "coordinates": [ 98.998117532869117, 18.76882049124205 ] } },
{ "type": "Feature", "properties": { "source": "sv", "poi_id": "6301_left", "poi_name": "คลินิกหมอวิมล", "category_raw": "amenity=clinic", "category_std": "health", "category_std_th": "สุขภาพและการแพทย์", "category_sub": "amenity=clinic", "category_sub_th": "คลินิก", "lat": 18.768916491241271, "lon": 98.998277532840561, "point_id": 6301, "side": "left", "pano_id": "r_a6BHzvKeGzvv8DuompEA", "heading": 327.852, "poi_names": "คลินิกหมอวิมล", "categories": "amenity=clinic", "poi_count": 1 }, "geometry": { "type": "Point", "coordinates": [ 98.998277532840561, 18.768916491241271 ] } },
{ "type": "Feature", "properties": { "source": "sv", "poi_id": "6302_left", "poi_name": "Smae Dental Clinic", "category_raw": "amenity=dentist", "category_std": "health", "category_std_th": "สุขภาพและการแพทย์", "category_sub": "amenity=dentist", "category_sub_th": "คลินิกทันตกรรม", "lat": 18.769012491240481, "lon": 98.998438532812003, "point_id": 6302, "side": "left", "pano_id": "PRbHPERP-pKlqgIu_1iqew", "heading": 327.852, "poi_names": "Smae Dental Clinic", "categories": "amenity=dentist", "poi_count": 1 }, "geometry": { "type": "Point", "coordinates": [ 98.998438532812003, 18.769012491240481 ] } },
{ "type": "Feature", "properties": { "source": "sv", "poi_id": "6319_left", "poi_name": "เอส.ไอ.เอ็ม", "category_raw": "office=company", "category_std": "office_professional", "category_std_th": "สำนักงานและบริการวิชาชีพ", "category_sub": "office=company", "category_sub_th": "บริษัท", "lat": 18.758227945617609, "lon": 99.008832961221216, "point_id": 6319, "side": "left", "pano_id": "LjWYBDVdDiaYz3BIhkcW5w", "heading": 170.311, "poi_names": "เอส.ไอ.เอ็ม", "categories": "office=company", "poi_count": 1 }, "geometry": { "type": "Point", "coordinates": [ 99.008832961221216, 18.758227945617609 ] } },
{ "type": "Feature", "properties": { "source": "sv", "poi_id": "6340_right", "poi_name": "Raeten Hotel", "category_raw": "tourism=hotel", "category_std": "tourism_culture", "category_std_th": "ที่พัก การท่องเที่ยว และวัฒนธรรม", "category_sub": "tourism=hotel", "category_sub_th": "โรงแรม", "lat": 18.779018855621025, "lon": 98.981212601720358, "point_id": 6340, "side": "right", "pano_id": "zJgdg7UbgquYGHQiIR7X2g", "heading": 189.343, "poi_names": "Raeten Hotel", "categories": "tourism=hotel", "poi_count": 1 }, "geometry": { "type": "Point", "coordinates": [ 98.981212601720358, 18.779018855621025 ] } },
{ "type": "Feature", "properties": { "source": "sv", "poi_id": "6385_left", "poi_name": "ร้านปิยะ", "category_raw": "shop=yes", "category_std": "retail_commerce", "category_std_th": "การค้าปลีกและร้านค้า", "category_sub": "shop=yes", "category_sub_th": "ร้านค้าไม่ระบุประเภทย่อย", "lat": 18.778563066784145, "lon": 98.98415139033564, "point_id": 6385, "side": "left", "pano_id": "8C2ZxGsJ04IwGcWEjRnhmQ", "heading": 147.193, "poi_names": "ร้านปิยะ", "categories": "shop=yes", "poi_count": 1 }, "geometry": { "type": "Point", "coordinates": [ 98.98415139033564, 18.778563066784145 ] } },
{ "type": "Feature", "properties": { "source": "sv", "poi_id": "6391_left", "poi_name": "โทโซเนียว", "category_raw": "amenity=restaurant", "category_std": "food_beverage", "category_std_th": "อาหารและเครื่องดื่ม", "category_sub": "amenity=restaurant", "category_sub_th": "ร้านอาหาร", "lat": 18.77797506677938, "lon": 98.983194390157422, "point_id": 6391, "side": "left", "pano_id": "HhhFHys5vDrqTguGeIOGNA", "heading": 147.193, "poi_names": "โทโซเนียว", "categories": "amenity=restaurant", "poi_count": 1 }, "geometry": { "type": "Point", "coordinates": [ 98.983194390157422, 18.77797506677938 ] } },
{ "type": "Feature", "properties": { "source": "sv", "poi_id": "6412_right", "poi_name": "วังยี่นลาร | หอศิลป์ สุทธจิต", "category_raw": "tourism=attraction, tourism=museum", "category_std": "tourism_culture", "category_std_th": "ที่พัก การท่องเที่ยว และวัฒนธรรม", "category_sub": "tourism=attraction, tourism=museum", "category_sub_th": "แหล่งท่องเที่ยว; พิพิธภัณฑ์", "lat": 18.77713227918569, "lon": 98.983269508994539, "point_id": 6412, "side": "right", "pano_id": "oEVOW21m5tPBK6FoafETHQ", "heading": 345.036, "poi_names": "วังยี่นลาร | หอศิลป์ สุทธจิต", "categories": "tourism=attraction, tourism=museum", "poi_count": 2 }, "geometry": { "type": "Point", "coordinates": [ 98.983269508994539, 18.77713227918569 ] } },
{ "type": "Feature", "properties": { "source": "sv", "poi_id": "6413_left", "poi_name": "ดำเสวย", "category_raw": "amenity=restaurant", "category_std": "food_beverage", "category_std_th": "อาหารและเครื่องดื่ม", "category_sub": "amenity=restaurant", "category_sub_th": "ร้านอาหาร", "lat": 18.776932718149315, "lon": 98.983206514480798, "point_id": 6413, "side": "left", "pano_id": "zfi4qey7lSZydQ1azdf7BQ", "heading": 182.106, "poi_names": "ดำเสวย", "categories": "amenity=restaurant", "poi_count": 1 }, "geometry": { "type": "Point", "coordinates": [ 98.983206514480798, 18.776932718149315 ] } },
{ "type": "Feature", "properties": { "source": "sv", "poi_id": "6484_right", "poi_name": "ทวีเชียงราย", "category_raw": "shop=yes", "category_std": "retail_commerce", "category_std_th": "การค้าปลีกและร้านค้า", "category_sub": "shop=yes", "category_sub_th": "ร้านค้าไม่ระบุประเภทย่อย", "lat": 18.776615305372125, "lon": 98.980180732706955, "point_id": 6484, "side": "right", "pano_id": "l7KEbawKTLjOVGRlQZLq1Q", "heading": 1.651, "poi_names": "ทวีเชียงราย", "categories": "shop=yes", "poi_count": 1 }, "geometry": { "type": "Point", "coordinates": [ 98.980180732706955, 18.776615305372125 ] } },
{ "type": "Feature", "properties": { "source": "sv", "poi_id": "6487_right", "poi_name": "ท่ากรอบรูป", "category_raw": "shop=yes", "category_std": "retail_commerce", "category_std_th": "การค้าปลีกและร้านค้า", "category_sub": "shop=yes", "category_sub_th": "ร้านค้าไม่ระบุประเภทย่อย", "lat": 18.77635685710132, "lon": 98.979878425627945, "point_id": 6487, "side": "right", "pano_id": "30NyL_-jRjrC-cc40VzRcg", "heading": 274.353, "poi_names": "ท่ากรอบรูป", "categories": "shop=yes", "poi_count": 1 }, "geometry": { "type": "Point", "coordinates": [ 98.979878425627945, 18.77635685710132 ] } },
{ "type": "Feature", "properties": { "source": "sv", "poi_id": "6495_left", "poi_name": "Sureerar Nutrition", "category_raw": "shop=yes", "category_std": "retail_commerce", "category_std_th": "การค้าปลีกและร้านค้า", "category_sub": "shop=yes", "category_sub_th": "ร้านค้าไม่ระบุประเภทย่อย", "lat": 18.775449705690789, "lon": 98.980368591115962, "point_id": 6495, "side": "left", "pano_id": "joKCaMpPBYpY0ff___Iu-w", "heading": 188.738, "poi_names": "Sureerar Nutrition", "categories": "shop=yes", "poi_count": 1 }, "geometry": { "type": "Point", "coordinates": [ 98.980368591115962, 18.775449705690789 ] } },
{ "type": "Feature", "properties": { "source": "sv", "poi_id": "6704_left", "poi_name": "อันธิกา เพ็ทช็อป", "category_raw": "amenity=veterinary", "category_std": "health", "category_std_th": "สุขภาพและการแพทย์", "category_sub": "amenity=veterinary", "category_sub_th": "คลินิกสัตวแพทย์", "lat": 18.774699717606502, "lon": 98.979554829006034, "point_id": 6704, "side": "left", "pano_id": "wEKPFxi1qKjU4PQE5l4aZg", "heading": 311.377, "poi_names": "อันธิกา เพ็ทช็อป", "categories": "amenity=veterinary", "poi_count": 1 }, "geometry": { "type": "Point", "coordinates": [ 98.979554829006034, 18.774699717606502 ] } },
{ "type": "Feature", "properties": { "source": "sv", "poi_id": "6721_left", "poi_name": "บุญทวีคอร์ท", "category_raw": "tourism=hotel", "category_std": "tourism_culture", "category_std_th": "ที่พัก การท่องเที่ยว และวัฒนธรรม", "category_sub": "tourism=hotel", "category_sub_th": "โรงแรม", "lat": 18.772979137923656, "lon": 98.982331772522002, "point_id": 6721, "side": "left", "pano_id": "Gnf_gEeHJqRD92_ur-nazQ", "heading": 174.086, "poi_names": "บุญทวีคอร์ท", "categories": "tourism=hotel", "poi_count": 1 }, "geometry": { "type": "Point", "coordinates": [ 98.982331772522002, 18.772979137923656 ] } },
{ "type": "Feature", "properties": { "source": "sv", "poi_id": "7106_left", "poi_name": "เชียงใหม่เบเกอรี่", "category_raw": "shop=bakery", "category_std": "retail_commerce", "category_std_th": "การค้าปลีกและร้านค้า", "category_sub": "shop=bakery", "category_sub_th": "ร้านเบเกอรี", "lat": 18.765307781135277, "lon": 98.993982758522037, "point_id": 7106, "side": "left", "pano_id": "9xFYMMCqMDGqS7Yg-np47A", "heading": 231.517, "poi_names": "เชียงใหม่เบเกอรี่", "categories": "shop=bakery", "poi_count": 1 }, "geometry": { "type": "Point", "coordinates": [ 98.993982758522037, 18.765307781135277 ] } },
{ "type": "Feature", "properties": { "source": "sv", "poi_id": "7182_left", "poi_name": "McDonald's", "category_raw": "amenity=fast_food", "category_std": "food_beverage", "category_std_th": "อาหารและเครื่องดื่ม", "category_sub": "amenity=fast_food", "category_sub_th": "อาหารจานด่วน", "lat": 18.765280365061638, "lon": 98.991532657118796, "point_id": 7182, "side": "left", "pano_id": "phu034sGTTmlXP3KRzngTQ", "heading": 93.576, "poi_names": "McDonald's", "categories": "amenity=fast_food", "poi_count": 1 }, "geometry": { "type": "Point", "coordinates": [ 98.991532657118796, 18.765280365061638 ] } },
{ "type": "Feature", "properties": { "source": "sv", "poi_id": "7183_left", "poi_name": "McDonald's", "category_raw": "amenity=fast_food", "category_std": "food_beverage", "category_std_th": "อาหารและเครื่องดื่ม", "category_sub": "amenity=fast_food", "category_sub_th": "อาหารจานด่วน", "lat": 18.765099365061527, "lon": 98.991520657017844, "point_id": 7183, "side": "left", "pano_id": "EuGVIDQ5uHbE-FIkBOie3Q", "heading": 93.576, "poi_names": "McDonald's", "categories": "amenity=fast_food", "poi_count": 1 }, "geometry": { "type": "Point", "coordinates": [ 98.991520657017844, 18.765099365061527 ] } },
{ "type": "Feature", "properties": { "source": "sv", "poi_id": "7185_right", "poi_name": "บุฟเฟต์ทะเล | บ้านไอซ์", "category_raw": "amenity=restaurant", "category_std": "food_beverage", "category_std_th": "อาหารและเครื่องดื่ม", "category_sub": "amenity=restaurant", "category_sub_th": "ร้านอาหาร", "lat": 18.784084391152469, "lon": 99.024808740187922, "point_id": 7185, "side": "right", "pano_id": "L_4kmAUMsnUdXHLH8SOOPg", "heading": 87.214, "poi_names": "บุฟเฟต์ทะเล | บ้านไอซ์", "categories": "amenity=restaurant", "poi_count": 2 }, "geometry": { "type": "Point", "coordinates": [ 99.024808740187922, 18.784084391152469 ] } },
{ "type": "Feature", "properties": { "source": "sv", "poi_id": "7205_right", "poi_name": "บ้านไอซ์ | หม่าล่า", "category_raw": "amenity=restaurant", "category_std": "food_beverage", "category_std_th": "อาหารและเครื่องดื่ม", "category_sub": "amenity=restaurant", "category_sub_th": "ร้านอาหาร", "lat": 18.786257315776663, "lon": 99.024584319132998, "point_id": 7205, "side": "right", "pano_id": "4xVXrF9dKyLugj5jIm2C0w", "heading": 1.401, "poi_names": "บ้านไอซ์ | หม่าล่า", "categories": "amenity=restaurant", "poi_count": 2 }, "geometry": { "type": "Point", "coordinates": [ 99.024584319132998, 18.786257315776663 ] } },
{ "type": "Feature", "properties": { "source": "sv", "poi_id": "7259_right", "poi_name": "โรงแรม ทิพย์สิริ", "category_raw": "tourism=hotel", "category_std": "tourism_culture", "category_std_th": "ที่พัก การท่องเที่ยว และวัฒนธรรม", "category_sub": "tourism=hotel", "category_sub_th": "โรงแรม", "lat": 18.784044590392345, "lon": 99.023711840730698, "point_id": 7259, "side": "right", "pano_id": "QT-RLi7XAkmRi1XB6XM8wQ", "heading": 90.894, "poi_names": "โรงแรม ทิพย์สิริ", "categories": "tourism=hotel", "poi_count": 1 }, "geometry": { "type": "Point", "coordinates": [ 99.023711840730698, 18.784044590392345 ] } },
{ "type": "Feature", "properties": { "source": "sv", "poi_id": "7281_right", "poi_name": "โรงแรมทรัพย์สิรี | อาหาร", "category_raw": "tourism=hotel, amenity=restaurant", "category_std": "tourism_culture; food_beverage", "category_std_th": "ที่พัก การท่องเที่ยว และวัฒนธรรม; อาหารและเครื่องดื่ม", "category_sub": "tourism=hotel, amenity=restaurant", "category_sub_th": "โรงแรม; ร้านอาหาร", "lat": 18.780435966047399, "lon": 99.024965289960264, "point_id": 7281, "side": "right", "pano_id": "mB3oWrtN5EWrZ_4ZWuz6hg", "heading": 278.893, "poi_names": "โรงแรมทรัพย์สิรี | อาหาร", "categories": "tourism=hotel, amenity=restaurant", "poi_count": 2 }, "geometry": { "type": "Point", "coordinates": [ 99.024965289960264, 18.780435966047399 ] } },
{ "type": "Feature", "properties": { "source": "sv", "poi_id": "7285_right", "poi_name": "บรกี้ ครัช ช่วงล่าง ถ่ายน้ำมันเครื่อง เบรก", "category_raw": "shop=car_repair", "category_std": "personal_service_repair", "category_std_th": "บริการส่วนบุคคลและงานซ่อม", "category_sub": "shop=car_repair", "category_sub_th": "อู่ซ่อมรถยนต์", "lat": 18.784214025582628, "lon": 99.020951616783634, "point_id": 7285, "side": "right", "pano_id": "TO6fF91yDXEvjKld-z-lMg", "heading": 264.299, "poi_names": "บรกี้ ครัช ช่วงล่าง ถ่ายน้ำมันเครื่อง เบรก", "categories": "shop=car_repair", "poi_count": 1 }, "geometry": { "type": "Point", "coordinates": [ 99.020951616783634, 18.784214025582628 ] } },
{ "type": "Feature", "properties": { "source": "sv", "poi_id": "7310_left", "poi_name": "อา กู้ด ซัวร์ กระจกรถยนต์", "category_raw": "shop=car_repair", "category_std": "personal_service_repair", "category_std_th": "บริการส่วนบุคคลและงานซ่อม", "category_sub": "shop=car_repair", "category_sub_th": "อู่ซ่อมรถยนต์", "lat": 18.768927305696057, "lon": 99.029202053324823, "point_id": 7310, "side": "left", "pano_id": "BLB1lAYuHTmkLb5OuiTnlg", "heading": 141.491, "poi_names": "อา กู้ด ซัวร์ กระจกรถยนต์", "categories": "shop=car_repair", "poi_count": 1 }, "geometry": { "type": "Point", "coordinates": [ 99.029202053324823, 18.768927305696057 ] } },
{ "type": "Feature", "properties": { "source": "sv", "poi_id": "7324_left", "poi_name": "ผีเกล้าพระเจ้ากาวิส", "category_raw": "amenity=place_of_worship", "category_std": "education_religion", "category_std_th": "การศึกษาและศาสนา", "category_sub": "amenity=place_of_worship", "category_sub_th": "ศาสนสถาน", "lat": 18.764418957075549, "lon": 99.024634653760344, "point_id": 7324, "side": "left", "pano_id": "8ocAaojDS_yRVPYXoTPUBg", "heading": 322.796, "poi_names": "ผีเกล้าพระเจ้ากาวิส", "categories": "amenity=place_of_worship", "poi_count": 1 }, "geometry": { "type": "Point", "coordinates": [ 99.024634653760344, 18.764418957075549 ] } },
{ "type": "Feature", "properties": { "source": "sv", "poi_id": "7330_left", "poi_name": "ตลาดอ้อมเมืองเพริทอง", "category_raw": "shop=supermarket", "category_std": "retail_commerce", "category_std_th": "การค้าปลีกและร้านค้า", "category_sub": "shop=supermarket", "category_sub_th": "ซูเปอร์มาร์เก็ต", "lat": 18.76462106676609, "lon": 99.025297833348034, "point_id": 7330, "side": "left", "pano_id": "C5DAP8zUwOwE4b6ArPpQtw", "heading": 17.699, "poi_names": "ตลาดอ้อมเมืองเพริทอง", "categories": "shop=supermarket", "poi_count": 1 }, "geometry": { "type": "Point", "coordinates": [ 99.025297833348034, 18.76462106676609 ] } },
{ "type": "Feature", "properties": { "source": "sv", "poi_id": "7335_left", "poi_name": "ter barber shop", "category_raw": "shop=hairdresser", "category_std": "personal_service_repair", "category_std_th": "บริการส่วนบุคคลและงานซ่อม", "category_sub": "shop=hairdresser", "category_sub_th": "ร้านทำผม", "lat": 18.764421226642096, "lon": 99.02585946355812, "point_id": 7335, "side": "left", "pano_id": "elvHYDgCUZYjuEkAKoYf_w", "heading": 19.375, "poi_names": "ter barber shop", "categories": "shop=hairdresser", "poi_count": 1 }, "geometry": { "type": "Point", "coordinates": [ 99.02585946355812, 18.764421226642096 ] } },
{ "type": "Feature", "properties": { "source": "sv", "poi_id": "7360_left", "poi_name": "Eneos", "category_raw": "shop=car_repair", "category_std": "personal_service_repair", "category_std_th": "บริการส่วนบุคคลและงานซ่อม", "category_sub": "shop=car_repair", "category_sub_th": "อู่ซ่อมรถยนต์", "lat": 18.767994033115809, "lon": 99.026142714619695, "point_id": 7360, "side": "left", "pano_id": "q9l2mOYjWbtokl74wdALdg", "heading": 77.838, "poi_names": "Eneos", "categories": "shop=car_repair", "poi_count": 1 }, "geometry": { "type": "Point", "coordinates": [ 99.026142714619695, 18.767994033115809 ] } },
{ "type": "Feature", "properties": { "source": "sv", "poi_id": "7475_right", "poi_name": "ซักผ้าหยอดเหรียญ", "category_raw": "shop=yes", "category_std": "retail_commerce", "category_std_th": "การค้าปลีกและร้านค้า", "category_sub": "shop=yes", "category_sub_th": "ร้านค้าไม่ระบุประเภทย่อย", "lat": 18.765776467807001, "lon": 99.021308356518119, "point_id": 7475, "side": "right", "pano_id": "eYEqZA_pgYVK8aI_VWBovA", "heading": 339.223, "poi_names": "ซักผ้าหยอดเหรียญ", "categories": "shop=yes", "poi_count": 1 }, "geometry": { "type": "Point", "coordinates": [ 99.021308356518119, 18.765776467807001 ] } },
{ "type": "Feature", "properties": { "source": "sv", "poi_id": "7525_right", "poi_name": "ถ้วยเสี่ยว | ข้าวขาหมูเจ้าขันไม่ | ข้าวซอยไก่", "category_raw": "amenity=restaurant", "category_std": "food_beverage", "category_std_th": "อาหารและเครื่องดื่ม", "category_sub": "amenity=restaurant", "category_sub_th": "ร้านอาหาร", "lat": 18.770608880498841, "lon": 99.024643444066996, "point_id": 7525, "side": "right", "pano_id": "MFlJCRsGGRySeEpy6ESixg", "heading": 189.44, "poi_names": "ถ้วยเสี่ยว | ข้าวขาหมูเจ้าขันไม่ | ข้าวซอยไก่", "categories": "amenity=restaurant", "poi_count": 3 }, "geometry": { "type": "Point", "coordinates": [ 99.024643444066996, 18.770608880498841 ] } },
{ "type": "Feature", "properties": { "source": "sv", "poi_id": "7704_left", "poi_name": "วิลลาภัทธนิษฐ์", "category_raw": "tourism=hotel", "category_std": "tourism_culture", "category_std_th": "ที่พัก การท่องเที่ยว และวัฒนธรรม", "category_sub": "tourism=hotel", "category_sub_th": "โรงแรม", "lat": 18.759137270588155, "lon": 99.002557159507262, "point_id": 7704, "side": "left", "pano_id": "d0kDReMB5pTNDQCjznu15w", "heading": 135.765, "poi_names": "วิลลาภัทธนิษฐ์", "categories": "tourism=hotel", "poi_count": 1 }, "geometry": { "type": "Point", "coordinates": [ 99.002557159507262, 18.759137270588155 ] } },
{ "type": "Feature", "properties": { "source": "sv", "poi_id": "7748_right", "poi_name": "Eneos", "category_raw": "shop=car_repair", "category_std": "personal_service_repair", "category_std_th": "บริการส่วนบุคคลและงานซ่อม", "category_sub": "shop=car_repair", "category_sub_th": "อู่ซ่อมรถยนต์", "lat": 18.774802307270821, "lon": 99.020508475737657, "point_id": 7748, "side": "right", "pano_id": "38rXzV4X3mjzogZ1fp2SBQ", "heading": 80.245, "poi_names": "Eneos", "categories": "shop=car_repair", "poi_count": 1 }, "geometry": { "type": "Point", "coordinates": [ 99.020508475737657, 18.774802307270821 ] } },
{ "type": "Feature", "properties": { "source": "sv", "poi_id": "7756_left", "poi_name": "รริี คอร์ท", "category_raw": "tourism=hotel", "category_std": "tourism_culture", "category_std_th": "ที่พัก การท่องเที่ยว และวัฒนธรรม", "category_sub": "tourism=hotel", "category_sub_th": "โรงแรม", "lat": 18.775460215588986, "lon": 99.020324831149978, "point_id": 7756, "side": "left", "pano_id": "DoS3SyiMSPIbz6LHCQV4vg", "heading": 227.715, "poi_names": "รริี คอร์ท", "categories": "tourism=hotel", "poi_count": 1 }, "geometry": { "type": "Point", "coordinates": [ 99.020324831149978, 18.775460215588986 ] } },
{ "type": "Feature", "properties": { "source": "sv", "poi_id": "7761_left", "poi_name": "ร้านอุปกรณ์มือถือ", "category_raw": "shop=mobile_phone", "category_std": "retail_commerce", "category_std_th": "การค้าปลีกและร้านค้า", "category_sub": "shop=mobile_phone", "category_sub_th": "ร้านโทรศัพท์มือถือ", "lat": 18.805465907798155, "lon": 98.985569160248076, "point_id": 7761, "side": "left", "pano_id": "ANXCXjo618yfH-yIKEhWHg", "heading": 349.775, "poi_names": "ร้านอุปกรณ์มือถือ", "categories": "shop=mobile_phone", "poi_count": 1 }, "geometry": { "type": "Point", "coordinates": [ 98.985569160248076, 18.805465907798155 ] } },
{ "type": "Feature", "properties": { "source": "sv", "poi_id": "7761_right", "poi_name": "ลอริโนส", "category_raw": "amenity=pharmacy", "category_std": "health", "category_std_th": "สุขภาพและการแพทย์", "category_sub": "amenity=pharmacy", "category_sub_th": "ร้านขายยา", "lat": 18.805288092199469, "lon": 98.985602839734199, "point_id": 7761, "side": "right", "pano_id": "ANXCXjo618yfH-yIKEhWHg", "heading": 169.775, "poi_names": "ลอริโนส", "categories": "amenity=pharmacy", "poi_count": 1 }, "geometry": { "type": "Point", "coordinates": [ 98.985602839734199, 18.805288092199469 ] } },
{ "type": "Feature", "properties": { "source": "sv", "poi_id": "7774_right", "poi_name": "ร้านชิตี้โฟนราษภัฏ", "category_raw": "shop=mobile_phone", "category_std": "retail_commerce", "category_std_th": "การค้าปลีกและร้านค้า", "category_sub": "shop=mobile_phone", "category_sub_th": "ร้านโทรศัพท์มือถือ", "lat": 18.805218113356439, "lon": 98.987802012687993, "point_id": 7774, "side": "right", "pano_id": "JOTfjb7RbO1Pg8vvah4nnw", "heading": 195.899, "poi_names": "ร้านชิตี้โฟนราษภัฏ", "categories": "shop=mobile_phone", "poi_count": 1 }, "geometry": { "type": "Point", "coordinates": [ 98.987802012687993, 18.805218113356439 ] } },
{ "type": "Feature", "properties": { "source": "sv", "poi_id": "7915_left", "poi_name": "asap", "category_raw": "shop=yes", "category_std": "retail_commerce", "category_std_th": "การค้าปลีกและร้านค้า", "category_sub": "shop=yes", "category_sub_th": "ร้านค้าไม่ระบุประเภทย่อย", "lat": 18.786113561050144, "lon": 99.013792745231953, "point_id": 7915, "side": "left", "pano_id": "IOeZQrNNiKO4cHXx3htZ5w", "heading": 11.398, "poi_names": "asap", "categories": "shop=yes", "poi_count": 1 }, "geometry": { "type": "Point", "coordinates": [ 99.013792745231953, 18.786113561050144 ] } },
{ "type": "Feature", "properties": { "source": "sv", "poi_id": "7943_left", "poi_name": "Motorbike Rental", "category_raw": "shop=yes", "category_std": "retail_commerce", "category_std_th": "การค้าปลีกและร้านค้า", "category_sub": "shop=yes", "category_sub_th": "ร้านค้าไม่ระบุประเภทย่อย", "lat": 18.791286717846205, "lon": 98.99384079371228, "point_id": 7943, "side": "left", "pano_id": "c-OJzhbwmjRtM_YMWnOUOw", "heading": 92.082, "poi_names": "Motorbike Rental", "categories": "shop=yes", "poi_count": 1 }, "geometry": { "type": "Point", "coordinates": [ 98.99384079371228, 18.791286717846205 ] } },
{ "type": "Feature", "properties": { "source": "sv", "poi_id": "7960_right", "poi_name": "Advice", "category_raw": "shop=electronics", "category_std": "retail_commerce", "category_std_th": "การค้าปลีกและร้านค้า", "category_sub": "shop=electronics", "category_sub_th": "ร้านเครื่องใช้ไฟฟ้าและอิเล็กทรอนิกส์", "lat": 18.796660679560496, "lon": 98.981951856656806, "point_id": 7960, "side": "right", "pano_id": "CzJZ52Eyq4lCejKNcERJyg", "heading": 89.569, "poi_names": "Advice", "categories": "shop=electronics", "poi_count": 1 }, "geometry": { "type": "Point", "coordinates": [ 98.981951856656806, 18.796660679560496 ] } },
{ "type": "Feature", "properties": { "source": "sv", "poi_id": "7969_left", "poi_name": "laundry service", "category_raw": "shop=yes", "category_std": "retail_commerce", "category_std_th": "การค้าปลีกและร้านค้า", "category_sub": "shop=yes", "category_sub_th": "ร้านค้าไม่ระบุประเภทย่อย", "lat": 18.785033045101137, "lon": 98.995277761900155, "point_id": 7969, "side": "left", "pano_id": "XEf1ekV4EFynQ6t8a1AGkQ", "heading": 92.509, "poi_names": "laundry service", "categories": "shop=yes", "poi_count": 1 }, "geometry": { "type": "Point", "coordinates": [ 98.995277761900155, 18.785033045101137 ] } },
{ "type": "Feature", "properties": { "source": "sv", "poi_id": "8003_right", "poi_name": "eco resort", "category_raw": "tourism=hotel", "category_std": "tourism_culture", "category_std_th": "ที่พัก การท่องเที่ยว และวัฒนธรรม", "category_sub": "tourism=hotel", "category_sub_th": "โรงแรม", "lat": 18.79504533159519, "lon": 99.008352579226127, "point_id": 8003, "side": "right", "pano_id": "mSd-dpdEtfYKMuHLcA406w", "heading": 264.494, "poi_names": "eco resort", "categories": "tourism=hotel", "poi_count": 1 }, "geometry": { "type": "Point", "coordinates": [ 99.008352579226127, 18.79504533159519 ] } },
{ "type": "Feature", "properties": { "source": "sv", "poi_id": "8057_left", "poi_name": "ตำ10", "category_raw": "amenity=restaurant", "category_std": "food_beverage", "category_std_th": "อาหารและเครื่องดื่ม", "category_sub": "amenity=restaurant", "category_sub_th": "ร้านอาหาร", "lat": 18.787182277124256, "lon": 99.008815844554576, "point_id": 8057, "side": "left", "pano_id": "wYKQNdktgzkvpKu1LyLgxg", "heading": 89.19, "poi_names": "ตำ10", "categories": "amenity=restaurant", "poi_count": 1 }, "geometry": { "type": "Point", "coordinates": [ 99.008815844554576, 18.787182277124256 ] } },
{ "type": "Feature", "properties": { "source": "sv", "poi_id": "8133_left", "poi_name": "Pern's Bistro", "category_raw": "amenity=restaurant", "category_std": "food_beverage", "category_std_th": "อาหารและเครื่องดื่ม", "category_sub": "amenity=restaurant", "category_sub_th": "ร้านอาหาร", "lat": 18.798156675243561, "lon": 98.974172627786075, "point_id": 8133, "side": "left", "pano_id": "K0nKLvwJmoasONCKx-4FCQ", "heading": 29.442, "poi_names": "Pern's Bistro", "categories": "amenity=restaurant", "poi_count": 1 }, "geometry": { "type": "Point", "coordinates": [ 98.974172627786075, 18.798156675243561 ] } },
{ "type": "Feature", "properties": { "source": "sv", "poi_id": "8151_left", "poi_name": "Bee Factory", "category_raw": "shop=yes", "category_std": "retail_commerce", "category_std_th": "การค้าปลีกและร้านค้า", "category_sub": "shop=yes", "category_sub_th": "ร้านค้าไม่ระบุประเภทย่อย", "lat": 18.796764673705123, "lon": 98.976761630286376, "point_id": 8151, "side": "left", "pano_id": "DX7mjl69fghOuiUzf8tHwQ", "heading": 29.444, "poi_names": "Bee Factory", "categories": "shop=yes", "poi_count": 1 }, "geometry": { "type": "Point", "coordinates": [ 98.976761630286376, 18.796764673705123 ] } },
{ "type": "Feature", "properties": { "source": "sv", "poi_id": "8236_right", "poi_name": "Smile Organic", "category_raw": "shop=yes", "category_std": "retail_commerce", "category_std_th": "การค้าปลีกและร้านค้า", "category_sub": "shop=yes", "category_sub_th": "ร้านค้าไม่ระบุประเภทย่อย", "lat": 18.782688305389243, "lon": 98.982237202756764, "point_id": 8236, "side": "right", "pano_id": "tAHnZ6oUXBoWchC15djw3w", "heading": 193.907, "poi_names": "Smile Organic", "categories": "shop=yes", "poi_count": 1 }, "geometry": { "type": "Point", "coordinates": [ 98.982237202756764, 18.782688305389243 ] } },
{ "type": "Feature", "properties": { "source": "sv", "poi_id": "8266_right", "poi_name": "วัดพระเจ้าเม็งราย", "category_raw": "amenity=place_of_worship", "category_std": "education_religion", "category_std_th": "การศึกษาและศาสนา", "category_sub": "amenity=place_of_worship", "category_sub_th": "ศาสนสถาน", "lat": 18.785120404791517, "lon": 98.984393535906264, "point_id": 8266, "side": "right", "pano_id": "c9xexBD3zgb_-mVcupoHWA", "heading": 248.851, "poi_names": "วัดพระเจ้าเม็งราย", "categories": "amenity=place_of_worship", "poi_count": 1 }, "geometry": { "type": "Point", "coordinates": [ 98.984393535906264, 18.785120404791517 ] } },
{ "type": "Feature", "properties": { "source": "sv", "poi_id": "8270_right", "poi_name": "Bear Fight Club Muay Thai Chiang Mai", "category_raw": "leisure=fitness_centre", "category_std": "sport_recreation", "category_std_th": "กีฬาและนันทนาการ", "category_sub": "leisure=fitness_centre", "category_sub_th": "ศูนย์ออกกำลังกาย", "lat": 18.784745372439943, "lon": 98.984545549248978, "point_id": 8270, "side": "right", "pano_id": "K60lFyh8jIMyexhdW9Offw", "heading": 248.829, "poi_names": "Bear Fight Club Muay Thai Chiang Mai", "categories": "leisure=fitness_centre", "poi_count": 1 }, "geometry": { "type": "Point", "coordinates": [ 98.984545549248978, 18.784745372439943 ] } },
{ "type": "Feature", "properties": { "source": "sv", "poi_id": "8365_right", "poi_name": "Cafe Amazon", "category_raw": "amenity=cafe", "category_std": "food_beverage", "category_std_th": "อาหารและเครื่องดื่ม", "category_sub": "amenity=cafe", "category_sub_th": "ร้านกาแฟ", "lat": 18.789658852438048, "lon": 98.987839768075105, "point_id": 8365, "side": "right", "pano_id": "ydc7jSHtCUNKWg2VYZHtsg", "heading": 183.767, "poi_names": "Cafe Amazon", "categories": "amenity=cafe", "poi_count": 1 }, "geometry": { "type": "Point", "coordinates": [ 98.987839768075105, 18.789658852438048 ] } },
{ "type": "Feature", "properties": { "source": "sv", "poi_id": "8429_left", "poi_name": "guesthouse", "category_raw": "tourism=guest_house", "category_std": "tourism_culture", "category_std_th": "ที่พัก การท่องเที่ยว และวัฒนธรรม", "category_sub": "tourism=guest_house", "category_sub_th": "เกสต์เฮาส์", "lat": 18.78360889702785, "lon": 98.991864795163522, "point_id": 8429, "side": "left", "pano_id": "rWIQrF-VM_vuZ-jKVB5VQg", "heading": 203.094, "poi_names": "guesthouse", "categories": "tourism=guest_house", "poi_count": 1 }, "geometry": { "type": "Point", "coordinates": [ 98.991864795163522, 18.78360889702785 ] } },
{ "type": "Feature", "properties": { "source": "sv", "poi_id": "8449_right", "poi_name": "เอายีซีฟู้ด", "category_raw": "amenity=restaurant", "category_std": "food_beverage", "category_std_th": "อาหารและเครื่องดื่ม", "category_sub": "amenity=restaurant", "category_sub_th": "ร้านอาหาร", "lat": 18.794667542367279, "lon": 98.964396723429317, "point_id": 8449, "side": "right", "pano_id": "9JCk5kk3-KJjJc_mgul56A", "heading": 191.725, "poi_names": "เอายีซีฟู้ด", "categories": "amenity=restaurant", "poi_count": 1 }, "geometry": { "type": "Point", "coordinates": [ 98.964396723429317, 18.794667542367279 ] } },
{ "type": "Feature", "properties": { "source": "sv", "poi_id": "8466_left", "poi_name": "ศริรายา", "category_raw": "shop=yes", "category_std": "retail_commerce", "category_std_th": "การค้าปลีกและร้านค้า", "category_sub": "shop=yes", "category_sub_th": "ร้านค้าไม่ระบุประเภทย่อย", "lat": 18.79195884573581, "lon": 98.997532723679114, "point_id": 8466, "side": "left", "pano_id": "06npI2Pe3SbXd_UrX5nu0Q", "heading": 151.182, "poi_names": "ศริรายา", "categories": "shop=yes", "poi_count": 1 }, "geometry": { "type": "Point", "coordinates": [ 98.997532723679114, 18.79195884573581 ] } },
{ "type": "Feature", "properties": { "source": "sv", "poi_id": "8470_right", "poi_name": "L'Cafe Paris", "category_raw": "amenity=cafe", "category_std": "food_beverage", "category_std_th": "อาหารและเครื่องดื่ม", "category_sub": "amenity=cafe", "category_sub_th": "ร้านกาแฟ", "lat": 18.79180414893402, "lon": 98.996845266209306, "point_id": 8470, "side": "right", "pano_id": "7M-AMsiBHCaCPVpdIUR4-w", "heading": 331.175, "poi_names": "L'Cafe Paris", "categories": "amenity=cafe", "poi_count": 1 }, "geometry": { "type": "Point", "coordinates": [ 98.996845266209306, 18.79180414893402 ] } },
{ "type": "Feature", "properties": { "source": "sv", "poi_id": "8600_left", "poi_name": "Chulalongkorn University", "category_raw": "amenity=university", "category_std": "education_religion", "category_std_th": "การศึกษาและศาสนา", "category_sub": "amenity=university", "category_sub_th": "มหาวิทยาลัย", "lat": 18.768238349871591, "lon": 99.000916274231656, "point_id": 8600, "side": "left", "pano_id": "50tMnjvcG2P7ca39X6Euwg", "heading": 244.671, "poi_names": "Chulalongkorn University", "categories": "amenity=university", "poi_count": 1 }, "geometry": { "type": "Point", "coordinates": [ 99.000916274231656, 18.768238349871591 ] } },
{ "type": "Feature", "properties": { "source": "sv", "poi_id": "8604_left", "poi_name": "ก อบ รีด", "category_raw": "shop=yes", "category_std": "retail_commerce", "category_std_th": "การค้าปลีกและร้านค้า", "category_sub": "shop=yes", "category_sub_th": "ร้านค้าไม่ระบุประเภทย่อย", "lat": 18.768791202843889, "lon": 99.000709463429473, "point_id": 8604, "side": "left", "pano_id": "OERH7REHpDN88SYHAgh-bw", "heading": 250.742, "poi_names": "ก อบ รีด", "categories": "shop=yes", "poi_count": 1 }, "geometry": { "type": "Point", "coordinates": [ 99.000709463429473, 18.768791202843889 ] } },
{ "type": "Feature", "properties": { "source": "sv", "poi_id": "8609_left", "poi_name": "เมืองไทยแคปปิตอล", "category_raw": "office=financial", "category_std": "finance_insurance", "category_std_th": "การเงินและประกันภัย", "category_sub": "office=financial", "category_sub_th": "บริการทางการเงิน", "lat": 18.7694064330054, "lon": 99.000482749571916, "point_id": 8609, "side": "left", "pano_id": "hl5Hhpxb30c71t0VF2h0Ew", "heading": 250.224, "poi_names": "เมืองไทยแคปปิตอล", "categories": "office=financial", "poi_count": 1 }, "geometry": { "type": "Point", "coordinates": [ 99.000482749571916, 18.7694064330054 ] } },
{ "type": "Feature", "properties": { "source": "sv", "poi_id": "8619_right", "poi_name": "Mai Mansion", "category_raw": "tourism=hotel", "category_std": "tourism_culture", "category_std_th": "ที่พัก การท่องเที่ยว และวัฒนธรรม", "category_sub": "tourism=hotel", "category_sub_th": "โรงแรม", "lat": 18.770816654986245, "lon": 99.000098832179674, "point_id": 8619, "side": "right", "pano_id": "ZpOIMu5Nr3FAW9U9oNRjHg", "heading": 69.489, "poi_names": "Mai Mansion", "categories": "tourism=hotel", "poi_count": 1 }, "geometry": { "type": "Point", "coordinates": [ 99.000098832179674, 18.770816654986245 ] } },
{ "type": "Feature", "properties": { "source": "sv", "poi_id": "8620_left", "poi_name": "ซองภิน ของฝาก", "category_raw": "shop=yes", "category_std": "retail_commerce", "category_std_th": "การค้าปลีกและร้านค้า", "category_sub": "shop=yes", "category_sub_th": "ร้านค้าไม่ระบุประเภทย่อย", "lat": 18.770866038984487, "lon": 98.999876847042458, "point_id": 8620, "side": "left", "pano_id": "vhmp1xP1a5qLXeQHmwrgug", "heading": 253.961, "poi_names": "ซองภิน ของฝาก", "categories": "shop=yes", "poi_count": 1 }, "geometry": { "type": "Point", "coordinates": [ 98.999876847042458, 18.770866038984487 ] } },
{ "type": "Feature", "properties": { "source": "sv", "poi_id": "8684_right", "poi_name": "ร้านทำผม สระ ไดร์", "category_raw": "shop=hairdresser", "category_std": "personal_service_repair", "category_std_th": "บริการส่วนบุคคลและงานซ่อม", "category_sub": "shop=hairdresser", "category_sub_th": "ร้านทำผม", "lat": 18.800479231610502, "lon": 98.959468831428481, "point_id": 8684, "side": "right", "pano_id": "UVCB8Vzb1el9VzYKxxK8ew", "heading": 8.995, "poi_names": "ร้านทำผม สระ ไดร์", "categories": "shop=hairdresser", "poi_count": 1 }, "geometry": { "type": "Point", "coordinates": [ 98.959468831428481, 18.800479231610502 ] } },
{ "type": "Feature", "properties": { "source": "sv", "poi_id": "8723_right", "poi_name": "สวนดอก กรีนวิว", "category_raw": "tourism=hotel", "category_std": "tourism_culture", "category_std_th": "ที่พัก การท่องเที่ยว และวัฒนธรรม", "category_sub": "tourism=hotel", "category_sub_th": "โรงแรม", "lat": 18.783664652070616, "lon": 98.97258002351596, "point_id": 8723, "side": "right", "pano_id": "VymqBfjmW5Om_KaNQ5xfLw", "heading": 200.99, "poi_names": "สวนดอก กรีนวิว", "categories": "tourism=hotel", "poi_count": 1 }, "geometry": { "type": "Point", "coordinates": [ 98.97258002351596, 18.783664652070616 ] } },
{ "type": "Feature", "properties": { "source": "sv", "poi_id": "8882_left", "poi_name": "ก๋วยเตี๋ยวไก่มะระ", "category_raw": "amenity=restaurant", "category_std": "food_beverage", "category_std_th": "อาหารและเครื่องดื่ม", "category_sub": "amenity=restaurant", "category_sub_th": "ร้านอาหาร", "lat": 18.780172779982014, "lon": 99.025836055767044, "point_id": 8882, "side": "left", "pano_id": "AymsVOrsOKxYHiLLH29Htg", "heading": 182.988, "poi_names": "ก๋วยเตี๋ยวไก่มะระ", "categories": "amenity=restaurant", "poi_count": 1 }, "geometry": { "type": "Point", "coordinates": [ 99.025836055767044, 18.780172779982014 ] } },
{ "type": "Feature", "properties": { "source": "sv", "poi_id": "8943_left", "poi_name": "สุก็จินดา", "category_raw": "shop=yes", "category_std": "retail_commerce", "category_std_th": "การค้าปลีกและร้านค้า", "category_sub": "shop=yes", "category_sub_th": "ร้านค้าไม่ระบุประเภทย่อย", "lat": 18.797520937391024, "lon": 98.969827666224845, "point_id": 8943, "side": "left", "pano_id": "nf2IrZdtPvC-UDKsTPswKw", "heading": 10.119, "poi_names": "สุก็จินดา", "categories": "shop=yes", "poi_count": 1 }, "geometry": { "type": "Point", "coordinates": [ 98.969827666224845, 18.797520937391024 ] } },
{ "type": "Feature", "properties": { "source": "sv", "poi_id": "8978_right", "poi_name": "กุสนวดแผนโบราณ", "category_raw": "shop=massage", "category_std": "personal_service_repair", "category_std_th": "บริการส่วนบุคคลและงานซ่อม", "category_sub": "shop=massage", "category_sub_th": "ร้านนวด", "lat": 18.784658742638911, "lon": 99.001227124181838, "point_id": 8978, "side": "right", "pano_id": "D8CTIFJv0ye2IhzNPVUYGg", "heading": 177.508, "poi_names": "กุสนวดแผนโบราณ", "categories": "shop=massage", "poi_count": 1 }, "geometry": { "type": "Point", "coordinates": [ 99.001227124181838, 18.784658742638911 ] } },
{ "type": "Feature", "properties": { "source": "sv", "poi_id": "9117_right", "poi_name": "honbab", "category_raw": "amenity=restaurant", "category_std": "food_beverage", "category_std_th": "อาหารและเครื่องดื่ม", "category_sub": "amenity=restaurant", "category_sub_th": "ร้านอาหาร", "lat": 18.8045687844679, "lon": 98.972471323180855, "point_id": 9117, "side": "right", "pano_id": "pGQEpSMzHMJ1fJ3Up89tkQ", "heading": 100.34, "poi_names": "honbab", "categories": "amenity=restaurant", "poi_count": 1 }, "geometry": { "type": "Point", "coordinates": [ 98.972471323180855, 18.8045687844679 ] } },
{ "type": "Feature", "properties": { "source": "sv", "poi_id": "9122_right", "poi_name": "Korean Food", "category_raw": "amenity=restaurant", "category_std": "food_beverage", "category_std_th": "อาหารและเครื่องดื่ม", "category_sub": "amenity=restaurant", "category_sub_th": "ร้านอาหาร", "lat": 18.804638371354979, "lon": 98.972393097270981, "point_id": 9122, "side": "right", "pano_id": "OGI3r8-3rMT-0-7samKhQQ", "heading": 187.208, "poi_names": "Korean Food", "categories": "amenity=restaurant", "poi_count": 1 }, "geometry": { "type": "Point", "coordinates": [ 98.972393097270981, 18.804638371354979 ] } },
{ "type": "Feature", "properties": { "source": "sv", "poi_id": "9242_left", "poi_name": "โรงเรียนอนุบาลวารี", "category_raw": "amenity=school", "category_std": "education_religion", "category_std_th": "การศึกษาและศาสนา", "category_sub": "amenity=school", "category_sub_th": "โรงเรียน", "lat": 18.793663418062906, "lon": 99.00464588877206, "point_id": 9242, "side": "left", "pano_id": "I6qLBXaXDuM5HQOqPQL39g", "heading": 256.179, "poi_names": "โรงเรียนอนุบาลวารี", "categories": "amenity=school", "poi_count": 1 }, "geometry": { "type": "Point", "coordinates": [ 99.00464588877206, 18.793663418062906 ] } },
{ "type": "Feature", "properties": { "source": "sv", "poi_id": "9501_left", "poi_name": "Siia Coffee", "category_raw": "amenity=cafe", "category_std": "food_beverage", "category_std_th": "อาหารและเครื่องดื่ม", "category_sub": "amenity=cafe", "category_sub_th": "ร้านกาแฟ", "lat": 18.795912669391285, "lon": 98.997223448771464, "point_id": 9501, "side": "left", "pano_id": "b5i_VjNboahXFBuf5d5gnw", "heading": 180.937, "poi_names": "Siia Coffee", "categories": "amenity=cafe", "poi_count": 1 }, "geometry": { "type": "Point", "coordinates": [ 98.997223448771464, 18.795912669391285 ] } },
{ "type": "Feature", "properties": { "source": "sv", "poi_id": "9547_left", "poi_name": "เนื้อย่าง", "category_raw": "amenity=restaurant", "category_std": "food_beverage", "category_std_th": "อาหารและเครื่องดื่ม", "category_sub": "amenity=restaurant", "category_sub_th": "ร้านอาหาร", "lat": 18.776402264546839, "lon": 98.994753011938926, "point_id": 9547, "side": "left", "pano_id": "A1taSSugaDOyvNr0TpiGFA", "heading": 125.713, "poi_names": "เนื้อย่าง", "categories": "amenity=restaurant", "poi_count": 1 }, "geometry": { "type": "Point", "coordinates": [ 98.994753011938926, 18.776402264546839 ] } },
{ "type": "Feature", "properties": { "source": "sv", "poi_id": "9583_right", "poi_name": "เบสท์คอมมีเดีย", "category_raw": "office=company", "category_std": "office_professional", "category_std_th": "สำนักงานและบริการวิชาชีพ", "category_sub": "office=company", "category_sub_th": "บริษัท", "lat": 18.81617066547517, "lon": 98.981860260025741, "point_id": 9583, "side": "right", "pano_id": "MmAvEen9_7UNG3JmDdbB0g", "heading": 179.239, "poi_names": "เบสท์คอมมีเดีย", "categories": "office=company", "poi_count": 1 }, "geometry": { "type": "Point", "coordinates": [ 98.981860260025741, 18.81617066547517 ] } },
{ "type": "Feature", "properties": { "source": "sv", "poi_id": "9589_right", "poi_name": "บริษัท ทิพย์ยาวี เรียลตี้ จำกัด", "category_raw": "office=company", "category_std": "office_professional", "category_std_th": "สำนักงานและบริการวิชาชีพ", "category_sub": "office=company", "category_sub_th": "บริษัท", "lat": 18.815633808544494, "lon": 98.981715578881406, "point_id": 9589, "side": "right", "pano_id": "f7iWQWw3MN7mkV_xVO55Dg", "heading": 167.472, "poi_names": "บริษัท ทิพย์ยาวี เรียลตี้ จำกัด", "categories": "office=company", "poi_count": 1 }, "geometry": { "type": "Point", "coordinates": [ 98.981715578881406, 18.815633808544494 ] } },
{ "type": "Feature", "properties": { "source": "sv", "poi_id": "9626_left", "poi_name": "รับซื้อ รับฝาก ติดฟิล์ม ไอโฟน ไอแพด", "category_raw": "shop=mobile_phone", "category_std": "retail_commerce", "category_std_th": "การค้าปลีกและร้านค้า", "category_sub": "shop=mobile_phone", "category_sub_th": "ร้านโทรศัพท์มือถือ", "lat": 18.804442080155027, "lon": 98.981057351384763, "point_id": 9626, "side": "left", "pano_id": "tWh1fEe-Hwh7pcXI_TRUyQ", "heading": 273.859, "poi_names": "รับซื้อ รับฝาก ติดฟิล์ม ไอโฟน ไอแพด", "categories": "shop=mobile_phone", "poi_count": 1 }, "geometry": { "type": "Point", "coordinates": [ 98.981057351384763, 18.804442080155027 ] } },
{ "type": "Feature", "properties": { "source": "sv", "poi_id": "9626_right", "poi_name": "ซ่อมมือถือ", "category_raw": "shop=mobile_phone", "category_std": "retail_commerce", "category_std_th": "การค้าปลีกและร้านค้า", "category_sub": "shop=mobile_phone", "category_sub_th": "ร้านโทรศัพท์มือถือ", "lat": 18.804429919796981, "lon": 98.981246648608433, "point_id": 9626, "side": "right", "pano_id": "tWh1fEe-Hwh7pcXI_TRUyQ", "heading": 93.859, "poi_names": "ซ่อมมือถือ", "categories": "shop=mobile_phone", "poi_count": 1 }, "geometry": { "type": "Point", "coordinates": [ 98.981246648608433, 18.804429919796981 ] } },
{ "type": "Feature", "properties": { "source": "sv", "poi_id": "9627_right", "poi_name": "ฮ่อมมือถือ", "category_raw": "shop=mobile_phone", "category_std": "retail_commerce", "category_std_th": "การค้าปลีกและร้านค้า", "category_sub": "shop=mobile_phone", "category_sub_th": "ร้านโทรศัพท์มือถือ", "lat": 18.804544679119289, "lon": 98.981254631286419, "point_id": 9627, "side": "right", "pano_id": "M1PcdUSh5AesnECDTf0qlw", "heading": 94.012, "poi_names": "ฮ่อมมือถือ", "categories": "shop=mobile_phone", "poi_count": 1 }, "geometry": { "type": "Point", "coordinates": [ 98.981254631286419, 18.804544679119289 ] } },
{ "type": "Feature", "properties": { "source": "sv", "poi_id": "9631_left", "poi_name": "เอื้องเหนือรีสอร์ท", "category_raw": "tourism=hotel", "category_std": "tourism_culture", "category_std_th": "ที่พัก การท่องเที่ยว และวัฒนธรรม", "category_sub": "tourism=hotel", "category_sub_th": "โรงแรม", "lat": 18.841536425857448, "lon": 98.9732667770744, "point_id": 9631, "side": "left", "pano_id": "NISZFThdnIaWC2CNb6dC4Q", "heading": 154.548, "poi_names": "เอื้องเหนือรีสอร์ท", "categories": "tourism=hotel", "poi_count": 1 }, "geometry": { "type": "Point", "coordinates": [ 98.9732667770744, 18.841536425857448 ] } },
{ "type": "Feature", "properties": { "source": "sv", "poi_id": "9687_right", "poi_name": "A Chippy", "category_raw": "amenity=fast_food", "category_std": "food_beverage", "category_std_th": "อาหารและเครื่องดื่ม", "category_sub": "amenity=fast_food", "category_sub_th": "อาหารจานด่วน", "lat": 18.787441363545565, "lon": 98.994416914240162, "point_id": 9687, "side": "right", "pano_id": "ZHiwZgqJCJ54vh4MaNls3A", "heading": 281.081, "poi_names": "A Chippy", "categories": "amenity=fast_food", "poi_count": 1 }, "geometry": { "type": "Point", "coordinates": [ 98.994416914240162, 18.787441363545565 ] } },
{ "type": "Feature", "properties": { "source": "sv", "poi_id": "9750_left", "poi_name": "eheen shop", "category_raw": "shop=yes", "category_std": "retail_commerce", "category_std_th": "การค้าปลีกและร้านค้า", "category_sub": "shop=yes", "category_sub_th": "ร้านค้าไม่ระบุประเภทย่อย", "lat": 18.758408057617103, "lon": 99.007894803217681, "point_id": 9750, "side": "left", "pano_id": "XTLfXzi_2HuT10Twn62qcA", "heading": 347.085, "poi_names": "eheen shop", "categories": "shop=yes", "poi_count": 1 }, "geometry": { "type": "Point", "coordinates": [ 99.007894803217681, 18.758408057617103 ] } },
{ "type": "Feature", "properties": { "source": "sv", "poi_id": "9776_left", "poi_name": "จ้าตุน่ายอุปกรณ์ ไฟฟ้า เทคนิค โฮมกายนาบ ตู้สวิทซ์บอร์ด อุปกรณ์ไฟฟ้า", "category_raw": "shop=electronics", "category_std": "retail_commerce", "category_std_th": "การค้าปลีกและร้านค้า", "category_sub": "shop=electronics", "category_sub_th": "ร้านเครื่องใช้ไฟฟ้าและอิเล็กทรอนิกส์", "lat": 18.758305976047101, "lon": 99.008981147201837, "point_id": 9776, "side": "left", "pano_id": "Sfzlm7IzbtRqujh4v5RUFQ", "heading": 170.197, "poi_names": "จ้าตุน่ายอุปกรณ์ ไฟฟ้า เทคนิค โฮมกายนาบ ตู้สวิทซ์บอร์ด อุปกรณ์ไฟฟ้า", "categories": "shop=electronics", "poi_count": 1 }, "geometry": { "type": "Point", "coordinates": [ 99.008981147201837, 18.758305976047101 ] } },
{ "type": "Feature", "properties": { "source": "sv", "poi_id": "9779_left", "poi_name": "ไมด้าลิสซิ่ง", "category_raw": "office=financial", "category_std": "finance_insurance", "category_std_th": "การเงินและประกันภัย", "category_sub": "office=financial", "category_sub_th": "บริการทางการเงิน", "lat": 18.758209604691992, "lon": 99.008473586729821, "point_id": 9779, "side": "left", "pano_id": "JVeWGHpi9rXsKiJzJaxsGQ", "heading": 168.081, "poi_names": "ไมด้าลิสซิ่ง", "categories": "office=financial", "poi_count": 1 }, "geometry": { "type": "Point", "coordinates": [ 99.008473586729821, 18.758209604691992 ] } },
{ "type": "Feature", "properties": { "source": "sv", "poi_id": "9806_left", "poi_name": "ยนต์บ้านและอาคาร", "category_raw": "shop=yes", "category_std": "retail_commerce", "category_std_th": "การค้าปลีกและร้านค้า", "category_sub": "shop=yes", "category_sub_th": "ร้านค้าไม่ระบุประเภทย่อย", "lat": 18.756905924779755, "lon": 99.002895115919316, "point_id": 9806, "side": "left", "pano_id": "zsKHIdCFfwd8xWHipfeteg", "heading": 167.135, "poi_names": "ยนต์บ้านและอาคาร", "categories": "shop=yes", "poi_count": 1 }, "geometry": { "type": "Point", "coordinates": [ 99.002895115919316, 18.756905924779755 ] } },
{ "type": "Feature", "properties": { "source": "sv", "poi_id": "9952_left", "poi_name": "อเมซอน", "category_raw": "amenity=cafe", "category_std": "food_beverage", "category_std_th": "อาหารและเครื่องดื่ม", "category_sub": "amenity=cafe", "category_sub_th": "ร้านกาแฟ", "lat": 18.802216540444576, "lon": 98.981715613448245, "point_id": 9952, "side": "left", "pano_id": "-4pHLbRY7gqdTmVSWdfN7g", "heading": 7.641, "poi_names": "อเมซอน", "categories": "amenity=cafe", "poi_count": 1 }, "geometry": { "type": "Point", "coordinates": [ 98.981715613448245, 18.802216540444576 ] } },
{ "type": "Feature", "properties": { "source": "sv", "poi_id": "9962_left", "poi_name": "หนอย รับซื้อ มือถือ", "category_raw": "shop=mobile_phone", "category_std": "retail_commerce", "category_std_th": "การค้าปลีกและร้านค้า", "category_sub": "shop=mobile_phone", "category_sub_th": "ร้านโทรศัพท์มือถือ", "lat": 18.804666777064625, "lon": 98.9810305837605, "point_id": 9962, "side": "left", "pano_id": "Fr_2hBMCTD7GDkCu-_FlSg", "heading": 10.682, "poi_names": "หนอย รับซื้อ มือถือ", "categories": "shop=mobile_phone", "poi_count": 1 }, "geometry": { "type": "Point", "coordinates": [ 98.9810305837605, 18.804666777064625 ] } },
{ "type": "Feature", "properties": { "source": "sv", "poi_id": "9965_right", "poi_name": "ตัดผมชาย", "category_raw": "shop=hairdresser", "category_std": "personal_service_repair", "category_std_th": "บริการส่วนบุคคลและงานซ่อม", "category_sub": "shop=hairdresser", "category_sub_th": "ร้านทำผม", "lat": 18.804400975412204, "lon": 98.98151785493252, "point_id": 9965, "side": "right", "pano_id": "WvvZIbqeUI0vZt-cbfw96w", "heading": 189.799, "poi_names": "ตัดผมชาย", "categories": "shop=hairdresser", "poi_count": 1 }, "geometry": { "type": "Point", "coordinates": [ 98.98151785493252, 18.804400975412204 ] } },
{ "type": "Feature", "properties": { "source": "sv", "poi_id": "9969_right", "poi_name": "Apple For You", "category_raw": "shop=mobile_phone", "category_std": "retail_commerce", "category_std_th": "การค้าปลีกและร้านค้า", "category_sub": "shop=mobile_phone", "category_sub_th": "ร้านโทรศัพท์มือถือ", "lat": 18.80427797541104, "lon": 98.982266854944257, "point_id": 9969, "side": "right", "pano_id": "H9y1HDuRypJbSnfrs96e5g", "heading": 189.799, "poi_names": "Apple For You", "categories": "shop=mobile_phone", "poi_count": 1 }, "geometry": { "type": "Point", "coordinates": [ 98.982266854944257, 18.80427797541104 ] } },
{ "type": "Feature", "properties": { "source": "sv", "poi_id": "9972_left", "poi_name": "ตลาดศิริวัฒนา", "category_raw": "shop=supermarket", "category_std": "retail_commerce", "category_std_th": "การค้าปลีกและร้านค้า", "category_sub": "shop=supermarket", "category_sub_th": "ซูเปอร์มาร์เก็ต", "lat": 18.804367984574025, "lon": 98.982823386476355, "point_id": 9972, "side": "left", "pano_id": "IU1LP5EkWojVjjtkpS0FiQ", "heading": 9.947, "poi_names": "ตลาดศิริวัฒนา", "categories": "shop=supermarket", "poi_count": 1 }, "geometry": { "type": "Point", "coordinates": [ 98.982823386476355, 18.804367984574025 ] } },
{ "type": "Feature", "properties": { "source": "sv", "poi_id": "9973_right", "poi_name": "ชายไทย บาร์เบอร์ | zand เครื่องนอน", "category_raw": "shop=hairdresser, shop=yes", "category_std": "personal_service_repair; retail_commerce", "category_std_th": "บริการส่วนบุคคลและงานซ่อม; การค้าปลีกและร้านค้า", "category_sub": "shop=hairdresser, shop=yes", "category_sub_th": "ร้านทำผม; ร้านค้าไม่ระบุประเภทย่อย", "lat": 18.804159015423394, "lon": 98.982977613543881, "point_id": 9973, "side": "right", "pano_id": "r3d6fol4sXaqGJecAk-yAg", "heading": 189.947, "poi_names": "ชายไทย บาร์เบอร์ | zand เครื่องนอน", "categories": "shop=hairdresser, shop=yes", "poi_count": 2 }, "geometry": { "type": "Point", "coordinates": [ 98.982977613543881, 18.804159015423394 ] } },
{ "type": "Feature", "properties": { "source": "sv", "poi_id": "9974_right", "poi_name": "ร้านน้ำแข็ง โชคชัย", "category_raw": "shop=yes", "category_std": "retail_commerce", "category_std_th": "การค้าปลีกและร้านค้า", "category_sub": "shop=yes", "category_sub_th": "ร้านค้าไม่ระบุประเภทย่อย", "lat": 18.804128670340042, "lon": 98.983163834195366, "point_id": 9974, "side": "right", "pano_id": "EZoP4gBTrkmFpdCWflqpQQ", "heading": 188.588, "poi_names": "ร้านน้ำแข็ง โชคชัย", "categories": "shop=yes", "poi_count": 1 }, "geometry": { "type": "Point", "coordinates": [ 98.983163834195366, 18.804128670340042 ] } },
{ "type": "Feature", "properties": { "source": "sv", "poi_id": "10104_left", "poi_name": "ไทยศิรี", "category_raw": "shop=yes", "category_std": "retail_commerce", "category_std_th": "การค้าปลีกและร้านค้า", "category_sub": "shop=yes", "category_sub_th": "ร้านค้าไม่ระบุประเภทย่อย", "lat": 18.79087890933609, "lon": 98.999856169844961, "point_id": 10104, "side": "left", "pano_id": "L3gb_RlFmI6l2CCHc5hT6w", "heading": 349.78, "poi_names": "ไทยศิรี", "categories": "shop=yes", "poi_count": 1 }, "geometry": { "type": "Point", "coordinates": [ 98.999856169844961, 18.79087890933609 ] } },
{ "type": "Feature", "properties": { "source": "sv", "poi_id": "10105_left", "poi_name": "ไทยศิริ", "category_raw": "shop=yes", "category_std": "retail_commerce", "category_std_th": "การค้าปลีกและร้านค้า", "category_sub": "shop=yes", "category_sub_th": "ร้านค้าไม่ระบุประเภทย่อย", "lat": 18.790891789446899, "lon": 98.999929486002713, "point_id": 10105, "side": "left", "pano_id": "wm_CIcryD1TcUDPIzI5PtA", "heading": 349.36, "poi_names": "ไทยศิริ", "categories": "shop=yes", "poi_count": 1 }, "geometry": { "type": "Point", "coordinates": [ 98.999929486002713, 18.790891789446899 ] } },
{ "type": "Feature", "properties": { "source": "sv", "poi_id": "10109_left", "poi_name": "สตาร์ การม่าน แอนด์ดีไซน์", "category_raw": "shop=yes", "category_std": "retail_commerce", "category_std_th": "การค้าปลีกและร้านค้า", "category_sub": "shop=yes", "category_sub_th": "ร้านค้าไม่ระบุประเภทย่อย", "lat": 18.790998759315769, "lon": 99.000527318430002, "point_id": 10109, "side": "left", "pano_id": "68-sHNR6ckbPXQOxVrz77g", "heading": 349.257, "poi_names": "สตาร์ การม่าน แอนด์ดีไซน์", "categories": "shop=yes", "poi_count": 1 }, "geometry": { "type": "Point", "coordinates": [ 99.000527318430002, 18.790998759315769 ] } },
{ "type": "Feature", "properties": { "source": "sv", "poi_id": "10113_right", "poi_name": "Aisfah Restaurant", "category_raw": "amenity=restaurant", "category_std": "food_beverage", "category_std_th": "อาหารและเครื่องดื่ม", "category_sub": "amenity=restaurant", "category_sub_th": "ร้านอาหาร", "lat": 18.783926005803032, "lon": 98.999587675365234, "point_id": 10113, "side": "right", "pano_id": "C0Bs7YrlVOxcj8hWUpks0w", "heading": 185.035, "poi_names": "Aisfah Restaurant", "categories": "amenity=restaurant", "poi_count": 1 }, "geometry": { "type": "Point", "coordinates": [ 98.999587675365234, 18.783926005803032 ] } },
{ "type": "Feature", "properties": { "source": "sv", "poi_id": "10118_right", "poi_name": "Sandwich | Smoothies", "category_raw": "amenity=fast_food, amenity=cafe", "category_std": "food_beverage", "category_std_th": "อาหารและเครื่องดื่ม", "category_sub": "amenity=fast_food, amenity=cafe", "category_sub_th": "อาหารจานด่วน; ร้านกาแฟ", "lat": 18.784006939540514, "lon": 98.998611506817085, "point_id": 10118, "side": "right", "pano_id": "DjxU9aUSqEtbGDm6QBTx4g", "heading": 184.531, "poi_names": "Sandwich | Smoothies", "categories": "amenity=fast_food, amenity=cafe", "poi_count": 2 }, "geometry": { "type": "Point", "coordinates": [ 98.998611506817085, 18.784006939540514 ] } },
{ "type": "Feature", "properties": { "source": "sv", "poi_id": "10124_right", "poi_name": "ร้านขายยา", "category_raw": "amenity=pharmacy", "category_std": "health", "category_std_th": "สุขภาพและการแพทย์", "category_sub": "amenity=pharmacy", "category_sub_th": "ร้านขายยา", "lat": 18.781126226536529, "lon": 98.998757367877104, "point_id": 10124, "side": "right", "pano_id": "230HeOb6Ucy5RaOMFQ7VHQ", "heading": 186.436, "poi_names": "ร้านขายยา", "categories": "amenity=pharmacy", "poi_count": 1 }, "geometry": { "type": "Point", "coordinates": [ 98.998757367877104, 18.781126226536529 ] } },
{ "type": "Feature", "properties": { "source": "sv", "poi_id": "10126_left", "poi_name": "bil coose cafe", "category_raw": "amenity=cafe", "category_std": "food_beverage", "category_std_th": "อาหารและเครื่องดื่ม", "category_sub": "amenity=cafe", "category_sub_th": "ร้านกาแฟ", "lat": 18.781288050179818, "lon": 98.998989628378283, "point_id": 10126, "side": "left", "pano_id": "Y1Ibeu4JwQFY-rvaYNADug", "heading": 4.613, "poi_names": "bil coose cafe", "categories": "amenity=cafe", "poi_count": 1 }, "geometry": { "type": "Point", "coordinates": [ 98.998989628378283, 18.781288050179818 ] } },
{ "type": "Feature", "properties": { "source": "sv", "poi_id": "10198_left", "poi_name": "Chomdol House", "category_raw": "tourism=guest_house", "category_std": "tourism_culture", "category_std_th": "ที่พัก การท่องเที่ยว และวัฒนธรรม", "category_sub": "tourism=guest_house", "category_sub_th": "เกสต์เฮาส์", "lat": 18.800818567198704, "lon": 98.962009626813284, "point_id": 10198, "side": "left", "pano_id": "E-hqtMbTmexvWDePWDmnEQ", "heading": 339.402, "poi_names": "Chomdol House", "categories": "tourism=guest_house", "poi_count": 1 }, "geometry": { "type": "Point", "coordinates": [ 98.962009626813284, 18.800818567198704 ] } },
{ "type": "Feature", "properties": { "source": "sv", "poi_id": "10303_left", "poi_name": "Pachara Kruawit", "category_raw": "amenity=restaurant", "category_std": "food_beverage", "category_std_th": "อาหารและเครื่องดื่ม", "category_sub": "amenity=restaurant", "category_sub_th": "ร้านอาหาร", "lat": 18.808091899101072, "lon": 98.951216785215763, "point_id": 10303, "side": "left", "pano_id": "CAoSF0NJSE0wb2dLRUlDQWdJQ3J1YmlzbHdF", "heading": 203.097, "poi_names": "Pachara Kruawit", "categories": "amenity=restaurant", "poi_count": 1 }, "geometry": { "type": "Point", "coordinates": [ 98.951216785215763, 18.808091899101072 ] } },
{ "type": "Feature", "properties": { "source": "sv", "poi_id": "10319_right", "poi_name": "prettyclub", "category_raw": "shop=beauty", "category_std": "personal_service_repair", "category_std_th": "บริการส่วนบุคคลและงานซ่อม", "category_sub": "shop=beauty", "category_sub_th": "ร้านเสริมสวย", "lat": 18.798152300242425, "lon": 98.962064093182178, "point_id": 10319, "side": "right", "pano_id": "wf-XZRTgeD05osFruY5n2w", "heading": 358.244, "poi_names": "prettyclub", "categories": "shop=beauty", "poi_count": 1 }, "geometry": { "type": "Point", "coordinates": [ 98.962064093182178, 18.798152300242425 ] } },
{ "type": "Feature", "properties": { "source": "sv", "poi_id": "10323_left", "poi_name": "โกเหิลียง", "category_raw": "amenity=restaurant", "category_std": "food_beverage", "category_std_th": "อาหารและเครื่องดื่ม", "category_sub": "amenity=restaurant", "category_sub_th": "ร้านอาหาร", "lat": 18.797950699998392, "lon": 98.961351915088557, "point_id": 10323, "side": "left", "pano_id": "AkADGnhNFcy7JMjsjKnerA", "heading": 178.239, "poi_names": "โกเหิลียง", "categories": "amenity=restaurant", "poi_count": 1 }, "geometry": { "type": "Point", "coordinates": [ 98.961351915088557, 18.797950699998392 ] } },
{ "type": "Feature", "properties": { "source": "sv", "poi_id": "10327_right", "poi_name": "คณเ หมูกระทะ", "category_raw": "amenity=restaurant", "category_std": "food_beverage", "category_std_th": "อาหารและเครื่องดื่ม", "category_sub": "amenity=restaurant", "category_sub_th": "ร้านอาหาร", "lat": 18.797921827301732, "lon": 98.964549783001218, "point_id": 10327, "side": "right", "pano_id": "d3EJxSwvGLSmZqnDM4fGgQ", "heading": 189.231, "poi_names": "คณเ หมูกระทะ", "categories": "amenity=restaurant", "poi_count": 1 }, "geometry": { "type": "Point", "coordinates": [ 98.964549783001218, 18.797921827301732 ] } },
{ "type": "Feature", "properties": { "source": "sv", "poi_id": "10328_right", "poi_name": "คณาหมูกระทะ", "category_raw": "amenity=restaurant", "category_std": "food_beverage", "category_std_th": "อาหารและเครื่องดื่ม", "category_sub": "amenity=restaurant", "category_sub_th": "ร้านอาหาร", "lat": 18.797905833887175, "lon": 98.964652740515575, "point_id": 10328, "side": "right", "pano_id": "ktsFP4PThCzOK5lJk_C14w", "heading": 189.257, "poi_names": "คณาหมูกระทะ", "categories": "amenity=restaurant", "poi_count": 1 }, "geometry": { "type": "Point", "coordinates": [ 98.964652740515575, 18.797905833887175 ] } },
{ "type": "Feature", "properties": { "source": "sv", "poi_id": "10484_right", "poi_name": "coffee", "category_raw": "amenity=cafe", "category_std": "food_beverage", "category_std_th": "อาหารและเครื่องดื่ม", "category_sub": "amenity=cafe", "category_sub_th": "ร้านกาแฟ", "lat": 18.77673982922952, "lon": 99.020200390665167, "point_id": 10484, "side": "right", "pano_id": "uE_ia7lop8Ok-kkhX0k_1A", "heading": 296.868, "poi_names": "coffee", "categories": "amenity=cafe", "poi_count": 1 }, "geometry": { "type": "Point", "coordinates": [ 99.020200390665167, 18.77673982922952 ] } },
{ "type": "Feature", "properties": { "source": "sv", "poi_id": "10560_right", "poi_name": "ผัดไทแม่รุ่ง | รุงเคอาคั่วไก่", "category_raw": "amenity=restaurant", "category_std": "food_beverage", "category_std_th": "อาหารและเครื่องดื่ม", "category_sub": "amenity=restaurant", "category_sub_th": "ร้านอาหาร", "lat": 18.769778522933624, "lon": 99.011426099773956, "point_id": 10560, "side": "right", "pano_id": "OnMjXIMQuDepciYUSDxVJQ", "heading": 172.061, "poi_names": "ผัดไทแม่รุ่ง | รุงเคอาคั่วไก่", "categories": "amenity=restaurant", "poi_count": 2 }, "geometry": { "type": "Point", "coordinates": [ 99.011426099773956, 18.769778522933624 ] } },
{ "type": "Feature", "properties": { "source": "sv", "poi_id": "10713_right", "poi_name": "แอดไวซ์", "category_raw": "shop=electronics", "category_std": "retail_commerce", "category_std_th": "การค้าปลีกและร้านค้า", "category_sub": "shop=electronics", "category_sub_th": "ร้านเครื่องใช้ไฟฟ้าและอิเล็กทรอนิกส์", "lat": 18.79659078385378, "lon": 98.981191899098647, "point_id": 10713, "side": "right", "pano_id": "V6-_5XiVPW1BvJ5C0qRUvQ", "heading": 293.334, "poi_names": "แอดไวซ์", "categories": "shop=electronics", "poi_count": 1 }, "geometry": { "type": "Point", "coordinates": [ 98.981191899098647, 18.79659078385378 ] } },
{ "type": "Feature", "properties": { "source": "sv", "poi_id": "10722_left", "poi_name": "Happy Hair", "category_raw": "shop=hairdresser", "category_std": "personal_service_repair", "category_std_th": "บริการส่วนบุคคลและงานซ่อม", "category_sub": "shop=hairdresser", "category_sub_th": "ร้านทำผม", "lat": 18.792935337765378, "lon": 98.978886993324679, "point_id": 10722, "side": "left", "pano_id": "c676GhyFjfutseGRTDptCg", "heading": 0.6, "poi_names": "Happy Hair", "categories": "shop=hairdresser", "poi_count": 1 }, "geometry": { "type": "Point", "coordinates": [ 98.978886993324679, 18.792935337765378 ] } },
{ "type": "Feature", "properties": { "source": "sv", "poi_id": "10745_right", "poi_name": "777โฟน | กอ ฟิล์ม เคส", "category_raw": "shop=mobile_phone", "category_std": "retail_commerce", "category_std_th": "การค้าปลีกและร้านค้า", "category_sub": "shop=mobile_phone", "category_sub_th": "ร้านโทรศัพท์มือถือ", "lat": 18.801009554689145, "lon": 98.983491788316542, "point_id": 10745, "side": "right", "pano_id": "kkrJjxc3Z7oYWO6OR9M3Eg", "heading": 87.745, "poi_names": "777โฟน | กอ ฟิล์ม เคส", "categories": "shop=mobile_phone", "poi_count": 2 }, "geometry": { "type": "Point", "coordinates": [ 98.983491788316542, 18.801009554689145 ] } },
{ "type": "Feature", "properties": { "source": "sv", "poi_id": "10753_left", "poi_name": "นครพิงค์ออโต้เมชั่น", "category_raw": "office=company", "category_std": "office_professional", "category_std_th": "สำนักงานและบริการวิชาชีพ", "category_sub": "office=company", "category_sub_th": "บริษัท", "lat": 18.801579844096068, "lon": 98.984315047986684, "point_id": 10753, "side": "left", "pano_id": "ia5KMaAxJvWeXQN2dJnqyw", "heading": 353.978, "poi_names": "นครพิงค์ออโต้เมชั่น", "categories": "office=company", "poi_count": 1 }, "geometry": { "type": "Point", "coordinates": [ 98.984315047986684, 18.801579844096068 ] } },
{ "type": "Feature", "properties": { "source": "sv", "poi_id": "10759_left", "poi_name": "โลหะกิจ", "category_raw": "shop=yes", "category_std": "retail_commerce", "category_std_th": "การค้าปลีกและร้านค้า", "category_sub": "shop=yes", "category_sub_th": "ร้านค้าไม่ระบุประเภทย่อย", "lat": 18.801660056038983, "lon": 98.985343449921046, "point_id": 10759, "side": "left", "pano_id": "Jx7tml6cUWQff0qxDuriyQ", "heading": 355.435, "poi_names": "โลหะกิจ", "categories": "shop=yes", "poi_count": 1 }, "geometry": { "type": "Point", "coordinates": [ 98.985343449921046, 18.801660056038983 ] } },
{ "type": "Feature", "properties": { "source": "sv", "poi_id": "10761_left", "poi_name": "เบเยอร์ชิลด์", "category_raw": "shop=yes", "category_std": "retail_commerce", "category_std_th": "การค้าปลีกและร้านค้า", "category_sub": "shop=yes", "category_sub_th": "ร้านค้าไม่ระบุประเภทย่อย", "lat": 18.801689056038704, "lon": 98.985722449919763, "point_id": 10761, "side": "left", "pano_id": "pv_cqzQSKPkU8yn0Xbec5Q", "heading": 355.435, "poi_names": "เบเยอร์ชิลด์", "categories": "shop=yes", "poi_count": 1 }, "geometry": { "type": "Point", "coordinates": [ 98.985722449919763, 18.801689056038704 ] } },
{ "type": "Feature", "properties": { "source": "sv", "poi_id": "10777_left", "poi_name": "นครชัยแอร์", "category_raw": "office=company", "category_std": "office_professional", "category_std_th": "สำนักงานและบริการวิชาชีพ", "category_sub": "office=company", "category_sub_th": "บริษัท", "lat": 18.803073740159299, "lon": 99.017118172217678, "point_id": 10777, "side": "left", "pano_id": "07ibpBPDT9NH2QC5dK5whw", "heading": 236.198, "poi_names": "นครชัยแอร์", "categories": "office=company", "poi_count": 1 }, "geometry": { "type": "Point", "coordinates": [ 99.017118172217678, 18.803073740159299 ] } },
{ "type": "Feature", "properties": { "source": "sv", "poi_id": "10854_left", "poi_name": "แมคออร์มัค", "category_raw": "shop=yes", "category_std": "retail_commerce", "category_std_th": "การค้าปลีกและร้านค้า", "category_sub": "shop=yes", "category_sub_th": "ร้านค้าไม่ระบุประเภทย่อย", "lat": 18.798175089470529, "lon": 99.010378187382045, "point_id": 10854, "side": "left", "pano_id": "p2EK1lLzbbXNKFQGd88_QA", "heading": 150.863, "poi_names": "แมคออร์มัค", "categories": "shop=yes", "poi_count": 1 }, "geometry": { "type": "Point", "coordinates": [ 99.010378187382045, 18.798175089470529 ] } },
{ "type": "Feature", "properties": { "source": "sv", "poi_id": "10929_right", "poi_name": "บริษัท เอสเอฟเอ็กซ์ จำกัด", "category_raw": "office=company", "category_std": "office_professional", "category_std_th": "สำนักงานและบริการวิชาชีพ", "category_sub": "office=company", "category_sub_th": "บริษัท", "lat": 18.803879754145687, "lon": 98.990476610708527, "point_id": 10929, "side": "right", "pano_id": "yPe5_3yZtFLXSNpNxThDxA", "heading": 182.652, "poi_names": "บริษัท เอสเอฟเอ็กซ์ จำกัด", "categories": "office=company", "poi_count": 1 }, "geometry": { "type": "Point", "coordinates": [ 98.990476610708527, 18.803879754145687 ] } },
{ "type": "Feature", "properties": { "source": "sv", "poi_id": "10933_right", "poi_name": "Chin Court", "category_raw": "tourism=hotel", "category_std": "tourism_culture", "category_std_th": "ที่พัก การท่องเที่ยว และวัฒนธรรม", "category_sub": "tourism=hotel", "category_sub_th": "โรงแรม", "lat": 18.803855730231213, "lon": 98.991109191308524, "point_id": 10933, "side": "right", "pano_id": "fbuWAjaQl4ruHSFuQ0PQgg", "heading": 182.301, "poi_names": "Chin Court", "categories": "tourism=hotel", "poi_count": 1 }, "geometry": { "type": "Point", "coordinates": [ 98.991109191308524, 18.803855730231213 ] } },
{ "type": "Feature", "properties": { "source": "sv", "poi_id": "11078_left", "poi_name": "กรุงเทพประกันชีวิต", "category_raw": "office=insurance", "category_std": "finance_insurance", "category_std_th": "การเงินและประกันภัย", "category_sub": "office=insurance", "category_sub_th": "บริษัทประกันภัย", "lat": 18.810527994299537, "lon": 98.947769450656779, "point_id": 11078, "side": "left", "pano_id": "uy9glqXt_75yAMRcLnkA9w", "heading": 260.439, "poi_names": "กรุงเทพประกันชีวิต", "categories": "office=insurance", "poi_count": 1 }, "geometry": { "type": "Point", "coordinates": [ 98.947769450656779, 18.810527994299537 ] } },
{ "type": "Feature", "properties": { "source": "sv", "poi_id": "11196_right", "poi_name": "สทน", "category_raw": "office=government", "category_std": "office_professional", "category_std_th": "สำนักงานและบริการวิชาชีพ", "category_sub": "office=government", "category_sub_th": "หน่วยงานราชการ", "lat": 18.805210489416847, "lon": 98.993726154987513, "point_id": 11196, "side": "right", "pano_id": "Aiez71HbnyOZQ_uPHTfcWQ", "heading": 187.782, "poi_names": "สทน", "categories": "office=government", "poi_count": 1 }, "geometry": { "type": "Point", "coordinates": [ 98.993726154987513, 18.805210489416847 ] } },
{ "type": "Feature", "properties": { "source": "sv", "poi_id": "11207_right", "poi_name": "หอพัก อินเตอร์ เพลส", "category_raw": "tourism=guest_house", "category_std": "tourism_culture", "category_std_th": "ที่พัก การท่องเที่ยว และวัฒนธรรม", "category_sub": "tourism=guest_house", "category_sub_th": "เกสต์เฮาส์", "lat": 18.809078085805009, "lon": 98.990369802632983, "point_id": 11207, "side": "right", "pano_id": "i-gFMHNnk5gHxSGFugswYQ", "heading": 169.798, "poi_names": "หอพัก อินเตอร์ เพลส", "categories": "tourism=guest_house", "poi_count": 1 }, "geometry": { "type": "Point", "coordinates": [ 98.990369802632983, 18.809078085805009 ] } },
{ "type": "Feature", "properties": { "source": "sv", "poi_id": "11231_right", "poi_name": "เฮโล คอฟฟี่", "category_raw": "amenity=cafe", "category_std": "food_beverage", "category_std_th": "อาหารและเครื่องดื่ม", "category_sub": "amenity=cafe", "category_sub_th": "ร้านกาแฟ", "lat": 18.797898146445849, "lon": 98.992701751251602, "point_id": 11231, "side": "right", "pano_id": "OByJCfSR5qOBdS08oOU5wg", "heading": 356.223, "poi_names": "เฮโล คอฟฟี่", "categories": "amenity=cafe", "poi_count": 1 }, "geometry": { "type": "Point", "coordinates": [ 98.992701751251602, 18.797898146445849 ] } },
{ "type": "Feature", "properties": { "source": "sv", "poi_id": "11325_left", "poi_name": "Rinnai", "category_raw": "shop=electronics", "category_std": "retail_commerce", "category_std_th": "การค้าปลีกและร้านค้า", "category_sub": "shop=electronics", "category_sub_th": "ร้านเครื่องใช้ไฟฟ้าและอิเล็กทรอนิกส์", "lat": 18.810391897095961, "lon": 98.98615271558208, "point_id": 11325, "side": "left", "pano_id": "ktP4ndvK141GR1q-Gr5jgw", "heading": 93.238, "poi_names": "Rinnai", "categories": "shop=electronics", "poi_count": 1 }, "geometry": { "type": "Point", "coordinates": [ 98.98615271558208, 18.810391897095961 ] } },
{ "type": "Feature", "properties": { "source": "sv", "poi_id": "11340_left", "poi_name": "คราชาบู", "category_raw": "amenity=restaurant", "category_std": "food_beverage", "category_std_th": "อาหารและเครื่องดื่ม", "category_sub": "amenity=restaurant", "category_sub_th": "ร้านอาหาร", "lat": 18.817601219575199, "lon": 98.990127946979499, "point_id": 11340, "side": "left", "pano_id": "VEiENXzgPl3PPTWfKjuAnA", "heading": 2.989, "poi_names": "คราชาบู", "categories": "amenity=restaurant", "poi_count": 1 }, "geometry": { "type": "Point", "coordinates": [ 98.990127946979499, 18.817601219575199 ] } },
{ "type": "Feature", "properties": { "source": "sv", "poi_id": "11373_left", "poi_name": "cafe", "category_raw": "amenity=cafe", "category_std": "food_beverage", "category_std_th": "อาหารและเครื่องดื่ม", "category_sub": "amenity=cafe", "category_sub_th": "ร้านกาแฟ", "lat": 18.808723773809493, "lon": 98.99040239792096, "point_id": 11373, "side": "left", "pano_id": "tWX7meInKel9dknx_bdyoA", "heading": 349.307, "poi_names": "cafe", "categories": "amenity=cafe", "poi_count": 1 }, "geometry": { "type": "Point", "coordinates": [ 98.99040239792096, 18.808723773809493 ] } },
{ "type": "Feature", "properties": { "source": "sv", "poi_id": "11399_left", "poi_name": "ล้างอัดฉีด", "category_raw": "shop=car_repair", "category_std": "personal_service_repair", "category_std_th": "บริการส่วนบุคคลและงานซ่อม", "category_sub": "shop=car_repair", "category_sub_th": "อู่ซ่อมรถยนต์", "lat": 18.817702755523481, "lon": 98.995573582231458, "point_id": 11399, "side": "left", "pano_id": "jxeIbJmU-JVlGoC_jDIlgg", "heading": 182.669, "poi_names": "ล้างอัดฉีด", "categories": "shop=car_repair", "poi_count": 1 }, "geometry": { "type": "Point", "coordinates": [ 98.995573582231458, 18.817702755523481 ] } },
{ "type": "Feature", "properties": { "source": "sv", "poi_id": "11414_left", "poi_name": "โรงเรียนพิชชาพิเนต", "category_raw": "amenity=school", "category_std": "education_religion", "category_std_th": "การศึกษาและศาสนา", "category_sub": "amenity=school", "category_sub_th": "โรงเรียน", "lat": 18.817824755231182, "lon": 98.99280658884436, "point_id": 11414, "side": "left", "pano_id": "u08NQ1L4692JXDTq3ilqkQ", "heading": 182.665, "poi_names": "โรงเรียนพิชชาพิเนต", "categories": "amenity=school", "poi_count": 1 }, "geometry": { "type": "Point", "coordinates": [ 98.99280658884436, 18.817824755231182 ] } },
{ "type": "Feature", "properties": { "source": "sv", "poi_id": "11429_right", "poi_name": "dr.kay", "category_raw": "amenity=clinic", "category_std": "health", "category_std_th": "สุขภาพและการแพทย์", "category_sub": "amenity=clinic", "category_sub_th": "คลินิก", "lat": 18.805744799602373, "lon": 98.993034907503315, "point_id": 11429, "side": "right", "pano_id": "A6Jx3dIUhQE6TTv3MvlNmA", "heading": 81.855, "poi_names": "dr.kay", "categories": "amenity=clinic", "poi_count": 1 }, "geometry": { "type": "Point", "coordinates": [ 98.993034907503315, 18.805744799602373 ] } },
{ "type": "Feature", "properties": { "source": "sv", "poi_id": "11441_left", "poi_name": "เสริมสวยนวล | กาแฟสด", "category_raw": "shop=hairdresser, amenity=cafe", "category_std": "personal_service_repair; food_beverage", "category_std_th": "บริการส่วนบุคคลและงานซ่อม; อาหารและเครื่องดื่ม", "category_sub": "shop=hairdresser, amenity=cafe", "category_sub_th": "ร้านทำผม; ร้านกาแฟ", "lat": 18.808583519979265, "lon": 98.992344688773798, "point_id": 11441, "side": "left", "pano_id": "GIwkKt2ayBEBVfGGl2VwVw", "heading": 86.497, "poi_names": "เสริมสวยนวล | กาแฟสด", "categories": "shop=hairdresser, amenity=cafe", "poi_count": 2 }, "geometry": { "type": "Point", "coordinates": [ 98.992344688773798, 18.808583519979265 ] } },
{ "type": "Feature", "properties": { "source": "sv", "poi_id": "11487_left", "poi_name": "Moto She", "category_raw": "shop=motorcycle_repair", "category_std": "personal_service_repair", "category_std_th": "บริการส่วนบุคคลและงานซ่อม", "category_sub": "shop=motorcycle_repair", "category_sub_th": "ร้านซ่อมรถจักรยานยนต์", "lat": 18.806786696682742, "lon": 98.994433066560518, "point_id": 11487, "side": "left", "pano_id": "OWwKbdASyc4rZbSIy7jI2Q", "heading": 82.561, "poi_names": "Moto She", "categories": "shop=motorcycle_repair", "poi_count": 1 }, "geometry": { "type": "Point", "coordinates": [ 98.994433066560518, 18.806786696682742 ] } },
{ "type": "Feature", "properties": { "source": "sv", "poi_id": "11557_right", "poi_name": "Samsung", "category_raw": "shop=mobile_phone", "category_std": "retail_commerce", "category_std_th": "การค้าปลีกและร้านค้า", "category_sub": "shop=mobile_phone", "category_sub_th": "ร้านโทรศัพท์มือถือ", "lat": 18.796034993122674, "lon": 98.983961765646924, "point_id": 11557, "side": "right", "pano_id": "zdTsmNRTNz_Q8gdhTJbgPg", "heading": 92.542, "poi_names": "Samsung", "categories": "shop=mobile_phone", "poi_count": 1 }, "geometry": { "type": "Point", "coordinates": [ 98.983961765646924, 18.796034993122674 ] } },
{ "type": "Feature", "properties": { "source": "sv", "poi_id": "11562_right", "poi_name": "Hotel", "category_raw": "tourism=hotel", "category_std": "tourism_culture", "category_std_th": "ที่พัก การท่องเที่ยว และวัฒนธรรม", "category_sub": "tourism=hotel", "category_sub_th": "โรงแรม", "lat": 18.796710834031483, "lon": 98.983993758461523, "point_id": 11562, "side": "right", "pano_id": "CCnrpaEgUB9MqgBdtsv2qA", "heading": 92.643, "poi_names": "Hotel", "categories": "tourism=hotel", "poi_count": 1 }, "geometry": { "type": "Point", "coordinates": [ 98.983993758461523, 18.796710834031483 ] } },
{ "type": "Feature", "properties": { "source": "sv", "poi_id": "11578_right", "poi_name": "อมาร์รมมย์", "category_raw": "shop=yes", "category_std": "retail_commerce", "category_std_th": "การค้าปลีกและร้านค้า", "category_sub": "shop=yes", "category_sub_th": "ร้านค้าไม่ระบุประเภทย่อย", "lat": 18.807150186400715, "lon": 98.989607397906695, "point_id": 11578, "side": "right", "pano_id": "mWS5oZwRVSCue771nfl99A", "heading": 347.457, "poi_names": "อมาร์รมมย์", "categories": "shop=yes", "poi_count": 1 }, "geometry": { "type": "Point", "coordinates": [ 98.989607397906695, 18.807150186400715 ] } },
{ "type": "Feature", "properties": { "source": "sv", "poi_id": "11626_right", "poi_name": "ก๋วยเตี๋ยวเรือ", "category_raw": "amenity=restaurant", "category_std": "food_beverage", "category_std_th": "อาหารและเครื่องดื่ม", "category_sub": "amenity=restaurant", "category_sub_th": "ร้านอาหาร", "lat": 18.804690569093811, "lon": 98.986680387140296, "point_id": 11626, "side": "right", "pano_id": "djDb3_EEpDIzz3mNd3oPsw", "heading": 7.503, "poi_names": "ก๋วยเตี๋ยวเรือ", "categories": "amenity=restaurant", "poi_count": 1 }, "geometry": { "type": "Point", "coordinates": [ 98.986680387140296, 18.804690569093811 ] } },
{ "type": "Feature", "properties": { "source": "sv", "poi_id": "11657_right", "poi_name": "ข้าวราดแกงคุณไก่", "category_raw": "amenity=restaurant", "category_std": "food_beverage", "category_std_th": "อาหารและเครื่องดื่ม", "category_sub": "amenity=restaurant", "category_sub_th": "ร้านอาหาร", "lat": 18.806615491014409, "lon": 98.990932892322846, "point_id": 11657, "side": "right", "pano_id": "BMy0ic4N0DDVycf2P8RIgg", "heading": 348.38, "poi_names": "ข้าวราดแกงคุณไก่", "categories": "amenity=restaurant", "poi_count": 1 }, "geometry": { "type": "Point", "coordinates": [ 98.990932892322846, 18.806615491014409 ] } },
{ "type": "Feature", "properties": { "source": "sv", "poi_id": "11669_left", "poi_name": "นิกรรวมช่าง", "category_raw": "shop=car_repair", "category_std": "personal_service_repair", "category_std_th": "บริการส่วนบุคคลและงานซ่อม", "category_sub": "shop=car_repair", "category_sub_th": "อู่ซ่อมรถยนต์", "lat": 18.806062224000627, "lon": 98.989202451471684, "point_id": 11669, "side": "left", "pano_id": "VbRm9stOFfYSdawbmSDv4g", "heading": 166.31, "poi_names": "นิกรรวมช่าง", "categories": "shop=car_repair", "poi_count": 1 }, "geometry": { "type": "Point", "coordinates": [ 98.989202451471684, 18.806062224000627 ] } },
{ "type": "Feature", "properties": { "source": "sv", "poi_id": "11675_right", "poi_name": "กะเพราตา", "category_raw": "amenity=restaurant", "category_std": "food_beverage", "category_std_th": "อาหารและเครื่องดื่ม", "category_sub": "amenity=restaurant", "category_sub_th": "ร้านอาหาร", "lat": 18.806137195587173, "lon": 98.988375590451113, "point_id": 11675, "side": "right", "pano_id": "kDr5EAKoJWUeB6nuMKzKbg", "heading": 356.731, "poi_names": "กะเพราตา", "categories": "amenity=restaurant", "poi_count": 1 }, "geometry": { "type": "Point", "coordinates": [ 98.988375590451113, 18.806137195587173 ] } },
{ "type": "Feature", "properties": { "source": "sv", "poi_id": "11716_right", "poi_name": "Toyota Sure", "category_raw": "shop=car_repair", "category_std": "personal_service_repair", "category_std_th": "บริการส่วนบุคคลและงานซ่อม", "category_sub": "shop=car_repair", "category_sub_th": "อู่ซ่อมรถยนต์", "lat": 18.811617003592001, "lon": 98.990049504621965, "point_id": 11716, "side": "right", "pano_id": "jcfY7_sjICsNxpH7t-PBNg", "heading": 264.922, "poi_names": "Toyota Sure", "categories": "shop=car_repair", "poi_count": 1 }, "geometry": { "type": "Point", "coordinates": [ 98.990049504621965, 18.811617003592001 ] } },
{ "type": "Feature", "properties": { "source": "sv", "poi_id": "11741_left", "poi_name": "หมูกระทะธื่นอารี", "category_raw": "amenity=restaurant", "category_std": "food_beverage", "category_std_th": "อาหารและเครื่องดื่ม", "category_sub": "amenity=restaurant", "category_sub_th": "ร้านอาหาร", "lat": 18.797727686105141, "lon": 98.990763285409443, "point_id": 11741, "side": "left", "pano_id": "R5IVUr7HHulIBfpLIxtMjA", "heading": 343.643, "poi_names": "หมูกระทะธื่นอารี", "categories": "amenity=restaurant", "poi_count": 1 }, "geometry": { "type": "Point", "coordinates": [ 98.990763285409443, 18.797727686105141 ] } },
{ "type": "Feature", "properties": { "source": "sv", "poi_id": "11845_right", "poi_name": "ลับ อัด วืด", "category_raw": "shop=motorcycle_repair", "category_std": "personal_service_repair", "category_std_th": "บริการส่วนบุคคลและงานซ่อม", "category_sub": "shop=motorcycle_repair", "category_sub_th": "ร้านซ่อมรถจักรยานยนต์", "lat": 18.818980189927288, "lon": 98.994964510797459, "point_id": 11845, "side": "right", "pano_id": "VAf_H5Pa3-KX0_b1l0AFwQ", "heading": 3.33, "poi_names": "ลับ อัด วืด", "categories": "shop=motorcycle_repair", "poi_count": 1 }, "geometry": { "type": "Point", "coordinates": [ 98.994964510797459, 18.818980189927288 ] } },
{ "type": "Feature", "properties": { "source": "sv", "poi_id": "11891_right", "poi_name": "สมุนไพรนายายก", "category_raw": "shop=yes", "category_std": "retail_commerce", "category_std_th": "การค้าปลีกและร้านค้า", "category_sub": "shop=yes", "category_sub_th": "ร้านค้าไม่ระบุประเภทย่อย", "lat": 18.799303885711243, "lon": 98.983547165159322, "point_id": 11891, "side": "right", "pano_id": "ktmS_shRLOJVvHm7hHaDFw", "heading": 268.659, "poi_names": "สมุนไพรนายายก", "categories": "shop=yes", "poi_count": 1 }, "geometry": { "type": "Point", "coordinates": [ 98.983547165159322, 18.799303885711243 ] } },
{ "type": "Feature", "properties": { "source": "sv", "poi_id": "11916_right", "poi_name": "Ann Splace", "category_raw": "shop=yes", "category_std": "retail_commerce", "category_std_th": "การค้าปลีกและร้านค้า", "category_sub": "shop=yes", "category_sub_th": "ร้านค้าไม่ระบุประเภทย่อย", "lat": 18.810270684033839, "lon": 98.98792569874584, "point_id": 11916, "side": "right", "pano_id": "tKvvRLfn1-UKQmwx2DwpGg", "heading": 181.39, "poi_names": "Ann Splace", "categories": "shop=yes", "poi_count": 1 }, "geometry": { "type": "Point", "coordinates": [ 98.98792569874584, 18.810270684033839 ] } },
{ "type": "Feature", "properties": { "source": "sv", "poi_id": "11940_right", "poi_name": "iii hill", "category_raw": "tourism=hotel", "category_std": "tourism_culture", "category_std_th": "ที่พัก การท่องเที่ยว และวัฒนธรรม", "category_sub": "tourism=hotel", "category_sub_th": "โรงแรม", "lat": 18.77721789057216, "lon": 98.995015049562767, "point_id": 11940, "side": "right", "pano_id": "mMRbdLhWI9wMXQqZhlFlZg", "heading": 34.008, "poi_names": "iii hill", "categories": "tourism=hotel", "poi_count": 1 }, "geometry": { "type": "Point", "coordinates": [ 98.995015049562767, 18.77721789057216 ] } },
{ "type": "Feature", "properties": { "source": "sv", "poi_id": "12008_right", "poi_name": "Supercenter", "category_raw": "shop=supermarket", "category_std": "retail_commerce", "category_std_th": "การค้าปลีกและร้านค้า", "category_sub": "shop=supermarket", "category_sub_th": "ซูเปอร์มาร์เก็ต", "lat": 18.768991427958355, "lon": 99.028470575640483, "point_id": 12008, "side": "right", "pano_id": "h9v_rrcIyTjh7QFYPfbklA", "heading": 348.182, "poi_names": "Supercenter", "categories": "shop=supermarket", "poi_count": 1 }, "geometry": { "type": "Point", "coordinates": [ 99.028470575640483, 18.768991427958355 ] } },
{ "type": "Feature", "properties": { "source": "sv", "poi_id": "12057_left", "poi_name": "อาคารอนชาติ", "category_raw": "office=company", "category_std": "office_professional", "category_std_th": "สำนักงานและบริการวิชาชีพ", "category_sub": "office=company", "category_sub_th": "บริษัท", "lat": 18.778252858771278, "lon": 98.999324805757695, "point_id": 12057, "side": "left", "pano_id": "6x-rwZjRVcmaw0a4c0H78A", "heading": 5.934, "poi_names": "อาคารอนชาติ", "categories": "office=company", "poi_count": 1 }, "geometry": { "type": "Point", "coordinates": [ 98.999324805757695, 18.778252858771278 ] } },
{ "type": "Feature", "properties": { "source": "sv", "poi_id": "12059_right", "poi_name": "ปาตีช้างคลาน | bloomnc house", "category_raw": "tourism=hotel, tourism=guest_house", "category_std": "tourism_culture", "category_std_th": "ที่พัก การท่องเที่ยว และวัฒนธรรม", "category_sub": "tourism=hotel, tourism=guest_house", "category_sub_th": "โรงแรม; เกสต์เฮาส์", "lat": 18.777832463966337, "lon": 98.998466153091798, "point_id": 12059, "side": "right", "pano_id": "KnmMW22RmLNCm8PIN5EUfw", "heading": 205.509, "poi_names": "ปาตีช้างคลาน | bloomnc house", "categories": "tourism=hotel, tourism=guest_house", "poi_count": 2 }, "geometry": { "type": "Point", "coordinates": [ 98.998466153091798, 18.777832463966337 ] } },
{ "type": "Feature", "properties": { "source": "sv", "poi_id": "12067_right", "poi_name": "Boncafe", "category_raw": "amenity=cafe", "category_std": "food_beverage", "category_std_th": "อาหารและเครื่องดื่ม", "category_sub": "amenity=cafe", "category_sub_th": "ร้านกาแฟ", "lat": 18.777248206875239, "lon": 98.999359552378863, "point_id": 12067, "side": "right", "pano_id": "7lppHugykRQQLXyaaxgeTw", "heading": 186.324, "poi_names": "Boncafe", "categories": "amenity=cafe", "poi_count": 1 }, "geometry": { "type": "Point", "coordinates": [ 98.999359552378863, 18.777248206875239 ] } },
{ "type": "Feature", "properties": { "source": "sv", "poi_id": "12110_left", "poi_name": "แอร์พอร์ตทาวน์ เชียงใหม่", "category_raw": "tourism=hotel", "category_std": "tourism_culture", "category_std_th": "ที่พัก การท่องเที่ยว และวัฒนธรรม", "category_sub": "tourism=hotel", "category_sub_th": "โรงแรม", "lat": 18.80601466356261, "lon": 98.994048236906195, "point_id": 12110, "side": "left", "pano_id": "XE8eY9KJEpDtZZIL7qRdww", "heading": 79.371, "poi_names": "แอร์พอร์ตทาวน์ เชียงใหม่", "categories": "tourism=hotel", "poi_count": 1 }, "geometry": { "type": "Point", "coordinates": [ 98.994048236906195, 18.80601466356261 ] } },
{ "type": "Feature", "properties": { "source": "sv", "poi_id": "12116_right", "poi_name": "คำเที่ยง รักษาสัตว์", "category_raw": "amenity=veterinary", "category_std": "health", "category_std_th": "สุขภาพและการแพทย์", "category_sub": "amenity=veterinary", "category_sub_th": "คลินิกสัตวแพทย์", "lat": 18.805260657401156, "lon": 98.993187996688619, "point_id": 12116, "side": "right", "pano_id": "4-vMnOTECfxbpU3FPFEpgA", "heading": 180.002, "poi_names": "คำเที่ยง รักษาสัตว์", "categories": "amenity=veterinary", "poi_count": 1 }, "geometry": { "type": "Point", "coordinates": [ 98.993187996688619, 18.805260657401156 ] } },
{ "type": "Feature", "properties": { "source": "sv", "poi_id": "12118_left", "poi_name": "เวชภัณฑ์อุปกรณ์การแพทย์ | เฟลชโฮม", "category_raw": "shop=yes", "category_std": "retail_commerce", "category_std_th": "การค้าปลีกและร้านค้า", "category_sub": "shop=yes", "category_sub_th": "ร้านค้าไม่ระบุประเภทย่อย", "lat": 18.805415423897003, "lon": 98.993565494332358, "point_id": 12118, "side": "left", "pano_id": "TtA2ns6pTzAVjLPU-XEn9Q", "heading": 8.178, "poi_names": "เวชภัณฑ์อุปกรณ์การแพทย์ | เฟลชโฮม", "categories": "shop=yes", "poi_count": 2 }, "geometry": { "type": "Point", "coordinates": [ 98.993565494332358, 18.805415423897003 ] } },
{ "type": "Feature", "properties": { "source": "sv", "poi_id": "12143_right", "poi_name": "fll.tech", "category_raw": "office=company", "category_std": "office_professional", "category_std_th": "สำนักงานและบริการวิชาชีพ", "category_sub": "office=company", "category_sub_th": "บริษัท", "lat": 18.803077342612969, "lon": 98.988748039736095, "point_id": 12143, "side": "right", "pano_id": "f86lSwlfiwYe2UEX9WG07w", "heading": 0.024, "poi_names": "fll.tech", "categories": "office=company", "poi_count": 1 }, "geometry": { "type": "Point", "coordinates": [ 98.988748039736095, 18.803077342612969 ] } },
{ "type": "Feature", "properties": { "source": "sv", "poi_id": "12148_left", "poi_name": "เทสโก้ โลตัส", "category_raw": "shop=supermarket", "category_std": "retail_commerce", "category_std_th": "การค้าปลีกและร้านค้า", "category_sub": "shop=supermarket", "category_sub_th": "ซูเปอร์มาร์เก็ต", "lat": 18.810342542495096, "lon": 98.9973043457573, "point_id": 12148, "side": "left", "pano_id": "Mqaw7DP13_Zq-ZzxiK-jwQ", "heading": 96.009, "poi_names": "เทสโก้ โลตัส", "categories": "shop=supermarket", "poi_count": 1 }, "geometry": { "type": "Point", "coordinates": [ 98.9973043457573, 18.810342542495096 ] } },
{ "type": "Feature", "properties": { "source": "sv", "poi_id": "12148_right", "poi_name": "Tesco Lotus", "category_raw": "shop=supermarket", "category_std": "retail_commerce", "category_std_th": "การค้าปลีกและร้านค้า", "category_sub": "shop=supermarket", "category_sub_th": "ซูเปอร์มาร์เก็ต", "lat": 18.810361457457187, "lon": 98.997115654232161, "point_id": 12148, "side": "right", "pano_id": "Mqaw7DP13_Zq-ZzxiK-jwQ", "heading": 276.009, "poi_names": "Tesco Lotus", "categories": "shop=supermarket", "poi_count": 1 }, "geometry": { "type": "Point", "coordinates": [ 98.997115654232161, 18.810361457457187 ] } },
{ "type": "Feature", "properties": { "source": "sv", "poi_id": "12415_left", "poi_name": "ครัวบ้านคุ้ม", "category_raw": "amenity=restaurant", "category_std": "food_beverage", "category_std_th": "อาหารและเครื่องดื่ม", "category_sub": "amenity=restaurant", "category_sub_th": "ร้านอาหาร", "lat": 18.787467342743891, "lon": 98.9610039255017, "point_id": 12415, "side": "left", "pano_id": "Y7cc3XMEjjP1YO4nyI7VXg", "heading": 359.955, "poi_names": "ครัวบ้านคุ้ม", "categories": "amenity=restaurant", "poi_count": 1 }, "geometry": { "type": "Point", "coordinates": [ 98.9610039255017, 18.787467342743891 ] } },
{ "type": "Feature", "properties": { "source": "sv", "poi_id": "12423_right", "poi_name": "น้ำเต้าหู้", "category_raw": "amenity=fast_food", "category_std": "food_beverage", "category_std_th": "อาหารและเครื่องดื่ม", "category_sub": "amenity=fast_food", "category_sub_th": "อาหารจานด่วน", "lat": 18.78728865725525, "lon": 98.962522074498224, "point_id": 12423, "side": "right", "pano_id": "ZbbQP9LbfyJdltGgpZwPow", "heading": 179.955, "poi_names": "น้ำเต้าหู้", "categories": "amenity=fast_food", "poi_count": 1 }, "geometry": { "type": "Point", "coordinates": [ 98.962522074498224, 18.78728865725525 ] } },
{ "type": "Feature", "properties": { "source": "sv", "poi_id": "12424_left", "poi_name": "ส่งดอกไม้", "category_raw": "shop=yes", "category_std": "retail_commerce", "category_std_th": "การค้าปลีกและร้านค้า", "category_sub": "shop=yes", "category_sub_th": "ร้านค้าไม่ระบุประเภทย่อย", "lat": 18.787295933733969, "lon": 98.968837328421102, "point_id": 12424, "side": "left", "pano_id": "MnlYTkITA0E1j63EhziHag", "heading": 19.927, "poi_names": "ส่งดอกไม้", "categories": "shop=yes", "poi_count": 1 }, "geometry": { "type": "Point", "coordinates": [ 98.968837328421102, 18.787295933733969 ] } },
{ "type": "Feature", "properties": { "source": "sv", "poi_id": "12509_right", "poi_name": "Fiin", "category_raw": "amenity=cafe", "category_std": "food_beverage", "category_std_th": "อาหารและเครื่องดื่ม", "category_sub": "amenity=cafe", "category_sub_th": "ร้านกาแฟ", "lat": 18.785182356956064, "lon": 98.971716462118238, "point_id": 12509, "side": "right", "pano_id": "tYOrA4rduSYJn5AjYUX2HQ", "heading": 274.671, "poi_names": "Fiin", "categories": "amenity=cafe", "poi_count": 1 }, "geometry": { "type": "Point", "coordinates": [ 98.971716462118238, 18.785182356956064 ] } },
{ "type": "Feature", "properties": { "source": "sv", "poi_id": "12580_left", "poi_name": "8 O'clock", "category_raw": "amenity=cafe", "category_std": "food_beverage", "category_std_th": "อาหารและเครื่องดื่ม", "category_sub": "amenity=cafe", "category_sub_th": "ร้านกาแฟ", "lat": 18.788655324148809, "lon": 98.965780203796399, "point_id": 12580, "side": "left", "pano_id": "JVuRaZ3OZImtfSmhQyguzw", "heading": 8.612, "poi_names": "8 O'clock", "categories": "amenity=cafe", "poi_count": 1 }, "geometry": { "type": "Point", "coordinates": [ 98.965780203796399, 18.788655324148809 ] } },
{ "type": "Feature", "properties": { "source": "sv", "poi_id": "12616_left", "poi_name": "เกะมาระดังบ้านฉัน", "category_raw": "amenity=restaurant", "category_std": "food_beverage", "category_std_th": "อาหารและเครื่องดื่ม", "category_sub": "amenity=restaurant", "category_sub_th": "ร้านอาหาร", "lat": 18.787354553193719, "lon": 98.967249674273475, "point_id": 12616, "side": "left", "pano_id": "jUkMesnzrUAFSmVwLWGznw", "heading": 188.076, "poi_names": "เกะมาระดังบ้านฉัน", "categories": "amenity=restaurant", "poi_count": 1 }, "geometry": { "type": "Point", "coordinates": [ 98.967249674273475, 18.787354553193719 ] } },
{ "type": "Feature", "properties": { "source": "sv", "poi_id": "12655_right", "poi_name": "นานาบาร์ | ระเบียงบาร์", "category_raw": "amenity=bar", "category_std": "food_beverage", "category_std_th": "อาหารและเครื่องดื่ม", "category_sub": "amenity=bar", "category_sub_th": "บาร์", "lat": 18.785120111606339, "lon": 98.969313498521103, "point_id": 12655, "side": "right", "pano_id": "09WSm6PJZ2eeYFmPp1s_FA", "heading": 185.749, "poi_names": "นานาบาร์ | ระเบียงบาร์", "categories": "amenity=bar", "poi_count": 2 }, "geometry": { "type": "Point", "coordinates": [ 98.969313498521103, 18.785120111606339 ] } },
{ "type": "Feature", "properties": { "source": "sv", "poi_id": "12699_left", "poi_name": "ผังไทย", "category_raw": "office=company", "category_std": "office_professional", "category_std_th": "สำนักงานและบริการวิชาชีพ", "category_sub": "office=company", "category_sub_th": "บริษัท", "lat": 18.788979928795008, "lon": 98.969293856961926, "point_id": 12699, "side": "left", "pano_id": "QVOrvC1voOScrVf83jOvtA", "heading": 98.319, "poi_names": "ผังไทย", "categories": "office=company", "poi_count": 1 }, "geometry": { "type": "Point", "coordinates": [ 98.969293856961926, 18.788979928795008 ] } },
{ "type": "Feature", "properties": { "source": "sv", "poi_id": "12733_right", "poi_name": "วันทลัส สวนดอก", "category_raw": "shop=yes", "category_std": "retail_commerce", "category_std_th": "การค้าปลีกและร้านค้า", "category_sub": "shop=yes", "category_sub_th": "ร้านค้าไม่ระบุประเภทย่อย", "lat": 18.785043720886449, "lon": 98.9684701476165, "point_id": 12733, "side": "right", "pano_id": "P4RhvtgpaWmkJ-4lsOx3ug", "heading": 269.823, "poi_names": "วันทลัส สวนดอก", "categories": "shop=yes", "poi_count": 1 }, "geometry": { "type": "Point", "coordinates": [ 98.9684701476165, 18.785043720886449 ] } },
{ "type": "Feature", "properties": { "source": "sv", "poi_id": "12759_right", "poi_name": "กาแฟลุงเหยิม", "category_raw": "amenity=cafe", "category_std": "food_beverage", "category_std_th": "อาหารและเครื่องดื่ม", "category_sub": "amenity=cafe", "category_sub_th": "ร้านกาแฟ", "lat": 18.788932639793838, "lon": 98.966591484759377, "point_id": 12759, "side": "right", "pano_id": "ZYcXwKW0_afBtV7cnh1dwA", "heading": 274.851, "poi_names": "กาแฟลุงเหยิม", "categories": "amenity=cafe", "poi_count": 1 }, "geometry": { "type": "Point", "coordinates": [ 98.966591484759377, 18.788932639793838 ] } },
{ "type": "Feature", "properties": { "source": "sv", "poi_id": "12823_right", "poi_name": "จ่าหนอน คาร์ปาร์ค", "category_raw": "shop=yes", "category_std": "retail_commerce", "category_std_th": "การค้าปลีกและร้านค้า", "category_sub": "shop=yes", "category_sub_th": "ร้านค้าไม่ระบุประเภทย่อย", "lat": 18.786900290194826, "lon": 98.965934308888663, "point_id": 12823, "side": "right", "pano_id": "am6AFlCJL7P-qaozMg5IQA", "heading": 273.357, "poi_names": "จ่าหนอน คาร์ปาร์ค", "categories": "shop=yes", "poi_count": 1 }, "geometry": { "type": "Point", "coordinates": [ 98.965934308888663, 18.786900290194826 ] } },
{ "type": "Feature", "properties": { "source": "sv", "poi_id": "12878_left", "poi_name": "smoothies drink healthy", "category_raw": "amenity=cafe", "category_std": "food_beverage", "category_std_th": "อาหารและเครื่องดื่ม", "category_sub": "amenity=cafe", "category_sub_th": "ร้านกาแฟ", "lat": 18.796630053822167, "lon": 98.970585122398077, "point_id": 12878, "side": "left", "pano_id": "QGfIqjtS7dUVYlUpgBY9pA", "heading": 185.37, "poi_names": "smoothies drink healthy", "categories": "amenity=cafe", "poi_count": 1 }, "geometry": { "type": "Point", "coordinates": [ 98.970585122398077, 18.796630053822167 ] } },
{ "type": "Feature", "properties": { "source": "sv", "poi_id": "12883_left", "poi_name": "โคตี้ง 70+", "category_raw": "amenity=restaurant", "category_std": "food_beverage", "category_std_th": "อาหารและเครื่องดื่ม", "category_sub": "amenity=restaurant", "category_sub_th": "ร้านอาหาร", "lat": 18.796714053822967, "lon": 98.969641122393682, "point_id": 12883, "side": "left", "pano_id": "JfWoE_H86hfIpp3ADEyrLg", "heading": 185.37, "poi_names": "โคตี้ง 70+", "categories": "amenity=restaurant", "poi_count": 1 }, "geometry": { "type": "Point", "coordinates": [ 98.969641122393682, 18.796714053822967 ] } },
{ "type": "Feature", "properties": { "source": "sv", "poi_id": "12903_left", "poi_name": "P Charoen", "category_raw": "shop=yes", "category_std": "retail_commerce", "category_std_th": "การค้าปลีกและร้านค้า", "category_sub": "shop=yes", "category_sub_th": "ร้านค้าไม่ระบุประเภทย่อย", "lat": 18.797030155364386, "lon": 98.966366053193525, "point_id": 12903, "side": "left", "pano_id": "DFhS8-YtWXPWjEc8oDk_XA", "heading": 186.019, "poi_names": "P Charoen", "categories": "shop=yes", "poi_count": 1 }, "geometry": { "type": "Point", "coordinates": [ 98.966366053193525, 18.797030155364386 ] } },
{ "type": "Feature", "properties": { "source": "sv", "poi_id": "12906_right", "poi_name": "Suparada", "category_raw": "shop=yes", "category_std": "retail_commerce", "category_std_th": "การค้าปลีกและร้านค้า", "category_sub": "shop=yes", "category_sub_th": "ร้านค้าไม่ระบุประเภทย่อย", "lat": 18.799616855236785, "lon": 98.967533724755782, "point_id": 12906, "side": "right", "pano_id": "TL2mSNbFmebGo5tEGN3IqA", "heading": 183.793, "poi_names": "Suparada", "categories": "shop=yes", "poi_count": 1 }, "geometry": { "type": "Point", "coordinates": [ 98.967533724755782, 18.799616855236785 ] } },
{ "type": "Feature", "properties": { "source": "sv", "poi_id": "12982_right", "poi_name": "Nesthooa Broad School of Languages", "category_raw": "amenity=school", "category_std": "education_religion", "category_std_th": "การศึกษาและศาสนา", "category_sub": "amenity=school", "category_sub_th": "โรงเรียน", "lat": 18.795119343751299, "lon": 98.9666941962832, "point_id": 12982, "side": "right", "pano_id": "0NxI_59bZc-SJgxVk-mgSA", "heading": 96.774, "poi_names": "Nesthooa Broad School of Languages", "categories": "amenity=school", "poi_count": 1 }, "geometry": { "type": "Point", "coordinates": [ 98.9666941962832, 18.795119343751299 ] } },
{ "type": "Feature", "properties": { "source": "sv", "poi_id": "12987_left", "poi_name": "Moose Hotel", "category_raw": "tourism=hotel", "category_std": "tourism_culture", "category_std_th": "ที่พัก การท่องเที่ยว และวัฒนธรรม", "category_sub": "tourism=hotel", "category_sub_th": "โรงแรม", "lat": 18.799532283374056, "lon": 98.966765851935079, "point_id": 12987, "side": "left", "pano_id": "klO5nsKGpN-PPWYzMGC9sg", "heading": 186.749, "poi_names": "Moose Hotel", "categories": "tourism=hotel", "poi_count": 1 }, "geometry": { "type": "Point", "coordinates": [ 98.966765851935079, 18.799532283374056 ] } },
{ "type": "Feature", "properties": { "source": "sv", "poi_id": "13009_left", "poi_name": "Watoa Cycle | AAI Heritage", "category_raw": "shop=motorcycle_repair, tourism=hotel", "category_std": "personal_service_repair; tourism_culture", "category_std_th": "บริการส่วนบุคคลและงานซ่อม; ที่พัก การท่องเที่ยว และวัฒนธรรม", "category_sub": "shop=motorcycle_repair, tourism=hotel", "category_sub_th": "ร้านซ่อมรถจักรยานยนต์; โรงแรม", "lat": 18.79574435858807, "lon": 98.968278376420201, "point_id": 13009, "side": "left", "pano_id": "UxWAaX1LAU_ssyZwkbjsow", "heading": 274.036, "poi_names": "Watoa Cycle | AAI Heritage", "categories": "shop=motorcycle_repair, tourism=hotel", "poi_count": 2 }, "geometry": { "type": "Point", "coordinates": [ 98.968278376420201, 18.79574435858807 ] } },
{ "type": "Feature", "properties": { "source": "sv", "poi_id": "13011_left", "poi_name": "Chanya Massage", "category_raw": "shop=massage", "category_std": "personal_service_repair", "category_std_th": "บริการส่วนบุคคลและงานซ่อม", "category_sub": "shop=massage", "category_sub_th": "ร้านนวด", "lat": 18.795940006218011, "lon": 98.96829235093216, "point_id": 13011, "side": "left", "pano_id": "QQVs_nd0xTMK_PeRY9ONmQ", "heading": 273.812, "poi_names": "Chanya Massage", "categories": "shop=massage", "poi_count": 1 }, "geometry": { "type": "Point", "coordinates": [ 98.96829235093216, 18.795940006218011 ] } },
{ "type": "Feature", "properties": { "source": "sv", "poi_id": "13033_left", "poi_name": "goncdee gallery", "category_raw": "tourism=attraction", "category_std": "tourism_culture", "category_std_th": "ที่พัก การท่องเที่ยว และวัฒนธรรม", "category_sub": "tourism=attraction", "category_sub_th": "แหล่งท่องเที่ยว", "lat": 18.79912989324529, "lon": 98.968513415814087, "point_id": 13033, "side": "left", "pano_id": "ZO7OAPvcpUzYvxpBuK1vJA", "heading": 274.376, "poi_names": "goncdee gallery", "categories": "tourism=attraction", "poi_count": 1 }, "geometry": { "type": "Point", "coordinates": [ 98.968513415814087, 18.79912989324529 ] } },
{ "type": "Feature", "properties": { "source": "sv", "poi_id": "13037_right", "poi_name": "Meetinee Room Restaurant", "category_raw": "amenity=restaurant", "category_std": "food_beverage", "category_std_th": "อาหารและเครื่องดื่ม", "category_sub": "amenity=restaurant", "category_sub_th": "ร้านอาหาร", "lat": 18.794688194045342, "lon": 98.970344565021819, "point_id": 13037, "side": "right", "pano_id": "SWhJbYp4U3biNbJoRtz4mg", "heading": 12.521, "poi_names": "Meetinee Room Restaurant", "categories": "amenity=restaurant", "poi_count": 1 }, "geometry": { "type": "Point", "coordinates": [ 98.970344565021819, 18.794688194045342 ] } },
{ "type": "Feature", "properties": { "source": "sv", "poi_id": "13039_right", "poi_name": "ตี๋ | ตาริวนิมมาน", "category_raw": "shop=yes, tourism=hotel", "category_std": "retail_commerce; tourism_culture", "category_std_th": "การค้าปลีกและร้านค้า; ที่พัก การท่องเที่ยว และวัฒนธรรม", "category_sub": "shop=yes, tourism=hotel", "category_sub_th": "ร้านค้าไม่ระบุประเภทย่อย; โรงแรม", "lat": 18.794767194044589, "lon": 98.969973565031395, "point_id": 13039, "side": "right", "pano_id": "reY6fBlj9xQlOa16NJxuSQ", "heading": 12.521, "poi_names": "ตี๋ | ตาริวนิมมาน", "categories": "shop=yes, tourism=hotel", "poi_count": 2 }, "geometry": { "type": "Point", "coordinates": [ 98.969973565031395, 18.794767194044589 ] } },
{ "type": "Feature", "properties": { "source": "sv", "poi_id": "13044_left", "poi_name": "เฟรนค์นวดไทย", "category_raw": "shop=massage", "category_std": "personal_service_repair", "category_std_th": "บริการส่วนบุคคลและงานซ่อม", "category_sub": "shop=massage", "category_sub_th": "ร้านนวด", "lat": 18.794750809715698, "lon": 98.969173417192621, "point_id": 13044, "side": "left", "pano_id": "D0qH0dn7ohrBbwrZdNE0-w", "heading": 192.532, "poi_names": "เฟรนค์นวดไทย", "categories": "shop=massage", "poi_count": 1 }, "geometry": { "type": "Point", "coordinates": [ 98.969173417192621, 18.794750809715698 ] } },
{ "type": "Feature", "properties": { "source": "sv", "poi_id": "13056_left", "poi_name": "Hostal | Chaan Eann Massage", "category_raw": "tourism=hostel, shop=massage", "category_std": "tourism_culture; personal_service_repair", "category_std_th": "ที่พัก การท่องเที่ยว และวัฒนธรรม; บริการส่วนบุคคลและงานซ่อม", "category_sub": "tourism=hostel, shop=massage", "category_sub_th": "โฮสเทล; ร้านนวด", "lat": 18.795154643983999, "lon": 98.967186216276076, "point_id": 13056, "side": "left", "pano_id": "WhTnB3FgHaMn5dlL8ks1rg", "heading": 192.038, "poi_names": "Hostal | Chaan Eann Massage", "categories": "tourism=hostel, shop=massage", "poi_count": 2 }, "geometry": { "type": "Point", "coordinates": [ 98.967186216276076, 18.795154643983999 ] } },
{ "type": "Feature", "properties": { "source": "sv", "poi_id": "13058_left", "poi_name": "คุณหมอคูชัน", "category_raw": "amenity=clinic", "category_std": "health", "category_std_th": "สุขภาพและการแพทย์", "category_sub": "amenity=clinic", "category_sub_th": "คลินิก", "lat": 18.79523064398472, "lon": 98.966815216267193, "point_id": 13058, "side": "left", "pano_id": "mwbvJ5edfbixekzffQpUZg", "heading": 192.038, "poi_names": "คุณหมอคูชัน", "categories": "amenity=clinic", "poi_count": 1 }, "geometry": { "type": "Point", "coordinates": [ 98.966815216267193, 18.79523064398472 ] } },
{ "type": "Feature", "properties": { "source": "sv", "poi_id": "13067_right", "poi_name": "เฮือนเพ็ญ", "category_raw": "amenity=restaurant", "category_std": "food_beverage", "category_std_th": "อาหารและเครื่องดื่ม", "category_sub": "amenity=restaurant", "category_sub_th": "ร้านอาหาร", "lat": 18.798626220535205, "lon": 98.967294424362564, "point_id": 13067, "side": "right", "pano_id": "dO1EuED7YFLHgNKMx-A8Dw", "heading": 186.401, "poi_names": "เฮือนเพ็ญ", "categories": "amenity=restaurant", "poi_count": 1 }, "geometry": { "type": "Point", "coordinates": [ 98.967294424362564, 18.798626220535205 ] } },
{ "type": "Feature", "properties": { "source": "sv", "poi_id": "13068_right", "poi_name": "Mango Tango", "category_raw": "amenity=cafe", "category_std": "food_beverage", "category_std_th": "อาหารและเครื่องดื่ม", "category_sub": "amenity=cafe", "category_sub_th": "ร้านกาแฟ", "lat": 18.798606220535014, "lon": 98.967482424363794, "point_id": 13068, "side": "right", "pano_id": "lzMHT4w1t1MuUzLq2hRQ8Q", "heading": 186.401, "poi_names": "Mango Tango", "categories": "amenity=cafe", "poi_count": 1 }, "geometry": { "type": "Point", "coordinates": [ 98.967482424363794, 18.798606220535014 ] } },
{ "type": "Feature", "properties": { "source": "sv", "poi_id": "13069_right", "poi_name": "Nimman", "category_raw": "shop=yes", "category_std": "retail_commerce", "category_std_th": "การค้าปลีกและร้านค้า", "category_sub": "shop=yes", "category_sub_th": "ร้านค้าไม่ระบุประเภทย่อย", "lat": 18.798586220534823, "lon": 98.967671424365037, "point_id": 13069, "side": "right", "pano_id": "7uKeQ_2lrBjDJB6lCMOAqA", "heading": 186.401, "poi_names": "Nimman", "categories": "shop=yes", "poi_count": 1 }, "geometry": { "type": "Point", "coordinates": [ 98.967671424365037, 18.798586220534823 ] } },
{ "type": "Feature", "properties": { "source": "sv", "poi_id": "13071_left", "poi_name": "Olive Tree Cafe", "category_raw": "amenity=cafe", "category_std": "food_beverage", "category_std_th": "อาหารและเครื่องดื่ม", "category_sub": "amenity=cafe", "category_sub_th": "ร้านกาแฟ", "lat": 18.798725779464107, "lon": 98.968069575643682, "point_id": 13071, "side": "left", "pano_id": "LFzabvuennraiAmLQbevWQ", "heading": 6.401, "poi_names": "Olive Tree Cafe", "categories": "amenity=cafe", "poi_count": 1 }, "geometry": { "type": "Point", "coordinates": [ 98.968069575643682, 18.798725779464107 ] } },
{ "type": "Feature", "properties": { "source": "sv", "poi_id": "13081_left", "poi_name": "Palm Springs Nii Man", "category_raw": "tourism=hotel", "category_std": "tourism_culture", "category_std_th": "ที่พัก การท่องเที่ยว และวัฒนธรรม", "category_sub": "tourism=hotel", "category_sub_th": "โรงแรม", "lat": 18.798522713110145, "lon": 98.969895179236758, "point_id": 13081, "side": "left", "pano_id": "BGyDFKu--6obHY95FGJRTQ", "heading": 6.768, "poi_names": "Palm Springs Nii Man", "categories": "tourism=hotel", "poi_count": 1 }, "geometry": { "type": "Point", "coordinates": [ 98.969895179236758, 18.798522713110145 ] } },
{ "type": "Feature", "properties": { "source": "sv", "poi_id": "13083_right", "poi_name": "cannabee", "category_raw": "shop=yes", "category_std": "retail_commerce", "category_std_th": "การค้าปลีกและร้านค้า", "category_sub": "shop=yes", "category_sub_th": "ร้านค้าไม่ระบุประเภทย่อย", "lat": 18.798294733150399, "lon": 98.970243404287316, "point_id": 13083, "side": "right", "pano_id": "yPhvTGaDblJNFKNeTHWHbA", "heading": 188.851, "poi_names": "cannabee", "categories": "shop=yes", "poi_count": 1 }, "geometry": { "type": "Point", "coordinates": [ 98.970243404287316, 18.798294733150399 ] } },
{ "type": "Feature", "properties": { "source": "sv", "poi_id": "13103_left", "poi_name": "k-perfect nails & spa", "category_raw": "shop=beauty", "category_std": "personal_service_repair", "category_std_th": "บริการส่วนบุคคลและงานซ่อม", "category_sub": "shop=beauty", "category_sub_th": "ร้านเสริมสวย", "lat": 18.796369064964139, "lon": 98.968755998793995, "point_id": 13103, "side": "left", "pano_id": "EjGF8c8WmPLsjbdUnva6yw", "heading": 185.445, "poi_names": "k-perfect nails & spa", "categories": "shop=beauty", "poi_count": 1 }, "geometry": { "type": "Point", "coordinates": [ 98.968755998793995, 18.796369064964139 ] } },
{ "type": "Feature", "properties": { "source": "sv", "poi_id": "13113_right", "poi_name": "ชงชา", "category_raw": "amenity=cafe", "category_std": "food_beverage", "category_std_th": "อาหารและเครื่องดื่ม", "category_sub": "amenity=cafe", "category_sub_th": "ร้านกาแฟ", "lat": 18.796712919476729, "lon": 98.966966170967822, "point_id": 13113, "side": "right", "pano_id": "7jNZ-L47_IvEmv9iafRS5w", "heading": 5.548, "poi_names": "ชงชา", "categories": "amenity=cafe", "poi_count": 1 }, "geometry": { "type": "Point", "coordinates": [ 98.966966170967822, 18.796712919476729 ] } },
{ "type": "Feature", "properties": { "source": "sv", "poi_id": "13117_left", "poi_name": "Nail Spa | Body Waxing", "category_raw": "shop=beauty", "category_std": "personal_service_repair", "category_std_th": "บริการส่วนบุคคลและงานซ่อม", "category_sub": "shop=beauty", "category_sub_th": "ร้านเสริมสวย", "lat": 18.79658806481665, "lon": 98.966340000430478, "point_id": 13117, "side": "left", "pano_id": "VPmD2u8XS9x6luQ6jaSrlA", "heading": 185.444, "poi_names": "Nail Spa | Body Waxing", "categories": "shop=beauty", "poi_count": 2 }, "geometry": { "type": "Point", "coordinates": [ 98.966340000430478, 18.79658806481665 ] } },
{ "type": "Feature", "properties": { "source": "sv", "poi_id": "13281_left", "poi_name": "อาคารสาธิต 51", "category_raw": "office=company", "category_std": "office_professional", "category_std_th": "สำนักงานและบริการวิชาชีพ", "category_sub": "office=company", "category_sub_th": "บริษัท", "lat": 18.794634701573379, "lon": 98.954193024838105, "point_id": 13281, "side": "left", "pano_id": "HvJU4-no9GHL48Rv9O08Ww", "heading": 262.176, "poi_names": "อาคารสาธิต 51", "categories": "office=company", "poi_count": 1 }, "geometry": { "type": "Point", "coordinates": [ 98.954193024838105, 18.794634701573379 ] } },
{ "type": "Feature", "properties": { "source": "sv", "poi_id": "13601_right", "poi_name": "พรภัณฑ์เฟอร์นิเจอร์", "category_raw": "shop=yes", "category_std": "retail_commerce", "category_std_th": "การค้าปลีกและร้านค้า", "category_sub": "shop=yes", "category_sub_th": "ร้านค้าไม่ระบุประเภทย่อย", "lat": 18.799698875630089, "lon": 99.014477402317596, "point_id": 13601, "side": "right", "pano_id": "XxyBWE9DOtiQKxzhivwI1w", "heading": 148.615, "poi_names": "พรภัณฑ์เฟอร์นิเจอร์", "categories": "shop=yes", "poi_count": 1 }, "geometry": { "type": "Point", "coordinates": [ 99.014477402317596, 18.799698875630089 ] } },
{ "type": "Feature", "properties": { "source": "sv", "poi_id": "13634_left", "poi_name": "Nescafe", "category_raw": "amenity=cafe", "category_std": "food_beverage", "category_std_th": "อาหารและเครื่องดื่ม", "category_sub": "amenity=cafe", "category_sub_th": "ร้านกาแฟ", "lat": 18.800748557640897, "lon": 99.017909373020458, "point_id": 13634, "side": "left", "pano_id": "W8lvAI4c443vxaWQoPfPlA", "heading": 76.847, "poi_names": "Nescafe", "categories": "amenity=cafe", "poi_count": 1 }, "geometry": { "type": "Point", "coordinates": [ 99.017909373020458, 18.800748557640897 ] } },
{ "type": "Feature", "properties": { "source": "sv", "poi_id": "13888_left", "poi_name": "Contemporary European Restaurant", "category_raw": "amenity=restaurant", "category_std": "food_beverage", "category_std_th": "อาหารและเครื่องดื่ม", "category_sub": "amenity=restaurant", "category_sub_th": "ร้านอาหาร", "lat": 18.784449082389791, "lon": 98.97813180827572, "point_id": 13888, "side": "left", "pano_id": "--pjSpVY_fGnf-zsj8E6Eg", "heading": 185.561, "poi_names": "Contemporary European Restaurant", "categories": "amenity=restaurant", "poi_count": 1 }, "geometry": { "type": "Point", "coordinates": [ 98.97813180827572, 18.784449082389791 ] } },
{ "type": "Feature", "properties": { "source": "sv", "poi_id": "13921_left", "poi_name": "Rovai Orchid", "category_raw": "tourism=hotel", "category_std": "tourism_culture", "category_std_th": "ที่พัก การท่องเที่ยว และวัฒนธรรม", "category_sub": "tourism=hotel", "category_sub_th": "โรงแรม", "lat": 18.840290333317324, "lon": 98.975778715904042, "point_id": 13921, "side": "left", "pano_id": "HN6n1zZcCZ5s_z0BN-BdMw", "heading": 345.171, "poi_names": "Rovai Orchid", "categories": "tourism=hotel", "poi_count": 1 }, "geometry": { "type": "Point", "coordinates": [ 98.975778715904042, 18.840290333317324 ] } },
{ "type": "Feature", "properties": { "source": "sv", "poi_id": "13941_right", "poi_name": "ยีกต้าย่าง", "category_raw": "amenity=restaurant", "category_std": "food_beverage", "category_std_th": "อาหารและเครื่องดื่ม", "category_sub": "amenity=restaurant", "category_sub_th": "ร้านอาหาร", "lat": 18.801209748800041, "lon": 99.00043985874764, "point_id": 13941, "side": "right", "pano_id": "oyacUviYj9mQNermEUSlQQ", "heading": 6.573, "poi_names": "ยีกต้าย่าง", "categories": "amenity=restaurant", "poi_count": 1 }, "geometry": { "type": "Point", "coordinates": [ 99.00043985874764, 18.801209748800041 ] } },
{ "type": "Feature", "properties": { "source": "sv", "poi_id": "13942_right", "poi_name": "บีเก๋ไก๋ย่าง", "category_raw": "amenity=restaurant", "category_std": "food_beverage", "category_std_th": "อาหารและเครื่องดื่ม", "category_sub": "amenity=restaurant", "category_sub_th": "ร้านอาหาร", "lat": 18.801224332414726, "lon": 99.000308427118554, "point_id": 13942, "side": "right", "pano_id": "Xj_eeJJcH5iefPafWbm7Dg", "heading": 0.862, "poi_names": "บีเก๋ไก๋ย่าง", "categories": "amenity=restaurant", "poi_count": 1 }, "geometry": { "type": "Point", "coordinates": [ 99.000308427118554, 18.801224332414726 ] } },
{ "type": "Feature", "properties": { "source": "sv", "poi_id": "13958_left", "poi_name": "SHA Place", "category_raw": "tourism=guest_house", "category_std": "tourism_culture", "category_std_th": "ที่พัก การท่องเที่ยว และวัฒนธรรม", "category_sub": "tourism=guest_house", "category_sub_th": "เกสต์เฮาส์", "lat": 18.802356497536096, "lon": 98.975755944853958, "point_id": 13958, "side": "left", "pano_id": "PIpE53Ae-PX66lFwzhO12Q", "heading": 7.843, "poi_names": "SHA Place", "categories": "tourism=guest_house", "poi_count": 1 }, "geometry": { "type": "Point", "coordinates": [ 98.975755944853958, 18.802356497536096 ] } },
{ "type": "Feature", "properties": { "source": "sv", "poi_id": "13981_right", "poi_name": "เขยเจียง", "category_raw": "amenity=restaurant", "category_std": "food_beverage", "category_std_th": "อาหารและเครื่องดื่ม", "category_sub": "amenity=restaurant", "category_sub_th": "ร้านอาหาร", "lat": 18.800446387621239, "lon": 98.978272821794377, "point_id": 13981, "side": "right", "pano_id": "5nsmqZqCGcvwL4RRvY3dFw", "heading": 91.657, "poi_names": "เขยเจียง", "categories": "amenity=restaurant", "poi_count": 1 }, "geometry": { "type": "Point", "coordinates": [ 98.978272821794377, 18.800446387621239 ] } },
{ "type": "Feature", "properties": { "source": "sv", "poi_id": "14048_left", "poi_name": "coffee", "category_raw": "amenity=cafe", "category_std": "food_beverage", "category_std_th": "อาหารและเครื่องดื่ม", "category_sub": "amenity=cafe", "category_sub_th": "ร้านกาแฟ", "lat": 18.801624035662851, "lon": 99.017113699385021, "point_id": 14048, "side": "left", "pano_id": "BQt62w9_RahILkH_YUBtAA", "heading": 347.024, "poi_names": "coffee", "categories": "amenity=cafe", "poi_count": 1 }, "geometry": { "type": "Point", "coordinates": [ 99.017113699385021, 18.801624035662851 ] } },
{ "type": "Feature", "properties": { "source": "sv", "poi_id": "14049_left", "poi_name": "นครชัยแอร์", "category_raw": "office=company", "category_std": "office_professional", "category_std_th": "สำนักงานและบริการวิชาชีพ", "category_sub": "office=company", "category_sub_th": "บริษัท", "lat": 18.80166403566248, "lon": 99.017298699380007, "point_id": 14049, "side": "left", "pano_id": "P3I-4R7aNb194sxcIQqIcg", "heading": 347.024, "poi_names": "นครชัยแอร์", "categories": "office=company", "poi_count": 1 }, "geometry": { "type": "Point", "coordinates": [ 99.017298699380007, 18.80166403566248 ] } },
{ "type": "Feature", "properties": { "source": "sv", "poi_id": "14082_right", "poi_name": "เยส บาดัว", "category_raw": "amenity=school", "category_std": "education_religion", "category_std_th": "การศึกษาและศาสนา", "category_sub": "amenity=school", "category_sub_th": "โรงเรียน", "lat": 18.767807384816919, "lon": 99.004568776372878, "point_id": 14082, "side": "right", "pano_id": "hZURkWP8BOvktj34wZPx5g", "heading": 8.352, "poi_names": "เยส บาดัว", "categories": "amenity=school", "poi_count": 1 }, "geometry": { "type": "Point", "coordinates": [ 99.004568776372878, 18.767807384816919 ] } },
{ "type": "Feature", "properties": { "source": "sv", "poi_id": "14115_left", "poi_name": "ซูพรีมพลัส", "category_raw": "office=company", "category_std": "office_professional", "category_std_th": "สำนักงานและบริการวิชาชีพ", "category_sub": "office=company", "category_sub_th": "บริษัท", "lat": 18.768544629095761, "lon": 99.006114457883399, "point_id": 14115, "side": "left", "pano_id": "sCArHWiSoAyozo6EGkAH9Q", "heading": 285.162, "poi_names": "ซูพรีมพลัส", "categories": "office=company", "poi_count": 1 }, "geometry": { "type": "Point", "coordinates": [ 99.006114457883399, 18.768544629095761 ] } },
{ "type": "Feature", "properties": { "source": "sv", "poi_id": "14171_right", "poi_name": "ร้านเฮียทา", "category_raw": "amenity=restaurant", "category_std": "food_beverage", "category_std_th": "อาหารและเครื่องดื่ม", "category_sub": "amenity=restaurant", "category_sub_th": "ร้านอาหาร", "lat": 18.77504221798042, "lon": 98.990111554658043, "point_id": 14171, "side": "right", "pano_id": "xtXkKg_nyU6T_vz4kZ6wDQ", "heading": 169.334, "poi_names": "ร้านเฮียทา", "categories": "amenity=restaurant", "poi_count": 1 }, "geometry": { "type": "Point", "coordinates": [ 98.990111554658043, 18.77504221798042 ] } },
{ "type": "Feature", "properties": { "source": "sv", "poi_id": "14200_left", "poi_name": "เจ้เซง", "category_raw": "amenity=restaurant", "category_std": "food_beverage", "category_std_th": "อาหารและเครื่องดื่ม", "category_sub": "amenity=restaurant", "category_sub_th": "ร้านอาหาร", "lat": 18.78564548008702, "lon": 99.014781612650125, "point_id": 14200, "side": "left", "pano_id": "BKsf7LOBJsm5jQ5SViri6A", "heading": 102.478, "poi_names": "เจ้เซง", "categories": "amenity=restaurant", "poi_count": 1 }, "geometry": { "type": "Point", "coordinates": [ 99.014781612650125, 18.78564548008702 ] } },
{ "type": "Feature", "properties": { "source": "sv", "poi_id": "14209_right", "poi_name": "บ้าวไท้เย่า", "category_raw": "amenity=restaurant", "category_std": "food_beverage", "category_std_th": "อาหารและเครื่องดื่ม", "category_sub": "amenity=restaurant", "category_sub_th": "ร้านอาหาร", "lat": 18.784160050221832, "lon": 99.014190286930315, "point_id": 14209, "side": "right", "pano_id": "Ye3tyr1LHN4yZCIICw6JiQ", "heading": 284.782, "poi_names": "บ้าวไท้เย่า", "categories": "amenity=restaurant", "poi_count": 1 }, "geometry": { "type": "Point", "coordinates": [ 99.014190286930315, 18.784160050221832 ] } },
{ "type": "Feature", "properties": { "source": "sv", "poi_id": "14334_left", "poi_name": "ภกษมิก", "category_raw": "amenity=pharmacy", "category_std": "health", "category_std_th": "สุขภาพและการแพทย์", "category_sub": "amenity=pharmacy", "category_sub_th": "ร้านขายยา", "lat": 18.763913299307426, "lon": 99.005853050752293, "point_id": 14334, "side": "left", "pano_id": "KUuJ_vesPDEjLyenaIePSg", "heading": 358.218, "poi_names": "ภกษมิก", "categories": "amenity=pharmacy", "poi_count": 1 }, "geometry": { "type": "Point", "coordinates": [ 99.005853050752293, 18.763913299307426 ] } },
{ "type": "Feature", "properties": { "source": "sv", "poi_id": "14407_right", "poi_name": "วัฒิมมิแอร์เซอร์วิส", "category_raw": "shop=yes", "category_std": "retail_commerce", "category_std_th": "การค้าปลีกและร้านค้า", "category_sub": "shop=yes", "category_sub_th": "ร้านค้าไม่ระบุประเภทย่อย", "lat": 18.760432663105849, "lon": 99.009354114687156, "point_id": 14407, "side": "right", "pano_id": "hTwAGZwa7C_iofXp2pSvjQ", "heading": 171.441, "poi_names": "วัฒิมมิแอร์เซอร์วิส", "categories": "shop=yes", "poi_count": 1 }, "geometry": { "type": "Point", "coordinates": [ 99.009354114687156, 18.760432663105849 ] } },
{ "type": "Feature", "properties": { "source": "sv", "poi_id": "14599_left", "poi_name": "บ้านแท้นธัญ", "category_raw": "shop=yes", "category_std": "retail_commerce", "category_std_th": "การค้าปลีกและร้านค้า", "category_sub": "shop=yes", "category_sub_th": "ร้านค้าไม่ระบุประเภทย่อย", "lat": 18.800822340419035, "lon": 98.976124665565237, "point_id": 14599, "side": "left", "pano_id": "LGx83tZnCsMAu5m_gEgsmQ", "heading": 0.402, "poi_names": "บ้านแท้นธัญ", "categories": "shop=yes", "poi_count": 1 }, "geometry": { "type": "Point", "coordinates": [ 98.976124665565237, 18.800822340419035 ] } },
{ "type": "Feature", "properties": { "source": "sv", "poi_id": "14616_right", "poi_name": "Sakaen Kindergarten", "category_raw": "amenity=school", "category_std": "education_religion", "category_std_th": "การศึกษาและศาสนา", "category_sub": "amenity=school", "category_sub_th": "โรงเรียน", "lat": 18.803784567248361, "lon": 98.981992401847364, "point_id": 14616, "side": "right", "pano_id": "TjY8PYvC5skNNFxxqzEu7Q", "heading": 7.512, "poi_names": "Sakaen Kindergarten", "categories": "amenity=school", "poi_count": 1 }, "geometry": { "type": "Point", "coordinates": [ 98.981992401847364, 18.803784567248361 ] } },
{ "type": "Feature", "properties": { "source": "sv", "poi_id": "14656_right", "poi_name": "พรหรรหาร์รเม้นท์", "category_raw": "shop=clothes", "category_std": "retail_commerce", "category_std_th": "การค้าปลีกและร้านค้า", "category_sub": "shop=clothes", "category_sub_th": "ร้านเสื้อผ้า", "lat": 18.807052659675389, "lon": 98.983409670556739, "point_id": 14656, "side": "right", "pano_id": "tK3GKwogiXhZYEPmBweXpQ", "heading": 179.595, "poi_names": "พรหรรหาร์รเม้นท์", "categories": "shop=clothes", "poi_count": 1 }, "geometry": { "type": "Point", "coordinates": [ 98.983409670556739, 18.807052659675389 ] } },
{ "type": "Feature", "properties": { "source": "sv", "poi_id": "14726_left", "poi_name": "Yu Grill | Republic", "category_raw": "amenity=restaurant, amenity=bar", "category_std": "food_beverage", "category_std_th": "อาหารและเครื่องดื่ม", "category_sub": "amenity=restaurant, amenity=bar", "category_sub_th": "ร้านอาหาร; บาร์", "lat": 18.780535275199622, "lon": 98.999346426345767, "point_id": 14726, "side": "left", "pano_id": "3vl83jqA2E_IRIkIeTg5lw", "heading": 196.27, "poi_names": "Yu Grill | Republic", "categories": "amenity=restaurant, amenity=bar", "poi_count": 2 }, "geometry": { "type": "Point", "coordinates": [ 98.999346426345767, 18.780535275199622 ] } },
{ "type": "Feature", "properties": { "source": "sv", "poi_id": "14764_left", "poi_name": "Bata", "category_raw": "shop=clothes", "category_std": "retail_commerce", "category_std_th": "การค้าปลีกและร้านค้า", "category_sub": "shop=clothes", "category_sub_th": "ร้านเสื้อผ้า", "lat": 18.810671206153597, "lon": 98.995488671902223, "point_id": 14764, "side": "left", "pano_id": "_t9cQUfrmMZltb3-zcm1xQ", "heading": 93.677, "poi_names": "Bata", "categories": "shop=clothes", "poi_count": 1 }, "geometry": { "type": "Point", "coordinates": [ 98.995488671902223, 18.810671206153597 ] } },
{ "type": "Feature", "properties": { "source": "sv", "poi_id": "14773_left", "poi_name": "เลาดคำเที่ยง", "category_raw": "shop=yes", "category_std": "retail_commerce", "category_std_th": "การค้าปลีกและร้านค้า", "category_sub": "shop=yes", "category_sub_th": "ร้านค้าไม่ระบุประเภทย่อย", "lat": 18.809177206194423, "lon": 98.995358561394596, "point_id": 14773, "side": "left", "pano_id": "-hLjkh2MCLJUlhbw_otf1g", "heading": 102.656, "poi_names": "เลาดคำเที่ยง", "categories": "shop=yes", "poi_count": 1 }, "geometry": { "type": "Point", "coordinates": [ 98.995358561394596, 18.809177206194423 ] } },
{ "type": "Feature", "properties": { "source": "sv", "poi_id": "14776_right", "poi_name": "Tesco Lotus", "category_raw": "shop=supermarket", "category_std": "retail_commerce", "category_std_th": "การค้าปลีกและร้านค้า", "category_sub": "shop=supermarket", "category_sub_th": "ซูเปอร์มาร์เก็ต", "lat": 18.809041497259638, "lon": 98.996255794948482, "point_id": 14776, "side": "right", "pano_id": "8ZT-ZB39gGE0aXfee0OU9g", "heading": 92.222, "poi_names": "Tesco Lotus", "categories": "shop=supermarket", "poi_count": 1 }, "geometry": { "type": "Point", "coordinates": [ 98.996255794948482, 18.809041497259638 ] } },
{ "type": "Feature", "properties": { "source": "sv", "poi_id": "14779_left", "poi_name": "โลตัส", "category_raw": "shop=supermarket", "category_std": "retail_commerce", "category_std_th": "การค้าปลีกและร้านค้า", "category_sub": "shop=supermarket", "category_sub_th": "ซูเปอร์มาร์เก็ต", "lat": 18.809341373783958, "lon": 98.996218190908664, "point_id": 14779, "side": "left", "pano_id": "NGsGjLPXc7M1MAmW9BPqhQ", "heading": 342.954, "poi_names": "โลตัส", "categories": "shop=supermarket", "poi_count": 1 }, "geometry": { "type": "Point", "coordinates": [ 98.996218190908664, 18.809341373783958 ] } },
{ "type": "Feature", "properties": { "source": "sv", "poi_id": "14837_right", "poi_name": "โรงเรียนพระหฤทัยเชียงใหม่", "category_raw": "amenity=school", "category_std": "education_religion", "category_std_th": "การศึกษาและศาสนา", "category_sub": "amenity=school", "category_sub_th": "โรงเรียน", "lat": 18.775022683662364, "lon": 99.002426061286513, "point_id": 14837, "side": "right", "pano_id": "brJqY-mJN2CJc4xA0clvyw", "heading": 158.954, "poi_names": "โรงเรียนพระหฤทัยเชียงใหม่", "categories": "amenity=school", "poi_count": 1 }, "geometry": { "type": "Point", "coordinates": [ 99.002426061286513, 18.775022683662364 ] } },
{ "type": "Feature", "properties": { "source": "sv", "poi_id": "14867_left", "poi_name": "สเมธเวชภัณฑ์", "category_raw": "amenity=pharmacy", "category_std": "health", "category_std_th": "สุขภาพและการแพทย์", "category_sub": "amenity=pharmacy", "category_sub_th": "ร้านขายยา", "lat": 18.79714532620924, "lon": 98.998547851179353, "point_id": 14867, "side": "left", "pano_id": "yrvqubnnfPtgWv9ovHmcig", "heading": 191.03, "poi_names": "สเมธเวชภัณฑ์", "categories": "amenity=pharmacy", "poi_count": 1 }, "geometry": { "type": "Point", "coordinates": [ 98.998547851179353, 18.79714532620924 ] } },
{ "type": "Feature", "properties": { "source": "sv", "poi_id": "14868_left", "poi_name": "นานาทอมส์", "category_raw": "shop=yes", "category_std": "retail_commerce", "category_std_th": "การค้าปลีกและร้านค้า", "category_sub": "shop=yes", "category_sub_th": "ร้านค้าไม่ระบุประเภทย่อย", "lat": 18.797788936817334, "lon": 98.998114083396842, "point_id": 14868, "side": "left", "pano_id": "TM-9kAp1VXx3cTLl8Q-7Xw", "heading": 21.706, "poi_names": "นานาทอมส์", "categories": "shop=yes", "poi_count": 1 }, "geometry": { "type": "Point", "coordinates": [ 98.998114083396842, 18.797788936817334 ] } },
{ "type": "Feature", "properties": { "source": "sv", "poi_id": "15160_left", "poi_name": "Tops Daily", "category_raw": "shop=convenience", "category_std": "retail_commerce", "category_std_th": "การค้าปลีกและร้านค้า", "category_sub": "shop=convenience", "category_sub_th": "ร้านสะดวกซื้อ", "lat": 18.765666477175479, "lon": 99.005782301541046, "point_id": 15160, "side": "left", "pano_id": "zy-FX5TrLwI86-RHlUiOug", "heading": 345.53, "poi_names": "Tops Daily", "categories": "shop=convenience", "poi_count": 1 }, "geometry": { "type": "Point", "coordinates": [ 99.005782301541046, 18.765666477175479 ] } },
{ "type": "Feature", "properties": { "source": "sv", "poi_id": "15160_right", "poi_name": "Tops daily", "category_raw": "shop=convenience", "category_std": "retail_commerce", "category_std_th": "การค้าปลีกและร้านค้า", "category_sub": "shop=convenience", "category_sub_th": "ร้านสะดวกซื้อ", "lat": 18.765491522820703, "lon": 99.005829698434525, "point_id": 15160, "side": "right", "pano_id": "zy-FX5TrLwI86-RHlUiOug", "heading": 165.53, "poi_names": "Tops daily", "categories": "shop=convenience", "poi_count": 1 }, "geometry": { "type": "Point", "coordinates": [ 99.005829698434525, 18.765491522820703 ] } },
{ "type": "Feature", "properties": { "source": "sv", "poi_id": "15249_left", "poi_name": "โรงแรมโลตัสปางสวนแก้ว", "category_raw": "tourism=hotel", "category_std": "tourism_culture", "category_std_th": "ที่พัก การท่องเที่ยว และวัฒนธรรม", "category_sub": "tourism=hotel", "category_sub_th": "โรงแรม", "lat": 18.797357049574082, "lon": 98.975105888057797, "point_id": 15249, "side": "left", "pano_id": "VPMUBTNwEmvR8YitwQW7cg", "heading": 209.085, "poi_names": "โรงแรมโลตัสปางสวนแก้ว", "categories": "tourism=hotel", "poi_count": 1 }, "geometry": { "type": "Point", "coordinates": [ 98.975105888057797, 18.797357049574082 ] } },
{ "type": "Feature", "properties": { "source": "sv", "poi_id": "15250_left", "poi_name": "โลตัส ปางสวนแก้ว", "category_raw": "tourism=hotel", "category_std": "tourism_culture", "category_std_th": "ที่พัก การท่องเที่ยว และวัฒนธรรม", "category_sub": "tourism=hotel", "category_sub_th": "โรงแรม", "lat": 18.797435037314116, "lon": 98.974958911187841, "point_id": 15250, "side": "left", "pano_id": "lvfXtpQOq5Vbb092RwNiWA", "heading": 209.069, "poi_names": "โลตัส ปางสวนแก้ว", "categories": "tourism=hotel", "poi_count": 1 }, "geometry": { "type": "Point", "coordinates": [ 98.974958911187841, 18.797435037314116 ] } },
{ "type": "Feature", "properties": { "source": "sv", "poi_id": "15283_left", "poi_name": "mini", "category_raw": "shop=convenience", "category_std": "retail_commerce", "category_std_th": "การค้าปลีกและร้านค้า", "category_sub": "shop=convenience", "category_sub_th": "ร้านสะดวกซื้อ", "lat": 18.804207996178128, "lon": 98.959750426908158, "point_id": 15283, "side": "left", "pano_id": "kp-JW5NakwnIoZH_3H1EOg", "heading": 118.425, "poi_names": "mini", "categories": "shop=convenience", "poi_count": 1 }, "geometry": { "type": "Point", "coordinates": [ 98.959750426908158, 18.804207996178128 ] } },
{ "type": "Feature", "properties": { "source": "sv", "poi_id": "15388_left", "poi_name": "Kumuang Properties Co. Ltd | Cafe de Hun", "category_raw": "office=company, amenity=cafe", "category_std": "office_professional; food_beverage", "category_std_th": "สำนักงานและบริการวิชาชีพ; อาหารและเครื่องดื่ม", "category_sub": "office=company, amenity=cafe", "category_sub_th": "บริษัท; ร้านกาแฟ", "lat": 18.789526927640136, "lon": 98.979970666668962, "point_id": 15388, "side": "left", "pano_id": "hZsvpMMCMJrLmI5EoaJfsw", "heading": 184.434, "poi_names": "Kumuang Properties Co. Ltd | Cafe de Hun", "categories": "office=company, amenity=cafe", "poi_count": 2 }, "geometry": { "type": "Point", "coordinates": [ 98.979970666668962, 18.789526927640136 ] } },
{ "type": "Feature", "properties": { "source": "sv", "poi_id": "15408_right", "poi_name": "Suan Dok Cafe", "category_raw": "amenity=cafe", "category_std": "food_beverage", "category_std_th": "อาหารและเครื่องดื่ม", "category_sub": "amenity=cafe", "category_sub_th": "ร้านกาแฟ", "lat": 18.788756658529991, "lon": 98.979709493410056, "point_id": 15408, "side": "right", "pano_id": "56HaqDRZuTNiF7nK3oM9ow", "heading": 180.306, "poi_names": "Suan Dok Cafe", "categories": "amenity=cafe", "poi_count": 1 }, "geometry": { "type": "Point", "coordinates": [ 98.979709493410056, 18.788756658529991 ] } },
{ "type": "Feature", "properties": { "source": "sv", "poi_id": "15410_right", "poi_name": "Esseppo Coffee", "category_raw": "amenity=cafe", "category_std": "food_beverage", "category_std_th": "อาหารและเครื่องดื่ม", "category_sub": "amenity=cafe", "category_sub_th": "ร้านกาแฟ", "lat": 18.788763731165641, "lon": 98.980042836473274, "point_id": 15410, "side": "right", "pano_id": "poGIQ93KnQ8x-1fHjFKUiw", "heading": 177.682, "poi_names": "Esseppo Coffee", "categories": "amenity=cafe", "poi_count": 1 }, "geometry": { "type": "Point", "coordinates": [ 98.980042836473274, 18.788763731165641 ] } },
{ "type": "Feature", "properties": { "source": "sv", "poi_id": "15432_right", "poi_name": "Relaxin's Day Massage", "category_raw": "shop=massage", "category_std": "personal_service_repair", "category_std_th": "บริการส่วนบุคคลและงานซ่อม", "category_sub": "shop=massage", "category_sub_th": "ร้านนวด", "lat": 18.789406174654449, "lon": 98.982677137321886, "point_id": 15432, "side": "right", "pano_id": "U1YC5K9WI8aHOuCzSaSARg", "heading": 173.865, "poi_names": "Relaxin's Day Massage", "categories": "shop=massage", "poi_count": 1 }, "geometry": { "type": "Point", "coordinates": [ 98.982677137321886, 18.789406174654449 ] } },
{ "type": "Feature", "properties": { "source": "sv", "poi_id": "15450_left", "poi_name": "waffle & coffee", "category_raw": "amenity=cafe", "category_std": "food_beverage", "category_std_th": "อาหารและเครื่องดื่ม", "category_sub": "amenity=cafe", "category_sub_th": "ร้านกาแฟ", "lat": 18.789813031552328, "lon": 98.985352133636638, "point_id": 15450, "side": "left", "pano_id": "1YYNUINUWQosN915hWyMUA", "heading": 355.243, "poi_names": "waffle & coffee", "categories": "amenity=cafe", "poi_count": 1 }, "geometry": { "type": "Point", "coordinates": [ 98.985352133636638, 18.789813031552328 ] } },
{ "type": "Feature", "properties": { "source": "sv", "poi_id": "15464_left", "poi_name": "risa thai massage", "category_raw": "shop=massage", "category_std": "personal_service_repair", "category_std_th": "บริการส่วนบุคคลและงานซ่อม", "category_sub": "shop=massage", "category_sub_th": "ร้านนวด", "lat": 18.792950191925868, "lon": 98.982051556213477, "point_id": 15464, "side": "left", "pano_id": "RQ3c5UoXpVY7xrJqBV7T6A", "heading": 85.434, "poi_names": "risa thai massage", "categories": "shop=massage", "poi_count": 1 }, "geometry": { "type": "Point", "coordinates": [ 98.982051556213477, 18.792950191925868 ] } },
{ "type": "Feature", "properties": { "source": "sv", "poi_id": "15475_right", "poi_name": "โรงเรียนหอพระ", "category_raw": "amenity=school", "category_std": "education_religion", "category_std_th": "การศึกษาและศาสนา", "category_sub": "amenity=school", "category_sub_th": "โรงเรียน", "lat": 18.791503581284399, "lon": 98.982056723190155, "point_id": 15475, "side": "right", "pano_id": "qYhDVNMZRjaD4qWLrFbqQg", "heading": 259.529, "poi_names": "โรงเรียนหอพระ", "categories": "amenity=school", "poi_count": 1 }, "geometry": { "type": "Point", "coordinates": [ 98.982056723190155, 18.791503581284399 ] } },
{ "type": "Feature", "properties": { "source": "sv", "poi_id": "15482_right", "poi_name": "K Perfect Nails & Spa", "category_raw": "shop=beauty", "category_std": "personal_service_repair", "category_std_th": "บริการส่วนบุคคลและงานซ่อม", "category_sub": "shop=beauty", "category_sub_th": "ร้านเสริมสวย", "lat": 18.79042087971693, "lon": 98.982241309915636, "point_id": 15482, "side": "right", "pano_id": "Sc0B5tkMIfylZ0ewfzBzhg", "heading": 261.008, "poi_names": "K Perfect Nails & Spa", "categories": "shop=beauty", "poi_count": 1 }, "geometry": { "type": "Point", "coordinates": [ 98.982241309915636, 18.79042087971693 ] } },
{ "type": "Feature", "properties": { "source": "sv", "poi_id": "15496_right", "poi_name": "คริสตจักร", "category_raw": "amenity=place_of_worship", "category_std": "education_religion", "category_std_th": "การศึกษาและศาสนา", "category_sub": "amenity=place_of_worship", "category_sub_th": "ศาสนสถาน", "lat": 18.786946001895181, "lon": 98.99112615188784, "point_id": 15496, "side": "right", "pano_id": "4NRe8_rX8c9KOleAW-C-3Q", "heading": 269.367, "poi_names": "คริสตจักร", "categories": "amenity=place_of_worship", "poi_count": 1 }, "geometry": { "type": "Point", "coordinates": [ 98.99112615188784, 18.786946001895181 ] } },
{ "type": "Feature", "properties": { "source": "sv", "poi_id": "15531_left", "poi_name": "SV Pharmacy", "category_raw": "amenity=pharmacy", "category_std": "health", "category_std_th": "สุขภาพและการแพทย์", "category_sub": "amenity=pharmacy", "category_sub_th": "ร้านขายยา", "lat": 18.790640650797769, "lon": 98.978452621427422, "point_id": 15531, "side": "left", "pano_id": "j_htccbPkkofZRkYvfLsLA", "heading": 94.03, "poi_names": "SV Pharmacy", "categories": "amenity=pharmacy", "poi_count": 1 }, "geometry": { "type": "Point", "coordinates": [ 98.978452621427422, 18.790640650797769 ] } },
{ "type": "Feature", "properties": { "source": "sv", "poi_id": "15625_right", "poi_name": "วังสิงห์คำ", "category_raw": "office=company", "category_std": "office_professional", "category_std_th": "สำนักงานและบริการวิชาชีพ", "category_sub": "office=company", "category_sub_th": "บริษัท", "lat": 18.808224815421163, "lon": 99.001077392033181, "point_id": 15625, "side": "right", "pano_id": "SMhDI74vhC4oVCXr2YXoHQ", "heading": 183.389, "poi_names": "วังสิงห์คำ", "categories": "office=company", "poi_count": 1 }, "geometry": { "type": "Point", "coordinates": [ 99.001077392033181, 18.808224815421163 ] } },
{ "type": "Feature", "properties": { "source": "sv", "poi_id": "15656_left", "poi_name": "ร้านลุงดี", "category_raw": "shop=yes", "category_std": "retail_commerce", "category_std_th": "การค้าปลีกและร้านค้า", "category_sub": "shop=yes", "category_sub_th": "ร้านค้าไม่ระบุประเภทย่อย", "lat": 18.775489151513344, "lon": 99.020705829714885, "point_id": 15656, "side": "left", "pano_id": "QaXpUsq6xXo-VQwNnpnLxA", "heading": 356.27, "poi_names": "ร้านลุงดี", "categories": "shop=yes", "poi_count": 1 }, "geometry": { "type": "Point", "coordinates": [ 99.020705829714885, 18.775489151513344 ] } },
{ "type": "Feature", "properties": { "source": "sv", "poi_id": "15660_left", "poi_name": "เข้าวหมูแพง | เกี๋ยว_ซุกี้ | หมูกรอบ", "category_raw": "amenity=restaurant", "category_std": "food_beverage", "category_std_th": "อาหารและเครื่องดื่ม", "category_sub": "amenity=restaurant", "category_sub_th": "ร้านอาหาร", "lat": 18.77572675357694, "lon": 99.021302712503527, "point_id": 15660, "side": "left", "pano_id": "99xIp-S8CQZaKL_AzA7Mfw", "heading": 10.763, "poi_names": "เข้าวหมูแพง | เกี๋ยว_ซุกี้ | หมูกรอบ", "categories": "amenity=restaurant", "poi_count": 3 }, "geometry": { "type": "Point", "coordinates": [ 99.021302712503527, 18.77572675357694 ] } },
{ "type": "Feature", "properties": { "source": "sv", "poi_id": "15676_right", "poi_name": "Bell Used Car", "category_raw": "shop=yes", "category_std": "retail_commerce", "category_std_th": "การค้าปลีกและร้านค้า", "category_sub": "shop=yes", "category_sub_th": "ร้านค้าไม่ระบุประเภทย่อย", "lat": 18.774688587159204, "lon": 99.023812329571015, "point_id": 15676, "side": "right", "pano_id": "vVCB2MKD_SqVi1WussX7FA", "heading": 196.962, "poi_names": "Bell Used Car", "categories": "shop=yes", "poi_count": 1 }, "geometry": { "type": "Point", "coordinates": [ 99.023812329571015, 18.774688587159204 ] } },
{ "type": "Feature", "properties": { "source": "sv", "poi_id": "15768_left", "poi_name": "ธ.ไทยพาณิชย์", "category_raw": "amenity=bank", "category_std": "finance_insurance", "category_std_th": "การเงินและประกันภัย", "category_sub": "amenity=bank", "category_sub_th": "ธนาคาร", "lat": 18.75682246426782, "lon": 99.002458575702477, "point_id": 15768, "side": "left", "pano_id": "L6BViAbOnB1bGUy_KetWVw", "heading": 260.098, "poi_names": "ธ.ไทยพาณิชย์", "categories": "amenity=bank", "poi_count": 1 }, "geometry": { "type": "Point", "coordinates": [ 99.002458575702477, 18.75682246426782 ] } },
{ "type": "Feature", "properties": { "source": "sv", "poi_id": "15809_right", "poi_name": "Chang Tours", "category_raw": "office=company", "category_std": "office_professional", "category_std_th": "สำนักงานและบริการวิชาชีพ", "category_sub": "office=company", "category_sub_th": "บริษัท", "lat": 18.781403609030104, "lon": 98.996264803063937, "point_id": 15809, "side": "right", "pano_id": "vncuX2cU_tYuX9WxV4Tcjg", "heading": 98.524, "poi_names": "Chang Tours", "categories": "office=company", "poi_count": 1 }, "geometry": { "type": "Point", "coordinates": [ 98.996264803063937, 18.781403609030104 ] } },
{ "type": "Feature", "properties": { "source": "sv", "poi_id": "15812_right", "poi_name": "Wawee Coffee", "category_raw": "amenity=cafe", "category_std": "food_beverage", "category_std_th": "อาหารและเครื่องดื่ม", "category_sub": "amenity=cafe", "category_sub_th": "ร้านกาแฟ", "lat": 18.781395869943768, "lon": 98.995911175572118, "point_id": 15812, "side": "right", "pano_id": "LsAKI1wUoXqMit5a7yh61Q", "heading": 268.649, "poi_names": "Wawee Coffee", "categories": "amenity=cafe", "poi_count": 1 }, "geometry": { "type": "Point", "coordinates": [ 98.995911175572118, 18.781395869943768 ] } },
{ "type": "Feature", "properties": { "source": "sv", "poi_id": "15904_left", "poi_name": "ก๋วยเตี๋ยวเป็ดเจ๊ไร", "category_raw": "amenity=restaurant", "category_std": "food_beverage", "category_std_th": "อาหารและเครื่องดื่ม", "category_sub": "amenity=restaurant", "category_sub_th": "ร้านอาหาร", "lat": 18.78802180853187, "lon": 98.9621223091156, "point_id": 15904, "side": "left", "pano_id": "XQogF6dK0EKBRXKYyARuZw", "heading": 13.603, "poi_names": "ก๋วยเตี๋ยวเป็ดเจ๊ไร", "categories": "amenity=restaurant", "poi_count": 1 }, "geometry": { "type": "Point", "coordinates": [ 98.9621223091156, 18.78802180853187 ] } },
{ "type": "Feature", "properties": { "source": "sv", "poi_id": "15981_right", "poi_name": "กาแฟสด", "category_raw": "amenity=cafe", "category_std": "food_beverage", "category_std_th": "อาหารและเครื่องดื่ม", "category_sub": "amenity=cafe", "category_sub_th": "ร้านกาแฟ", "lat": 18.785327948706957, "lon": 98.97027537574408, "point_id": 15981, "side": "right", "pano_id": "_LxHHfd_lMVh_c2iQNWVtw", "heading": 95.75, "poi_names": "กาแฟสด", "categories": "amenity=cafe", "poi_count": 1 }, "geometry": { "type": "Point", "coordinates": [ 98.97027537574408, 18.785327948706957 ] } },
{ "type": "Feature", "properties": { "source": "sv", "poi_id": "16199_right", "poi_name": "Esso", "category_raw": "shop=yes", "category_std": "retail_commerce", "category_std_th": "การค้าปลีกและร้านค้า", "category_sub": "shop=yes", "category_sub_th": "ร้านค้าไม่ระบุประเภทย่อย", "lat": 18.759824223747842, "lon": 99.01484019283032, "point_id": 16199, "side": "right", "pano_id": "74-apon6Yb6Lzkj3GnTjIw", "heading": 68.423, "poi_names": "Esso", "categories": "shop=yes", "poi_count": 1 }, "geometry": { "type": "Point", "coordinates": [ 99.01484019283032, 18.759824223747842 ] } },
{ "type": "Feature", "properties": { "source": "sv", "poi_id": "16203_left", "poi_name": "ไข่หวานบ้านซูชิ | ร้านไปรษณีย์ไทย", "category_raw": "amenity=restaurant, office=government", "category_std": "food_beverage; office_professional", "category_std_th": "อาหารและเครื่องดื่ม; สำนักงานและบริการวิชาชีพ", "category_sub": "amenity=restaurant, office=government", "category_sub_th": "ร้านอาหาร; หน่วยงานราชการ", "lat": 18.759886470517248, "lon": 99.015185281765739, "point_id": 16203, "side": "left", "pano_id": "m0FfOC3SEBWoJNCLicoZWg", "heading": 70.289, "poi_names": "ไข่หวานบ้านซูชิ | ร้านไปรษณีย์ไทย", "categories": "amenity=restaurant, office=government", "poi_count": 2 }, "geometry": { "type": "Point", "coordinates": [ 99.015185281765739, 18.759886470517248 ] } },
{ "type": "Feature", "properties": { "source": "sv", "poi_id": "16204_left", "poi_name": "Refndy Coffeebar", "category_raw": "amenity=cafe", "category_std": "food_beverage", "category_std_th": "อาหารและเครื่องดื่ม", "category_sub": "amenity=cafe", "category_sub_th": "ร้านกาแฟ", "lat": 18.759732209075509, "lon": 99.015242288130963, "point_id": 16204, "side": "left", "pano_id": "ukhfPWElzS1Bht2Z5NRqiA", "heading": 61.427, "poi_names": "Refndy Coffeebar", "categories": "amenity=cafe", "poi_count": 1 }, "geometry": { "type": "Point", "coordinates": [ 99.015242288130963, 18.759732209075509 ] } },
{ "type": "Feature", "properties": { "source": "sv", "poi_id": "16262_right", "poi_name": "อร้าหัน", "category_raw": "amenity=restaurant", "category_std": "food_beverage", "category_std_th": "อาหารและเครื่องดื่ม", "category_sub": "amenity=restaurant", "category_sub_th": "ร้านอาหาร", "lat": 18.801697192581774, "lon": 98.961708324052722, "point_id": 16262, "side": "right", "pano_id": "0pg2IUmS7DptxR19b8B7Fw", "heading": 306.071, "poi_names": "อร้าหัน", "categories": "amenity=restaurant", "poi_count": 1 }, "geometry": { "type": "Point", "coordinates": [ 98.961708324052722, 18.801697192581774 ] } },
{ "type": "Feature", "properties": { "source": "sv", "poi_id": "16558_left", "poi_name": "วัดเจดีย์หลวงวรวิหาร", "category_raw": "amenity=place_of_worship", "category_std": "education_religion", "category_std_th": "การศึกษาและศาสนา", "category_sub": "amenity=place_of_worship", "category_sub_th": "ศาสนสถาน", "lat": 18.795045904577009, "lon": 98.983720330704486, "point_id": 16558, "side": "left", "pano_id": "KiaOoGUSyaJLd8AQ81RmeQ", "heading": 5.645, "poi_names": "วัดเจดีย์หลวงวรวิหาร", "categories": "amenity=place_of_worship", "poi_count": 1 }, "geometry": { "type": "Point", "coordinates": [ 98.983720330704486, 18.795045904577009 ] } },
{ "type": "Feature", "properties": { "source": "sv", "poi_id": "16609_right", "poi_name": "ย-หญิง", "category_raw": "shop=hairdresser", "category_std": "personal_service_repair", "category_std_th": "บริการส่วนบุคคลและงานซ่อม", "category_sub": "shop=hairdresser", "category_sub_th": "ร้านทำผม", "lat": 18.801838599333085, "lon": 98.978030454324113, "point_id": 16609, "side": "right", "pano_id": "fjH_wR0VILwqOnz0O-397w", "heading": 348.726, "poi_names": "ย-หญิง", "categories": "shop=hairdresser", "poi_count": 1 }, "geometry": { "type": "Point", "coordinates": [ 98.978030454324113, 18.801838599333085 ] } },
{ "type": "Feature", "properties": { "source": "sv", "poi_id": "16616_right", "poi_name": "ยาย", "category_raw": "amenity=restaurant", "category_std": "food_beverage", "category_std_th": "อาหารและเครื่องดื่ม", "category_sub": "amenity=restaurant", "category_sub_th": "ร้านอาหาร", "lat": 18.801595104271872, "lon": 98.97691911356668, "point_id": 16616, "side": "right", "pano_id": "KvVy1Rh08wmJqWXVkJetAA", "heading": 355.837, "poi_names": "ยาย", "categories": "amenity=restaurant", "poi_count": 1 }, "geometry": { "type": "Point", "coordinates": [ 98.97691911356668, 18.801595104271872 ] } },
{ "type": "Feature", "properties": { "source": "sv", "poi_id": "16647_left", "poi_name": "ร้านยาเชียงใหม่", "category_raw": "amenity=pharmacy", "category_std": "health", "category_std_th": "สุขภาพและการแพทย์", "category_sub": "amenity=pharmacy", "category_sub_th": "ร้านขายยา", "lat": 18.802412360205068, "lon": 98.978203763262314, "point_id": 16647, "side": "left", "pano_id": "hBjouM7s9vgIXSLEzPk5VQ", "heading": 276.585, "poi_names": "ร้านยาเชียงใหม่", "categories": "amenity=pharmacy", "poi_count": 1 }, "geometry": { "type": "Point", "coordinates": [ 98.978203763262314, 18.802412360205068 ] } },
{ "type": "Feature", "properties": { "source": "sv", "poi_id": "16648_right", "poi_name": "19 ออ ไข่มุก", "category_raw": "amenity=cafe", "category_std": "food_beverage", "category_std_th": "อาหารและเครื่องดื่ม", "category_sub": "amenity=cafe", "category_sub_th": "ร้านกาแฟ", "lat": 18.802540594137565, "lon": 98.978410103576238, "point_id": 16648, "side": "right", "pano_id": "cwKVr72T-2fooI-f7Pi0pw", "heading": 97.253, "poi_names": "19 ออ ไข่มุก", "categories": "amenity=cafe", "poi_count": 1 }, "geometry": { "type": "Point", "coordinates": [ 98.978410103576238, 18.802540594137565 ] } },
{ "type": "Feature", "properties": { "source": "sv", "poi_id": "16656_left", "poi_name": "กำไลพาณิชย์", "category_raw": "shop=yes", "category_std": "retail_commerce", "category_std_th": "การค้าปลีกและร้านค้า", "category_sub": "shop=yes", "category_sub_th": "ร้านค้าไม่ระบุประเภทย่อย", "lat": 18.803924681243039, "lon": 98.978393801946595, "point_id": 16656, "side": "left", "pano_id": "r4rLLjA8HFVQ1Bm2VYiiZA", "heading": 276.79, "poi_names": "กำไลพาณิชย์", "categories": "shop=yes", "poi_count": 1 }, "geometry": { "type": "Point", "coordinates": [ 98.978393801946595, 18.803924681243039 ] } },
{ "type": "Feature", "properties": { "source": "sv", "poi_id": "16656_right", "poi_name": "ก๋วยเตี๋ยวเรือธารินทร์", "category_raw": "amenity=restaurant", "category_std": "food_beverage", "category_std_th": "อาหารและเครื่องดื่ม", "category_sub": "amenity=restaurant", "category_sub_th": "ร้านอาหาร", "lat": 18.803903318709423, "lon": 98.978582198041522, "point_id": 16656, "side": "right", "pano_id": "r4rLLjA8HFVQ1Bm2VYiiZA", "heading": 96.79, "poi_names": "ก๋วยเตี๋ยวเรือธารินทร์", "categories": "amenity=restaurant", "poi_count": 1 }, "geometry": { "type": "Point", "coordinates": [ 98.978582198041522, 18.803903318709423 ] } },
{ "type": "Feature", "properties": { "source": "sv", "poi_id": "16707_left", "poi_name": "ลักกี้ไก่กรอบ", "category_raw": "amenity=fast_food", "category_std": "food_beverage", "category_std_th": "อาหารและเครื่องดื่ม", "category_sub": "amenity=fast_food", "category_sub_th": "อาหารจานด่วน", "lat": 18.806302169625461, "lon": 98.978749867372358, "point_id": 16707, "side": "left", "pano_id": "LX9gzygMqf3NlIkAfKrZjg", "heading": 3.546, "poi_names": "ลักกี้ไก่กรอบ", "categories": "amenity=fast_food", "poi_count": 1 }, "geometry": { "type": "Point", "coordinates": [ 98.978749867372358, 18.806302169625461 ] } },
{ "type": "Feature", "properties": { "source": "sv", "poi_id": "16717_right", "poi_name": "Nene Nails Art", "category_raw": "shop=beauty", "category_std": "personal_service_repair", "category_std_th": "บริการส่วนบุคคลและงานซ่อม", "category_sub": "shop=beauty", "category_sub_th": "ร้านเสริมสวย", "lat": 18.803004948442265, "lon": 98.977086015061062, "point_id": 16717, "side": "right", "pano_id": "2gx85YCZdK5jhKW_dGrQ8A", "heading": 97.666, "poi_names": "Nene Nails Art", "categories": "shop=beauty", "poi_count": 1 }, "geometry": { "type": "Point", "coordinates": [ 98.977086015061062, 18.803004948442265 ] } },
{ "type": "Feature", "properties": { "source": "sv", "poi_id": "16724_left", "poi_name": "ตำแซ่บ", "category_raw": "amenity=restaurant", "category_std": "food_beverage", "category_std_th": "อาหารและเครื่องดื่ม", "category_sub": "amenity=restaurant", "category_sub_th": "ร้านอาหาร", "lat": 18.80309625358575, "lon": 98.977622635992603, "point_id": 16724, "side": "left", "pano_id": "mfc52PY_I08JC5kJlUj4ig", "heading": 275.879, "poi_names": "ตำแซ่บ", "categories": "amenity=restaurant", "poi_count": 1 }, "geometry": { "type": "Point", "coordinates": [ 98.977622635992603, 18.80309625358575 ] } },
{ "type": "Feature", "properties": { "source": "sv", "poi_id": "16749_right", "poi_name": "ธิติโรจน์มอเตอร์", "category_raw": "shop=motorcycle_repair", "category_std": "personal_service_repair", "category_std_th": "บริการส่วนบุคคลและงานซ่อม", "category_sub": "shop=motorcycle_repair", "category_sub_th": "ร้านซ่อมรถจักรยานยนต์", "lat": 18.806198423595077, "lon": 98.978868941007079, "point_id": 16749, "side": "right", "pano_id": "PDua99U5UwIXFoLAEf-GKA", "heading": 98.002, "poi_names": "ธิติโรจน์มอเตอร์", "categories": "shop=motorcycle_repair", "poi_count": 1 }, "geometry": { "type": "Point", "coordinates": [ 98.978868941007079, 18.806198423595077 ] } },
{ "type": "Feature", "properties": { "source": "sv", "poi_id": "16762_right", "poi_name": "ร้านสินค้ามือสอง", "category_raw": "shop=clothes", "category_std": "retail_commerce", "category_std_th": "การค้าปลีกและร้านค้า", "category_sub": "shop=clothes", "category_sub_th": "ร้านเสื้อผ้า", "lat": 18.803151594429465, "lon": 98.978012183453401, "point_id": 16762, "side": "right", "pano_id": "e7BbQy_JwGKCVQX5c4CF1A", "heading": 7.379, "poi_names": "ร้านสินค้ามือสอง", "categories": "shop=clothes", "poi_count": 1 }, "geometry": { "type": "Point", "coordinates": [ 98.978012183453401, 18.803151594429465 ] } },
{ "type": "Feature", "properties": { "source": "sv", "poi_id": "16770_right", "poi_name": "เอี่ยวเปาสันตีธรรม", "category_raw": "amenity=restaurant", "category_std": "food_beverage", "category_std_th": "อาหารและเครื่องดื่ม", "category_sub": "amenity=restaurant", "category_sub_th": "ร้านอาหาร", "lat": 18.803319602103478, "lon": 98.976651121068301, "point_id": 16770, "side": "right", "pano_id": "vYKS5o9RHPOJ_ByoGNPqfg", "heading": 7.341, "poi_names": "เอี่ยวเปาสันตีธรรม", "categories": "amenity=restaurant", "poi_count": 1 }, "geometry": { "type": "Point", "coordinates": [ 98.976651121068301, 18.803319602103478 ] } },
{ "type": "Feature", "properties": { "source": "sv", "poi_id": "16782_left", "poi_name": "chill coffee", "category_raw": "amenity=cafe", "category_std": "food_beverage", "category_std_th": "อาหารและเครื่องดื่ม", "category_sub": "amenity=cafe", "category_sub_th": "ร้านกาแฟ", "lat": 18.803393418997928, "lon": 98.97456970816782, "point_id": 16782, "side": "left", "pano_id": "8R_IwqSGEGxdVkjPIul1Jg", "heading": 187.445, "poi_names": "chill coffee", "categories": "amenity=cafe", "poi_count": 1 }, "geometry": { "type": "Point", "coordinates": [ 98.97456970816782, 18.803393418997928 ] } },
{ "type": "Feature", "properties": { "source": "sv", "poi_id": "16787_right", "poi_name": "ใบยอแมนชั่น", "category_raw": "tourism=hotel", "category_std": "tourism_culture", "category_std_th": "ที่พัก การท่องเที่ยว และวัฒนธรรม", "category_sub": "tourism=hotel", "category_sub_th": "โรงแรม", "lat": 18.803694319987279, "lon": 98.973706232886286, "point_id": 16787, "side": "right", "pano_id": "vEmXO5tMi_HkG1WnLNyTmw", "heading": 8.629, "poi_names": "ใบยอแมนชั่น", "categories": "tourism=hotel", "poi_count": 1 }, "geometry": { "type": "Point", "coordinates": [ 98.973706232886286, 18.803694319987279 ] } },
{ "type": "Feature", "properties": { "source": "sv", "poi_id": "16849_right", "poi_name": "ซัพพลายะ", "category_raw": "shop=yes", "category_std": "retail_commerce", "category_std_th": "การค้าปลีกและร้านค้า", "category_sub": "shop=yes", "category_sub_th": "ร้านค้าไม่ระบุประเภทย่อย", "lat": 18.782199663336581, "lon": 98.989848107481919, "point_id": 16849, "side": "right", "pano_id": "Qgk0rkP66m-EceRw7MZ5Lg", "heading": 179.331, "poi_names": "ซัพพลายะ", "categories": "shop=yes", "poi_count": 1 }, "geometry": { "type": "Point", "coordinates": [ 98.989848107481919, 18.782199663336581 ] } },
{ "type": "Feature", "properties": { "source": "sv", "poi_id": "16906_left", "poi_name": "ภรณ์ชาลาเปา", "category_raw": "amenity=fast_food", "category_std": "food_beverage", "category_std_th": "อาหารและเครื่องดื่ม", "category_sub": "amenity=fast_food", "category_sub_th": "อาหารจานด่วน", "lat": 18.790177149648997, "lon": 98.984242503083678, "point_id": 16906, "side": "left", "pano_id": "A9vD3twpT99fY3N7MpgYaw", "heading": 265.015, "poi_names": "ภรณ์ชาลาเปา", "categories": "amenity=fast_food", "poi_count": 1 }, "geometry": { "type": "Point", "coordinates": [ 98.984242503083678, 18.790177149648997 ] } },
{ "type": "Feature", "properties": { "source": "sv", "poi_id": "16929_left", "poi_name": "พลอยจรัส", "category_raw": "office=company", "category_std": "office_professional", "category_std_th": "สำนักงานและบริการวิชาชีพ", "category_sub": "office=company", "category_sub_th": "บริษัท", "lat": 18.769785022039617, "lon": 98.978101696935965, "point_id": 16929, "side": "left", "pano_id": "pwh2fYyIyAFdHAG-nhFJ_Q", "heading": 122.829, "poi_names": "พลอยจรัส", "categories": "office=company", "poi_count": 1 }, "geometry": { "type": "Point", "coordinates": [ 98.978101696935965, 18.769785022039617 ] } },
{ "type": "Feature", "properties": { "source": "sv", "poi_id": "16946_right", "poi_name": "ส้มตำ อุดร ดวงตะวัน", "category_raw": "amenity=restaurant", "category_std": "food_beverage", "category_std_th": "อาหารและเครื่องดื่ม", "category_sub": "amenity=restaurant", "category_sub_th": "ร้านอาหาร", "lat": 18.806670679782336, "lon": 98.976461889149434, "point_id": 16946, "side": "right", "pano_id": "UzsIodtF6EKMg0_Z4RPq5Q", "heading": 181.275, "poi_names": "ส้มตำ อุดร ดวงตะวัน", "categories": "amenity=restaurant", "poi_count": 1 }, "geometry": { "type": "Point", "coordinates": [ 98.976461889149434, 18.806670679782336 ] } },
{ "type": "Feature", "properties": { "source": "sv", "poi_id": "17026_right", "poi_name": "Faculty of Engineering, Chiang Mai University", "category_raw": "amenity=university", "category_std": "education_religion", "category_std_th": "การศึกษาและศาสนา", "category_sub": "amenity=university", "category_sub_th": "มหาวิทยาลัย", "lat": 18.795784305662892, "lon": 98.952632816655424, "point_id": 17026, "side": "right", "pano_id": "EwJLRKCL_Ub34y5J6m_JZA", "heading": 91.709, "poi_names": "Faculty of Engineering, Chiang Mai University", "categories": "amenity=university", "poi_count": 1 }, "geometry": { "type": "Point", "coordinates": [ 98.952632816655424, 18.795784305662892 ] } },
{ "type": "Feature", "properties": { "source": "sv", "poi_id": "17047_left", "poi_name": "มูลนิธิชิน โสภณพนิช", "category_raw": "office=company", "category_std": "office_professional", "category_std_th": "สำนักงานและบริการวิชาชีพ", "category_sub": "office=company", "category_sub_th": "บริษัท", "lat": 18.790453702283497, "lon": 98.974863005612761, "point_id": 17047, "side": "left", "pano_id": "CUoj86sBYaGu-AOD1Fk7_A", "heading": 181.809, "poi_names": "มูลนิธิชิน โสภณพนิช", "categories": "office=company", "poi_count": 1 }, "geometry": { "type": "Point", "coordinates": [ 98.974863005612761, 18.790453702283497 ] } },
{ "type": "Feature", "properties": { "source": "sv", "poi_id": "17084_right", "poi_name": "คณะพยาบาลศาสตร์ มหาวิทยาลัยเชียงใหม่", "category_raw": "amenity=university", "category_std": "education_religion", "category_std_th": "การศึกษาและศาสนา", "category_sub": "amenity=university", "category_sub_th": "มหาวิทยาลัย", "lat": 18.79122348576735, "lon": 98.967729034200801, "point_id": 17084, "side": "right", "pano_id": "DLQliLliQoNBJT4m-eQ6Pw", "heading": 7.898, "poi_names": "คณะพยาบาลศาสตร์ มหาวิทยาลัยเชียงใหม่", "categories": "amenity=university", "poi_count": 1 }, "geometry": { "type": "Point", "coordinates": [ 98.967729034200801, 18.79122348576735 ] } },
{ "type": "Feature", "properties": { "source": "sv", "poi_id": "17198_left", "poi_name": "ข้าวแกงข้างบ้าน", "category_raw": "amenity=restaurant", "category_std": "food_beverage", "category_std_th": "อาหารและเครื่องดื่ม", "category_sub": "amenity=restaurant", "category_sub_th": "ร้านอาหาร", "lat": 18.766051489019041, "lon": 98.996052149779999, "point_id": 17198, "side": "left", "pano_id": "Fpl61ZR6pzHglQe8L5xXXQ", "heading": 319.297, "poi_names": "ข้าวแกงข้างบ้าน", "categories": "amenity=restaurant", "poi_count": 1 }, "geometry": { "type": "Point", "coordinates": [ 98.996052149779999, 18.766051489019041 ] } },
{ "type": "Feature", "properties": { "source": "sv", "poi_id": "17229_left", "poi_name": "Worldwide Services", "category_raw": "office=company", "category_std": "office_professional", "category_std_th": "สำนักงานและบริการวิชาชีพ", "category_sub": "office=company", "category_sub_th": "บริษัท", "lat": 18.766206691230224, "lon": 98.995689069593695, "point_id": 17229, "side": "left", "pano_id": "RT6w2L5fu0iKbQBAeilVKQ", "heading": 139.122, "poi_names": "Worldwide Services", "categories": "office=company", "poi_count": 1 }, "geometry": { "type": "Point", "coordinates": [ 98.995689069593695, 18.766206691230224 ] } },
{ "type": "Feature", "properties": { "source": "sv", "poi_id": "17274_right", "poi_name": "APS Advice Paint Solution", "category_raw": "shop=yes", "category_std": "retail_commerce", "category_std_th": "การค้าปลีกและร้านค้า", "category_sub": "shop=yes", "category_sub_th": "ร้านค้าไม่ระบุประเภทย่อย", "lat": 18.766465298247049, "lon": 98.991697984036634, "point_id": 17274, "side": "right", "pano_id": "sT8fa4pzhpyUJfsvVl4wtg", "heading": 1.803, "poi_names": "APS Advice Paint Solution", "categories": "shop=yes", "poi_count": 1 }, "geometry": { "type": "Point", "coordinates": [ 98.991697984036634, 18.766465298247049 ] } },
{ "type": "Feature", "properties": { "source": "sv", "poi_id": "17294_right", "poi_name": "ลาบอุ่น", "category_raw": "amenity=restaurant", "category_std": "food_beverage", "category_std_th": "อาหารและเครื่องดื่ม", "category_sub": "amenity=restaurant", "category_sub_th": "ร้านอาหาร", "lat": 18.774281006788936, "lon": 98.976259860762795, "point_id": 17294, "side": "right", "pano_id": "OPsog77PvZIUTVJhMPfyMA", "heading": 98.269, "poi_names": "ลาบอุ่น", "categories": "amenity=restaurant", "poi_count": 1 }, "geometry": { "type": "Point", "coordinates": [ 98.976259860762795, 18.774281006788936 ] } },
{ "type": "Feature", "properties": { "source": "sv", "poi_id": "17319_right", "poi_name": "อัณชะ", "category_raw": "shop=yes", "category_std": "retail_commerce", "category_std_th": "การค้าปลีกและร้านค้า", "category_sub": "shop=yes", "category_sub_th": "ร้านค้าไม่ระบุประเภทย่อย", "lat": 18.802686199811408, "lon": 98.982309040903701, "point_id": 17319, "side": "right", "pano_id": "1gXgGNACp6y9vKXN-PteYQ", "heading": 9.123, "poi_names": "อัณชะ", "categories": "shop=yes", "poi_count": 1 }, "geometry": { "type": "Point", "coordinates": [ 98.982309040903701, 18.802686199811408 ] } },
{ "type": "Feature", "properties": { "source": "sv", "poi_id": "17351_left", "poi_name": "Lone Star Minimart", "category_raw": "shop=convenience", "category_std": "retail_commerce", "category_std_th": "การค้าปลีกและร้านค้า", "category_sub": "shop=convenience", "category_sub_th": "ร้านสะดวกซื้อ", "lat": 18.802415313803969, "lon": 98.978999924640206, "point_id": 17351, "side": "left", "pano_id": "JWqkzfK9nBwnZQTpzYESiA", "heading": 218.517, "poi_names": "Lone Star Minimart", "categories": "shop=convenience", "poi_count": 1 }, "geometry": { "type": "Point", "coordinates": [ 98.978999924640206, 18.802415313803969 ] } },
{ "type": "Feature", "properties": { "source": "sv", "poi_id": "17355_left", "poi_name": "Welicare Pharmacy", "category_raw": "amenity=pharmacy", "category_std": "health", "category_std_th": "สุขภาพและการแพทย์", "category_sub": "amenity=pharmacy", "category_sub_th": "ร้านขายยา", "lat": 18.802676010456118, "lon": 98.978529966097298, "point_id": 17355, "side": "left", "pano_id": "mjc62Z48xZfgVGDvx_zWoA", "heading": 206.302, "poi_names": "Welicare Pharmacy", "categories": "amenity=pharmacy", "poi_count": 1 }, "geometry": { "type": "Point", "coordinates": [ 98.978529966097298, 18.802676010456118 ] } },
{ "type": "Feature", "properties": { "source": "sv", "poi_id": "17355_right", "poi_name": "Fuku Matcha", "category_raw": "amenity=cafe", "category_std": "food_beverage", "category_std_th": "อาหารและเครื่องดื่ม", "category_sub": "amenity=cafe", "category_sub_th": "ร้านกาแฟ", "lat": 18.802837989533721, "lon": 98.978614033942918, "point_id": 17355, "side": "right", "pano_id": "mjc62Z48xZfgVGDvx_zWoA", "heading": 26.302, "poi_names": "Fuku Matcha", "categories": "amenity=cafe", "poi_count": 1 }, "geometry": { "type": "Point", "coordinates": [ 98.978614033942918, 18.802837989533721 ] } },
{ "type": "Feature", "properties": { "source": "sv", "poi_id": "17375_left", "poi_name": "หม่าล่า | ชามุก", "category_raw": "amenity=fast_food, amenity=cafe", "category_std": "food_beverage", "category_std_th": "อาหารและเครื่องดื่ม", "category_sub": "amenity=fast_food, amenity=cafe", "category_sub_th": "อาหารจานด่วน; ร้านกาแฟ", "lat": 18.803179364630171, "lon": 98.981135153223633, "point_id": 17375, "side": "left", "pano_id": "beU40waeydFb9nxwPUdtWw", "heading": 187.174, "poi_names": "หม่าล่า | ชามุก", "categories": "amenity=fast_food, amenity=cafe", "poi_count": 2 }, "geometry": { "type": "Point", "coordinates": [ 98.981135153223633, 18.803179364630171 ] } },
{ "type": "Feature", "properties": { "source": "sv", "poi_id": "17406_left", "poi_name": "ลานนาวิลล่า", "category_raw": "tourism=hotel", "category_std": "tourism_culture", "category_std_th": "ที่พัก การท่องเที่ยว และวัฒนธรรม", "category_sub": "tourism=hotel", "category_sub_th": "โรงแรม", "lat": 18.80293476302106, "lon": 98.969018661669367, "point_id": 17406, "side": "left", "pano_id": "tWUVXT45QqptEuH8D3s5og", "heading": 10.73, "poi_names": "ลานนาวิลล่า", "categories": "tourism=hotel", "poi_count": 1 }, "geometry": { "type": "Point", "coordinates": [ 98.969018661669367, 18.80293476302106 ] } },
{ "type": "Feature", "properties": { "source": "sv", "poi_id": "17442_left", "poi_name": "เฮียซง", "category_raw": "amenity=restaurant", "category_std": "food_beverage", "category_std_th": "อาหารและเครื่องดื่ม", "category_sub": "amenity=restaurant", "category_sub_th": "ร้านอาหาร", "lat": 18.790129621207917, "lon": 98.999564978678919, "point_id": 17442, "side": "left", "pano_id": "R5GZ9J2Y4M2HC9V9bl8yMg", "heading": 239.848, "poi_names": "เฮียซง", "categories": "amenity=restaurant", "poi_count": 1 }, "geometry": { "type": "Point", "coordinates": [ 98.999564978678919, 18.790129621207917 ] } },
{ "type": "Feature", "properties": { "source": "sv", "poi_id": "17452_right", "poi_name": "อาลายา เอมมี่", "category_raw": "shop=clothes", "category_std": "retail_commerce", "category_std_th": "การค้าปลีกและร้านค้า", "category_sub": "shop=clothes", "category_sub_th": "ร้านเสื้อผ้า", "lat": 18.789767066689667, "lon": 98.999848759329339, "point_id": 17452, "side": "right", "pano_id": "DaW8J15OtznHuN40as8Tug", "heading": 87.42, "poi_names": "อาลายา เอมมี่", "categories": "shop=clothes", "poi_count": 1 }, "geometry": { "type": "Point", "coordinates": [ 98.999848759329339, 18.789767066689667 ] } },
{ "type": "Feature", "properties": { "source": "sv", "poi_id": "17497_left", "poi_name": "เทพนาแมนชัน", "category_raw": "tourism=hotel", "category_std": "tourism_culture", "category_std_th": "ที่พัก การท่องเที่ยว และวัฒนธรรม", "category_sub": "tourism=hotel", "category_sub_th": "โรงแรม", "lat": 18.792525428812077, "lon": 98.955796875658976, "point_id": 17497, "side": "left", "pano_id": "_K-VLSkVd-rHh6YLhLJ7kw", "heading": 291.717, "poi_names": "เทพนาแมนชัน", "categories": "tourism=hotel", "poi_count": 1 }, "geometry": { "type": "Point", "coordinates": [ 98.955796875658976, 18.792525428812077 ] } },
{ "type": "Feature", "properties": { "source": "sv", "poi_id": "17530_left", "poi_name": "ร้านซื้อมือถือ", "category_raw": "shop=mobile_phone", "category_std": "retail_commerce", "category_std_th": "การค้าปลีกและร้านค้า", "category_sub": "shop=mobile_phone", "category_sub_th": "ร้านโทรศัพท์มือถือ", "lat": 18.791185704734652, "lon": 98.95986941779816, "point_id": 17530, "side": "left", "pano_id": "VUpRXHp0LmnlWuaf4ta6Cw", "heading": 289.196, "poi_names": "ร้านซื้อมือถือ", "categories": "shop=mobile_phone", "poi_count": 1 }, "geometry": { "type": "Point", "coordinates": [ 98.95986941779816, 18.791185704734652 ] } },
{ "type": "Feature", "properties": { "source": "sv", "poi_id": "17570_right", "poi_name": "JobsDB", "category_raw": "office=company", "category_std": "office_professional", "category_std_th": "สำนักงานและบริการวิชาชีพ", "category_sub": "office=company", "category_sub_th": "บริษัท", "lat": 18.805293441532442, "lon": 98.984364635159722, "point_id": 17570, "side": "right", "pano_id": "cdWaIxYCtE8pxIOZ-32G4w", "heading": 351.901, "poi_names": "JobsDB", "categories": "office=company", "poi_count": 1 }, "geometry": { "type": "Point", "coordinates": [ 98.984364635159722, 18.805293441532442 ] } },
{ "type": "Feature", "properties": { "source": "sv", "poi_id": "17574_left", "poi_name": "บุกรักษา", "category_raw": "shop=yes", "category_std": "retail_commerce", "category_std_th": "การค้าปลีกและร้านค้า", "category_sub": "shop=yes", "category_sub_th": "ร้านค้าไม่ระบุประเภทย่อย", "lat": 18.804726431318404, "lon": 98.985043390425943, "point_id": 17574, "side": "left", "pano_id": "-vJdvDkmTrOxgJQr9UC5Ug", "heading": 172.495, "poi_names": "บุกรักษา", "categories": "shop=yes", "poi_count": 1 }, "geometry": { "type": "Point", "coordinates": [ 98.985043390425943, 18.804726431318404 ] } },
{ "type": "Feature", "properties": { "source": "sv", "poi_id": "17693_right", "poi_name": "อุบลศรี คอร์ท", "category_raw": "tourism=hotel", "category_std": "tourism_culture", "category_std_th": "ที่พัก การท่องเที่ยว และวัฒนธรรม", "category_sub": "tourism=hotel", "category_sub_th": "โรงแรม", "lat": 18.808064626632486, "lon": 98.979854080603886, "point_id": 17693, "side": "right", "pano_id": "Ymv0y9gfQnV3LeF5R_UN5Q", "heading": 352.782, "poi_names": "อุบลศรี คอร์ท", "categories": "tourism=hotel", "poi_count": 1 }, "geometry": { "type": "Point", "coordinates": [ 98.979854080603886, 18.808064626632486 ] } },
{ "type": "Feature", "properties": { "source": "sv", "poi_id": "17698_right", "poi_name": "ซ่อมมือถือ", "category_raw": "shop=mobile_phone", "category_std": "retail_commerce", "category_std_th": "การค้าปลีกและร้านค้า", "category_sub": "shop=mobile_phone", "category_sub_th": "ร้านโทรศัพท์มือถือ", "lat": 18.807813459510971, "lon": 98.979987052802841, "point_id": 17698, "side": "right", "pano_id": "zhuI347jYqEbhy0sKnAWmA", "heading": 262.021, "poi_names": "ซ่อมมือถือ", "categories": "shop=mobile_phone", "poi_count": 1 }, "geometry": { "type": "Point", "coordinates": [ 98.979987052802841, 18.807813459510971 ] } },
{ "type": "Feature", "properties": { "source": "sv", "poi_id": "17703_left", "poi_name": "บีลีฟ", "category_raw": "shop=yes", "category_std": "retail_commerce", "category_std_th": "การค้าปลีกและร้านค้า", "category_sub": "shop=yes", "category_sub_th": "ร้านค้าไม่ระบุประเภทย่อย", "lat": 18.806774731683348, "lon": 98.978493536877394, "point_id": 17703, "side": "left", "pano_id": "KFJWlDn0TulowlCUCtyeKQ", "heading": 165.01, "poi_names": "บีลีฟ", "categories": "shop=yes", "poi_count": 1 }, "geometry": { "type": "Point", "coordinates": [ 98.978493536877394, 18.806774731683348 ] } },
{ "type": "Feature", "properties": { "source": "sv", "poi_id": "17732_right", "poi_name": "กูต๊", "category_raw": "amenity=cafe", "category_std": "food_beverage", "category_std_th": "อาหารและเครื่องดื่ม", "category_sub": "amenity=cafe", "category_sub_th": "ร้านกาแฟ", "lat": 18.78196223051976, "lon": 98.970697934666234, "point_id": 17732, "side": "right", "pano_id": "auCufGGT-KOQm7CQ-lfzGQ", "heading": 75.755, "poi_names": "กูต๊", "categories": "amenity=cafe", "poi_count": 1 }, "geometry": { "type": "Point", "coordinates": [ 98.970697934666234, 18.78196223051976 ] } },
{ "type": "Feature", "properties": { "source": "sv", "poi_id": "17858_right", "poi_name": "Sipara", "category_raw": "shop=yes", "category_std": "retail_commerce", "category_std_th": "การค้าปลีกและร้านค้า", "category_sub": "shop=yes", "category_sub_th": "ร้านค้าไม่ระบุประเภทย่อย", "lat": 18.77373634322657, "lon": 99.010830761081365, "point_id": 17858, "side": "right", "pano_id": "jBsVcVZm43u0YbbPEKCBXw", "heading": 191.087, "poi_names": "Sipara", "categories": "shop=yes", "poi_count": 1 }, "geometry": { "type": "Point", "coordinates": [ 99.010830761081365, 18.77373634322657 ] } },
{ "type": "Feature", "properties": { "source": "sv", "poi_id": "17902_right", "poi_name": "ถ่ายเอกสาร | เข้าเล่ม สันกาว", "category_raw": "shop=yes", "category_std": "retail_commerce", "category_std_th": "การค้าปลีกและร้านค้า", "category_sub": "shop=yes", "category_sub_th": "ร้านค้าไม่ระบุประเภทย่อย", "lat": 18.77436500761392, "lon": 99.016918001797336, "point_id": 17902, "side": "right", "pano_id": "am5BlRuqFR6fGMm-EC_CzQ", "heading": 123.598, "poi_names": "ถ่ายเอกสาร | เข้าเล่ม สันกาว", "categories": "shop=yes", "poi_count": 2 }, "geometry": { "type": "Point", "coordinates": [ 99.016918001797336, 18.77436500761392 ] } },
{ "type": "Feature", "properties": { "source": "sv", "poi_id": "17906_right", "poi_name": "โจ๊กหมู", "category_raw": "amenity=fast_food", "category_std": "food_beverage", "category_std_th": "อาหารและเครื่องดื่ม", "category_sub": "amenity=fast_food", "category_sub_th": "อาหารจานด่วน", "lat": 18.778213838566103, "lon": 99.016857291328563, "point_id": 17906, "side": "right", "pano_id": "cnBnH_wPHEoIUluIw8Dtcw", "heading": 76.664, "poi_names": "โจ๊กหมู", "categories": "amenity=fast_food", "poi_count": 1 }, "geometry": { "type": "Point", "coordinates": [ 99.016857291328563, 18.778213838566103 ] } },
{ "type": "Feature", "properties": { "source": "sv", "poi_id": "18027_left", "poi_name": "Buniai Hair", "category_raw": "shop=hairdresser", "category_std": "personal_service_repair", "category_std_th": "บริการส่วนบุคคลและงานซ่อม", "category_sub": "shop=hairdresser", "category_sub_th": "ร้านทำผม", "lat": 18.805246239467163, "lon": 98.976621633268962, "point_id": 18027, "side": "left", "pano_id": "fJyCO5LiPykZJV-K6HiI_Q", "heading": 275.87, "poi_names": "Buniai Hair", "categories": "shop=hairdresser", "poi_count": 1 }, "geometry": { "type": "Point", "coordinates": [ 98.976621633268962, 18.805246239467163 ] } },
{ "type": "Feature", "properties": { "source": "sv", "poi_id": "18212_left", "poi_name": "ical clinic", "category_raw": "amenity=clinic", "category_std": "health", "category_std_th": "สุขภาพและการแพทย์", "category_sub": "amenity=clinic", "category_sub_th": "คลินิก", "lat": 18.799933451425929, "lon": 99.018931110857977, "point_id": 18212, "side": "left", "pano_id": "LnuDr5HkgekggHQmQHP8LA", "heading": 249.561, "poi_names": "ical clinic", "categories": "amenity=clinic", "poi_count": 1 }, "geometry": { "type": "Point", "coordinates": [ 99.018931110857977, 18.799933451425929 ] } },
{ "type": "Feature", "properties": { "source": "sv", "poi_id": "18214_left", "poi_name": "The Miracle Clinic | นวดสปา", "category_raw": "amenity=clinic, shop=massage", "category_std": "health; personal_service_repair", "category_std_th": "สุขภาพและการแพทย์; บริการส่วนบุคคลและงานซ่อม", "category_sub": "amenity=clinic, shop=massage", "category_sub_th": "คลินิก; ร้านนวด", "lat": 18.800271451427079, "lon": 99.018799110680561, "point_id": 18214, "side": "left", "pano_id": "hVsOeSIU1s5zqYWEfqbK3A", "heading": 249.561, "poi_names": "The Miracle Clinic | นวดสปา", "categories": "amenity=clinic, shop=massage", "poi_count": 2 }, "geometry": { "type": "Point", "coordinates": [ 99.018799110680561, 18.800271451427079 ] } },
{ "type": "Feature", "properties": { "source": "sv", "poi_id": "18336_right", "poi_name": "ตลาดต้นพะยอม", "category_raw": "shop=supermarket", "category_std": "retail_commerce", "category_std_th": "การค้าปลีกและร้านค้า", "category_sub": "shop=supermarket", "category_sub_th": "ซูเปอร์มาร์เก็ต", "lat": 18.799410159158601, "lon": 98.949362153056782, "point_id": 18336, "side": "right", "pano_id": "4rASsi3GvjB-ErWEDxWCxw", "heading": 203.514, "poi_names": "ตลาดต้นพะยอม", "categories": "shop=supermarket", "poi_count": 1 }, "geometry": { "type": "Point", "coordinates": [ 98.949362153056782, 18.799410159158601 ] } },
{ "type": "Feature", "properties": { "source": "sv", "poi_id": "18372_right", "poi_name": "Petsuya Pongpicat", "category_raw": "amenity=veterinary", "category_std": "health", "category_std_th": "สุขภาพและการแพทย์", "category_sub": "amenity=veterinary", "category_sub_th": "คลินิกสัตวแพทย์", "lat": 18.801906653100161, "lon": 98.948378695992247, "point_id": 18372, "side": "right", "pano_id": "CAoSF0NJSE0wb2dLRUlDQWdJRE00LWJjcVFF", "heading": 93.393, "poi_names": "Petsuya Pongpicat", "categories": "amenity=veterinary", "poi_count": 1 }, "geometry": { "type": "Point", "coordinates": [ 98.948378695992247, 18.801906653100161 ] } },
{ "type": "Feature", "properties": { "source": "sv", "poi_id": "18425_right", "poi_name": "Ram Jotikut", "category_raw": "office=company", "category_std": "office_professional", "category_std_th": "สำนักงานและบริการวิชาชีพ", "category_sub": "office=company", "category_sub_th": "บริษัท", "lat": 18.802881414942625, "lon": 98.955287225337486, "point_id": 18425, "side": "right", "pano_id": "CAoSF0NJSE0wb2dLRUlDQWdJREVrcURlandF", "heading": 28.473, "poi_names": "Ram Jotikut", "categories": "office=company", "poi_count": 1 }, "geometry": { "type": "Point", "coordinates": [ 98.955287225337486, 18.802881414942625 ] } },
{ "type": "Feature", "properties": { "source": "sv", "poi_id": "18453_left", "poi_name": "Aekkasit L.P.", "category_raw": "office=company", "category_std": "office_professional", "category_std_th": "สำนักงานและบริการวิชาชีพ", "category_sub": "office=company", "category_sub_th": "บริษัท", "lat": 18.801642188929652, "lon": 98.956100493098717, "point_id": 18453, "side": "left", "pano_id": "CAoSFkNJSE0wb2dLRUlDQWdJRHE3YkxpSHc.", "heading": 265.04, "poi_names": "Aekkasit L.P.", "categories": "office=company", "poi_count": 1 }, "geometry": { "type": "Point", "coordinates": [ 98.956100493098717, 18.801642188929652 ] } },
{ "type": "Feature", "properties": { "source": "sv", "poi_id": "18552_right", "poi_name": "Teami Terrafarm Co., Ltd.", "category_raw": "office=company", "category_std": "office_professional", "category_std_th": "สำนักงานและบริการวิชาชีพ", "category_sub": "office=company", "category_sub_th": "บริษัท", "lat": 18.800710960679229, "lon": 98.961319979075057, "point_id": 18552, "side": "right", "pano_id": "Hi17R90jpFoHfYO7CdabUw", "heading": 338.335, "poi_names": "Teami Terrafarm Co., Ltd.", "categories": "office=company", "poi_count": 1 }, "geometry": { "type": "Point", "coordinates": [ 98.961319979075057, 18.800710960679229 ] } },
{ "type": "Feature", "properties": { "source": "sv", "poi_id": "18562_left", "poi_name": "ราดหน้าเจ็ดยอด | นันต์แบตเตอรี่", "category_raw": "amenity=restaurant, shop=car_repair", "category_std": "food_beverage; personal_service_repair", "category_std_th": "อาหารและเครื่องดื่ม; บริการส่วนบุคคลและงานซ่อม", "category_sub": "amenity=restaurant, shop=car_repair", "category_sub_th": "ร้านอาหาร; อู่ซ่อมรถยนต์", "lat": 18.809944396058238, "lon": 98.984898630419082, "point_id": 18562, "side": "left", "pano_id": "_RibZyKVupiZOJNHTWn07Q", "heading": 74.991, "poi_names": "ราดหน้าเจ็ดยอด | นันต์แบตเตอรี่", "categories": "amenity=restaurant, shop=car_repair", "poi_count": 2 }, "geometry": { "type": "Point", "coordinates": [ 98.984898630419082, 18.809944396058238 ] } },
{ "type": "Feature", "properties": { "source": "sv", "poi_id": "18566_right", "poi_name": "คลินิกจักษุแพทย์เชียงใหม่", "category_raw": "amenity=clinic", "category_std": "health", "category_std_th": "สุขภาพและการแพทย์", "category_sub": "amenity=clinic", "category_sub_th": "คลินิก", "lat": 18.809414738063143, "lon": 98.984835873491804, "point_id": 18566, "side": "right", "pano_id": "O61bnxyhl4WyILfbLDQA2Q", "heading": 262.839, "poi_names": "คลินิกจักษุแพทย์เชียงใหม่", "categories": "amenity=clinic", "poi_count": 1 }, "geometry": { "type": "Point", "coordinates": [ 98.984835873491804, 18.809414738063143 ] } },
{ "type": "Feature", "properties": { "source": "sv", "poi_id": "18579_left", "poi_name": "มหาวิทยาลัยราชภัฏเชียงใหม่", "category_raw": "amenity=university", "category_std": "education_religion", "category_std_th": "การศึกษาและศาสนา", "category_sub": "amenity=university", "category_sub_th": "มหาวิทยาลัย", "lat": 18.807240650316189, "lon": 98.985277322491399, "point_id": 18579, "side": "left", "pano_id": "5SlDoYfzIM-PS6EbGUnObw", "heading": 83.868, "poi_names": "มหาวิทยาลัยราชภัฏเชียงใหม่", "categories": "amenity=university", "poi_count": 1 }, "geometry": { "type": "Point", "coordinates": [ 98.985277322491399, 18.807240650316189 ] } },
{ "type": "Feature", "properties": { "source": "sv", "poi_id": "18579_right", "poi_name": "ซัก-อบ", "category_raw": "shop=yes", "category_std": "retail_commerce", "category_std_th": "การค้าปลีกและร้านค้า", "category_sub": "shop=yes", "category_sub_th": "ร้านค้าไม่ระบุประเภทย่อย", "lat": 18.807221349636144, "lon": 98.985088677519357, "point_id": 18579, "side": "right", "pano_id": "5SlDoYfzIM-PS6EbGUnObw", "heading": 263.868, "poi_names": "ซัก-อบ", "categories": "shop=yes", "poi_count": 1 }, "geometry": { "type": "Point", "coordinates": [ 98.985088677519357, 18.807221349636144 ] } },
{ "type": "Feature", "properties": { "source": "sv", "poi_id": "18588_right", "poi_name": "แสงชัยมอเตอร์ | เพชรทองทองยาว", "category_raw": "shop=motorcycle_repair, shop=yes", "category_std": "personal_service_repair; retail_commerce", "category_std_th": "บริการส่วนบุคคลและงานซ่อม; การค้าปลีกและร้านค้า", "category_sub": "shop=motorcycle_repair, shop=yes", "category_sub_th": "ร้านซ่อมรถจักรยานยนต์; ร้านค้าไม่ระบุประเภทย่อย", "lat": 18.806068043979405, "lon": 98.985219713196116, "point_id": 18588, "side": "right", "pano_id": "6NZ1ccekvwGRPCtjFCZB4g", "heading": 263.673, "poi_names": "แสงชัยมอเตอร์ | เพชรทองทองยาว", "categories": "shop=motorcycle_repair, shop=yes", "poi_count": 2 }, "geometry": { "type": "Point", "coordinates": [ 98.985219713196116, 18.806068043979405 ] } },
{ "type": "Feature", "properties": { "source": "sv", "poi_id": "18598_left", "poi_name": "dtac", "category_raw": "shop=mobile_phone", "category_std": "retail_commerce", "category_std_th": "การค้าปลีกและร้านค้า", "category_sub": "shop=mobile_phone", "category_sub_th": "ร้านโทรศัพท์มือถือ", "lat": 18.796129248209294, "lon": 98.986326406237495, "point_id": 18598, "side": "left", "pano_id": "M7JcgAcvt-z1N2xcbI1j1A", "heading": 265.714, "poi_names": "dtac", "categories": "shop=mobile_phone", "poi_count": 1 }, "geometry": { "type": "Point", "coordinates": [ 98.986326406237495, 18.796129248209294 ] } },
{ "type": "Feature", "properties": { "source": "sv", "poi_id": "18600_left", "poi_name": "ทวีเวชภัณฑ์", "category_raw": "amenity=pharmacy", "category_std": "health", "category_std_th": "สุขภาพและการแพทย์", "category_sub": "amenity=pharmacy", "category_sub_th": "ร้านขายยา", "lat": 18.796490248209562, "lon": 98.986298406035857, "point_id": 18600, "side": "left", "pano_id": "wreKawieqFNn6f8HJ9LRiA", "heading": 265.714, "poi_names": "ทวีเวชภัณฑ์", "categories": "amenity=pharmacy", "poi_count": 1 }, "geometry": { "type": "Point", "coordinates": [ 98.986298406035857, 18.796490248209562 ] } },
{ "type": "Feature", "properties": { "source": "sv", "poi_id": "18601_right", "poi_name": "มัสยิดบ้านฮ่อ", "category_raw": "amenity=place_of_worship", "category_std": "education_religion", "category_std_th": "การศึกษาและศาสนา", "category_sub": "amenity=place_of_worship", "category_sub_th": "ศาสนสถาน", "lat": 18.796683751742389, "lon": 98.986472594072239, "point_id": 18601, "side": "right", "pano_id": "fTZO_sd0ahweukD1eNe2_Q", "heading": 85.714, "poi_names": "มัสยิดบ้านฮ่อ", "categories": "amenity=place_of_worship", "poi_count": 1 }, "geometry": { "type": "Point", "coordinates": [ 98.986472594072239, 18.796683751742389 ] } },
{ "type": "Feature", "properties": { "source": "sv", "poi_id": "18605_right", "poi_name": "Hug Hostel", "category_raw": "tourism=hostel", "category_std": "tourism_culture", "category_std_th": "ที่พัก การท่องเที่ยว และวัฒนธรรม", "category_sub": "tourism=hostel", "category_sub_th": "โฮสเทล", "lat": 18.797258781616584, "lon": 98.986427592037316, "point_id": 18605, "side": "right", "pano_id": "mLPel4fFllPG9aZ6Sha1wQ", "heading": 85.695, "poi_names": "Hug Hostel", "categories": "tourism=hostel", "poi_count": 1 }, "geometry": { "type": "Point", "coordinates": [ 98.986427592037316, 18.797258781616584 ] } },
{ "type": "Feature", "properties": { "source": "sv", "poi_id": "18623_left", "poi_name": "โหงติกนม", "category_raw": "amenity=cafe", "category_std": "food_beverage", "category_std_th": "อาหารและเครื่องดื่ม", "category_sub": "amenity=cafe", "category_sub_th": "ร้านกาแฟ", "lat": 18.806409987959071, "lon": 98.980517949771325, "point_id": 18623, "side": "left", "pano_id": "r7oeyliF_4dw6WjOYrPsfw", "heading": 21.618, "poi_names": "โหงติกนม", "categories": "amenity=cafe", "poi_count": 1 }, "geometry": { "type": "Point", "coordinates": [ 98.980517949771325, 18.806409987959071 ] } },
{ "type": "Feature", "properties": { "source": "sv", "poi_id": "18653_right", "poi_name": "โรงพิมพ์", "category_raw": "office=company", "category_std": "office_professional", "category_std_th": "สำนักงานและบริการวิชาชีพ", "category_sub": "office=company", "category_sub_th": "บริษัท", "lat": 18.805384479626262, "lon": 98.984488769561096, "point_id": 18653, "side": "right", "pano_id": "yDwp8xTB6TY6_ynw__J4_A", "heading": 172.264, "poi_names": "โรงพิมพ์", "categories": "office=company", "poi_count": 1 }, "geometry": { "type": "Point", "coordinates": [ 98.984488769561096, 18.805384479626262 ] } },
{ "type": "Feature", "properties": { "source": "sv", "poi_id": "18728_right", "poi_name": "Lenso", "category_raw": "shop=yes", "category_std": "retail_commerce", "category_std_th": "การค้าปลีกและร้านค้า", "category_sub": "shop=yes", "category_sub_th": "ร้านค้าไม่ระบุประเภทย่อย", "lat": 18.830394336602247, "lon": 98.977680396550937, "point_id": 18728, "side": "right", "pano_id": "OCB1sWg9o1P7EnZPoQBfsQ", "heading": 65.589, "poi_names": "Lenso", "categories": "shop=yes", "poi_count": 1 }, "geometry": { "type": "Point", "coordinates": [ 98.977680396550937, 18.830394336602247 ] } },
{ "type": "Feature", "properties": { "source": "sv", "poi_id": "18747_left", "poi_name": "ศาลากลาง", "category_raw": "office=government", "category_std": "office_professional", "category_std_th": "สำนักงานและบริการวิชาชีพ", "category_sub": "office=government", "category_sub_th": "หน่วยงานราชการ", "lat": 18.833305578639511, "lon": 98.976285043688236, "point_id": 18747, "side": "left", "pano_id": "0CmffxQDyvrDY9kIo1WdyQ", "heading": 249.647, "poi_names": "ศาลากลาง", "categories": "office=government", "poi_count": 1 }, "geometry": { "type": "Point", "coordinates": [ 98.976285043688236, 18.833305578639511 ] } },
{ "type": "Feature", "properties": { "source": "sv", "poi_id": "18765_left", "poi_name": "บ่อตกกุ้ง ตกปลา", "category_raw": "leisure=sports_centre", "category_std": "sport_recreation", "category_std_th": "กีฬาและนันทนาการ", "category_sub": "leisure=sports_centre", "category_sub_th": "ศูนย์กีฬา", "lat": 18.810516626155557, "lon": 98.980168855198045, "point_id": 18765, "side": "left", "pano_id": "QC0h34j9RgjjkTns5WLB_Q", "heading": 171.602, "poi_names": "บ่อตกกุ้ง ตกปลา", "categories": "leisure=sports_centre", "poi_count": 1 }, "geometry": { "type": "Point", "coordinates": [ 98.980168855198045, 18.810516626155557 ] } },
{ "type": "Feature", "properties": { "source": "sv", "poi_id": "18807_left", "poi_name": "โรงพยาบาลสยามราษฎร์เชียงใหม่", "category_raw": "amenity=hospital", "category_std": "health", "category_std_th": "สุขภาพและการแพทย์", "category_sub": "amenity=hospital", "category_sub_th": "โรงพยาบาล", "lat": 18.811234540186607, "lon": 98.981257359423083, "point_id": 18807, "side": "left", "pano_id": "5ljYgLUZVYGY1lelPzS_NA", "heading": 257.561, "poi_names": "โรงพยาบาลสยามราษฎร์เชียงใหม่", "categories": "amenity=hospital", "poi_count": 1 }, "geometry": { "type": "Point", "coordinates": [ 98.981257359423083, 18.811234540186607 ] } },
{ "type": "Feature", "properties": { "source": "sv", "poi_id": "18998_right", "poi_name": "วิสภก่อสร้าง", "category_raw": "shop=yes", "category_std": "retail_commerce", "category_std_th": "การค้าปลีกและร้านค้า", "category_sub": "shop=yes", "category_sub_th": "ร้านค้าไม่ระบุประเภทย่อย", "lat": 18.802120937425851, "lon": 98.985869030616755, "point_id": 18998, "side": "right", "pano_id": "gvviltCye-HW82fMb4obng", "heading": 82.407, "poi_names": "วิสภก่อสร้าง", "categories": "shop=yes", "poi_count": 1 }, "geometry": { "type": "Point", "coordinates": [ 98.985869030616755, 18.802120937425851 ] } },
{ "type": "Feature", "properties": { "source": "sv", "poi_id": "18999_right", "poi_name": "ยศรวิศะกิจ", "category_raw": "shop=yes", "category_std": "retail_commerce", "category_std_th": "การค้าปลีกและร้านค้า", "category_sub": "shop=yes", "category_sub_th": "ร้านค้าไม่ระบุประเภทย่อย", "lat": 18.802150935862866, "lon": 98.985865030852182, "point_id": 18999, "side": "right", "pano_id": "YPt3F4YDE7jFgFKRXizmfg", "heading": 82.408, "poi_names": "ยศรวิศะกิจ", "categories": "shop=yes", "poi_count": 1 }, "geometry": { "type": "Point", "coordinates": [ 98.985865030852182, 18.802150935862866 ] } },
{ "type": "Feature", "properties": { "source": "sv", "poi_id": "19000_right", "poi_name": "ช้างเผือกสัตวแพทย์", "category_raw": "amenity=veterinary", "category_std": "health", "category_std_th": "สุขภาพและการแพทย์", "category_sub": "amenity=veterinary", "category_sub_th": "คลินิกสัตวแพทย์", "lat": 18.802329935862627, "lon": 98.985840030951607, "point_id": 19000, "side": "right", "pano_id": "w5lG8ZfXjFc8eQ4LTFmFLQ", "heading": 82.408, "poi_names": "ช้างเผือกสัตวแพทย์", "categories": "amenity=veterinary", "poi_count": 1 }, "geometry": { "type": "Point", "coordinates": [ 98.985840030951607, 18.802329935862627 ] } },
{ "type": "Feature", "properties": { "source": "sv", "poi_id": "19001_right", "poi_name": "ศริสกิจ", "category_raw": "office=company", "category_std": "office_professional", "category_std_th": "สำนักงานและบริการวิชาชีพ", "category_sub": "office=company", "category_sub_th": "บริษัท", "lat": 18.8025099358624, "lon": 98.985815031051601, "point_id": 19001, "side": "right", "pano_id": "V0zNlf7VrJSKARaJrMI_Bg", "heading": 82.408, "poi_names": "ศริสกิจ", "categories": "office=company", "poi_count": 1 }, "geometry": { "type": "Point", "coordinates": [ 98.985815031051601, 18.8025099358624 ] } },
{ "type": "Feature", "properties": { "source": "sv", "poi_id": "19006_left", "poi_name": "โรงแรมศิรินาท", "category_raw": "tourism=hotel", "category_std": "tourism_culture", "category_std_th": "ที่พัก การท่องเที่ยว และวัฒนธรรม", "category_sub": "tourism=hotel", "category_sub_th": "โรงแรม", "lat": 18.803122048461681, "lon": 98.985536970797298, "point_id": 19006, "side": "left", "pano_id": "_gEOXPV9lxrIIKWAxB-Mjg", "heading": 262.398, "poi_names": "โรงแรมศิรินาท", "categories": "tourism=hotel", "poi_count": 1 }, "geometry": { "type": "Point", "coordinates": [ 98.985536970797298, 18.803122048461681 ] } },
{ "type": "Feature", "properties": { "source": "sv", "poi_id": "19008_left", "poi_name": "เงินติดล้อ", "category_raw": "office=financial", "category_std": "finance_insurance", "category_std_th": "การเงินและประกันภัย", "category_sub": "office=financial", "category_sub_th": "บริการทางการเงิน", "lat": 18.803436067217348, "lon": 98.985493967996604, "point_id": 19008, "side": "left", "pano_id": "WTLPvMIIqGvbQvUfwSuZ2g", "heading": 262.41, "poi_names": "เงินติดล้อ", "categories": "office=financial", "poi_count": 1 }, "geometry": { "type": "Point", "coordinates": [ 98.985493967996604, 18.803436067217348 ] } },
{ "type": "Feature", "properties": { "source": "sv", "poi_id": "19109_left", "poi_name": "ฟาธ์ม่าซ้อยซ์", "category_raw": "amenity=pharmacy", "category_std": "health", "category_std_th": "สุขภาพและการแพทย์", "category_sub": "amenity=pharmacy", "category_sub_th": "ร้านขายยา", "lat": 18.799405213651831, "lon": 99.012071423153401, "point_id": 19109, "side": "left", "pano_id": "94lWTFJCOSV20aY2K7glFQ", "heading": 324.135, "poi_names": "ฟาธ์ม่าซ้อยซ์", "categories": "amenity=pharmacy", "poi_count": 1 }, "geometry": { "type": "Point", "coordinates": [ 99.012071423153401, 18.799405213651831 ] } },
{ "type": "Feature", "properties": { "source": "sv", "poi_id": "19109_right", "poi_name": "โรงเรียนดาราวิท", "category_raw": "amenity=school", "category_std": "education_religion", "category_std_th": "การศึกษาและศาสนา", "category_sub": "amenity=school", "category_sub_th": "โรงเรียน", "lat": 18.799258786331045, "lon": 99.012182576798565, "point_id": 19109, "side": "right", "pano_id": "94lWTFJCOSV20aY2K7glFQ", "heading": 144.135, "poi_names": "โรงเรียนดาราวิท", "categories": "amenity=school", "poi_count": 1 }, "geometry": { "type": "Point", "coordinates": [ 99.012182576798565, 18.799258786331045 ] } },
{ "type": "Feature", "properties": { "source": "sv", "poi_id": "19271_left", "poi_name": "ศุภาลัย ทัสคานี วัลเล่ย์ | Sera Clinic", "category_raw": "office=company, amenity=clinic", "category_std": "office_professional; health", "category_std_th": "สำนักงานและบริการวิชาชีพ; สุขภาพและการแพทย์", "category_sub": "office=company, amenity=clinic", "category_sub_th": "บริษัท; คลินิก", "lat": 18.81215804970428, "lon": 98.983767237396407, "point_id": 19271, "side": "left", "pano_id": "GQVjkq_u_gehQRspNZnZFQ", "heading": 12.936, "poi_names": "ศุภาลัย ทัสคานี วัลเล่ย์ | Sera Clinic", "categories": "office=company, amenity=clinic", "poi_count": 2 }, "geometry": { "type": "Point", "coordinates": [ 98.983767237396407, 18.81215804970428 ] } },
{ "type": "Feature", "properties": { "source": "sv", "poi_id": "19361_left", "poi_name": "บริษัท เคดับบลิวไอ ประกันชีวิต", "category_raw": "office=insurance", "category_std": "finance_insurance", "category_std_th": "การเงินและประกันภัย", "category_sub": "office=insurance", "category_sub_th": "บริษัทประกันภัย", "lat": 18.812239619442639, "lon": 98.984460021177156, "point_id": 19361, "side": "left", "pano_id": "_C4h4YSsNwi6EvB4OPKlag", "heading": 352.746, "poi_names": "บริษัท เคดับบลิวไอ ประกันชีวิต", "categories": "office=insurance", "poi_count": 1 }, "geometry": { "type": "Point", "coordinates": [ 98.984460021177156, 18.812239619442639 ] } },
{ "type": "Feature", "properties": { "source": "sv", "poi_id": "19363_left", "poi_name": "ธนาคารเกียรตินาคิน", "category_raw": "amenity=bank", "category_std": "finance_insurance", "category_std_th": "การเงินและประกันภัย", "category_sub": "amenity=bank", "category_sub_th": "ธนาคาร", "lat": 18.81228461944221, "lon": 98.984837021173959, "point_id": 19363, "side": "left", "pano_id": "A6TGNSNv-0qn1MnlNMrTnQ", "heading": 352.746, "poi_names": "ธนาคารเกียรตินาคิน", "categories": "amenity=bank", "poi_count": 1 }, "geometry": { "type": "Point", "coordinates": [ 98.984837021173959, 18.81228461944221 ] } },
{ "type": "Feature", "properties": { "source": "sv", "poi_id": "19415_left", "poi_name": "มัสยิด", "category_raw": "amenity=place_of_worship", "category_std": "education_religion", "category_std_th": "การศึกษาและศาสนา", "category_sub": "amenity=place_of_worship", "category_sub_th": "ศาสนสถาน", "lat": 18.796648796501803, "lon": 98.986825388026318, "point_id": 19415, "side": "left", "pano_id": "hwV5bEEQUUjG0nCvfRWgMQ", "heading": 68.714, "poi_names": "มัสยิด", "categories": "amenity=place_of_worship", "poi_count": 1 }, "geometry": { "type": "Point", "coordinates": [ 98.986825388026318, 18.796648796501803 ] } },
{ "type": "Feature", "properties": { "source": "sv", "poi_id": "19446_left", "poi_name": "Isuzu", "category_raw": "shop=car_repair", "category_std": "personal_service_repair", "category_std_th": "บริการส่วนบุคคลและงานซ่อม", "category_sub": "shop=car_repair", "category_sub_th": "อู่ซ่อมรถยนต์", "lat": 18.795226526549531, "lon": 98.995285614707299, "point_id": 19446, "side": "left", "pano_id": "hBaztIDMqmmutADpoBfv_g", "heading": 94.109, "poi_names": "Isuzu", "categories": "shop=car_repair", "poi_count": 1 }, "geometry": { "type": "Point", "coordinates": [ 98.995285614707299, 18.795226526549531 ] } },
{ "type": "Feature", "properties": { "source": "sv", "poi_id": "19450_left", "poi_name": "เป็ดย่างเตาถ่านต้นตำรับจีนแท้", "category_raw": "amenity=restaurant", "category_std": "food_beverage", "category_std_th": "อาหารและเครื่องดื่ม", "category_sub": "amenity=restaurant", "category_sub_th": "ร้านอาหาร", "lat": 18.805256343539511, "lon": 98.981302082915093, "point_id": 19450, "side": "left", "pano_id": "i0lZylgUqQ_H23N5HHP56A", "heading": 284.319, "poi_names": "เป็ดย่างเตาถ่านต้นตำรับจีนแท้", "categories": "amenity=restaurant", "poi_count": 1 }, "geometry": { "type": "Point", "coordinates": [ 98.981302082915093, 18.805256343539511 ] } },
{ "type": "Feature", "properties": { "source": "sv", "poi_id": "19451_right", "poi_name": "Karaoke", "category_raw": "amenity=bar", "category_std": "food_beverage", "category_std_th": "อาหารและเครื่องดื่ม", "category_sub": "amenity=bar", "category_sub_th": "บาร์", "lat": 18.805386656415592, "lon": 98.981532917155661, "point_id": 19451, "side": "right", "pano_id": "NgRIlLesBH18kZYIIkkMIQ", "heading": 104.319, "poi_names": "Karaoke", "categories": "amenity=bar", "poi_count": 1 }, "geometry": { "type": "Point", "coordinates": [ 98.981532917155661, 18.805386656415592 ] } },
{ "type": "Feature", "properties": { "source": "sv", "poi_id": "19454_right", "poi_name": "ลักจุ่ม มุมตึก", "category_raw": "amenity=restaurant", "category_std": "food_beverage", "category_std_th": "อาหารและเครื่องดื่ม", "category_sub": "amenity=restaurant", "category_sub_th": "ร้านอาหาร", "lat": 18.80109956391566, "lon": 98.98275444734584, "point_id": 19454, "side": "right", "pano_id": "EqSRFjWTip3U5P3amEs8sw", "heading": 95.358, "poi_names": "ลักจุ่ม มุมตึก", "categories": "amenity=restaurant", "poi_count": 1 }, "geometry": { "type": "Point", "coordinates": [ 98.98275444734584, 18.80109956391566 ] } },
{ "type": "Feature", "properties": { "source": "sv", "poi_id": "19456_left", "poi_name": "ลักจุม", "category_raw": "amenity=restaurant", "category_std": "food_beverage", "category_std_th": "อาหารและเครื่องดื่ม", "category_sub": "amenity=restaurant", "category_sub_th": "ร้านอาหาร", "lat": 18.801476436036221, "lon": 98.982600552443927, "point_id": 19456, "side": "left", "pano_id": "7Fnkn-ocb9iZdBVupV30QQ", "heading": 275.358, "poi_names": "ลักจุม", "categories": "amenity=restaurant", "poi_count": 1 }, "geometry": { "type": "Point", "coordinates": [ 98.982600552443927, 18.801476436036221 ] } },
{ "type": "Feature", "properties": { "source": "sv", "poi_id": "19467_left", "poi_name": "สมาคมเตี้ยอันเชียงใหม่", "category_raw": "office=company", "category_std": "office_professional", "category_std_th": "สำนักงานและบริการวิชาชีพ", "category_sub": "office=company", "category_sub_th": "บริษัท", "lat": 18.796055616679681, "lon": 98.993345747284565, "point_id": 19467, "side": "left", "pano_id": "DtaeL7dKRRFHa5qFYXc3vQ", "heading": 92.781, "poi_names": "สมาคมเตี้ยอันเชียงใหม่", "categories": "office=company", "poi_count": 1 }, "geometry": { "type": "Point", "coordinates": [ 98.993345747284565, 18.796055616679681 ] } },
{ "type": "Feature", "properties": { "source": "sv", "poi_id": "19474_left", "poi_name": "Denchai", "category_raw": "shop=yes", "category_std": "retail_commerce", "category_std_th": "การค้าปลีกและร้านค้า", "category_sub": "shop=yes", "category_sub_th": "ร้านค้าไม่ระบุประเภทย่อย", "lat": 18.800240307732569, "lon": 98.99385163709924, "point_id": 19474, "side": "left", "pano_id": "6m5WS5OQ37fkqu0l1OEB-Q", "heading": 1.593, "poi_names": "Denchai", "categories": "shop=yes", "poi_count": 1 }, "geometry": { "type": "Point", "coordinates": [ 98.99385163709924, 18.800240307732569 ] } },
{ "type": "Feature", "properties": { "source": "sv", "poi_id": "19478_right", "poi_name": "เบสท์ เครื่องครัว", "category_raw": "shop=yes", "category_std": "retail_commerce", "category_std_th": "การค้าปลีกและร้านค้า", "category_sub": "shop=yes", "category_sub_th": "ร้านค้าไม่ระบุประเภทย่อย", "lat": 18.800011149812288, "lon": 98.994272828511527, "point_id": 19478, "side": "right", "pano_id": "U7hRp9jMYCdjd5nUbNAKJA", "heading": 190.429, "poi_names": "เบสท์ เครื่องครัว", "categories": "shop=yes", "poi_count": 1 }, "geometry": { "type": "Point", "coordinates": [ 98.994272828511527, 18.800011149812288 ] } },
{ "type": "Feature", "properties": { "source": "sv", "poi_id": "19517_left", "poi_name": "นมสด", "category_raw": "amenity=cafe", "category_std": "food_beverage", "category_std_th": "อาหารและเครื่องดื่ม", "category_sub": "amenity=cafe", "category_sub_th": "ร้านกาแฟ", "lat": 18.806035336705083, "lon": 98.995062758400607, "point_id": 19517, "side": "left", "pano_id": "zP1DDInf3R2Gq0W-SQD9nw", "heading": 276.57, "poi_names": "นมสด", "categories": "amenity=cafe", "poi_count": 1 }, "geometry": { "type": "Point", "coordinates": [ 98.995062758400607, 18.806035336705083 ] } },
{ "type": "Feature", "properties": { "source": "sv", "poi_id": "19526_right", "poi_name": "ดารงค์", "category_raw": "shop=yes", "category_std": "retail_commerce", "category_std_th": "การค้าปลีกและร้านค้า", "category_sub": "shop=yes", "category_sub_th": "ร้านค้าไม่ระบุประเภทย่อย", "lat": 18.807098115511991, "lon": 98.995285766703816, "point_id": 19526, "side": "right", "pano_id": "zAKm7NhpW_QOohirrZdSOg", "heading": 87.389, "poi_names": "ดารงค์", "categories": "shop=yes", "poi_count": 1 }, "geometry": { "type": "Point", "coordinates": [ 98.995285766703816, 18.807098115511991 ] } },
{ "type": "Feature", "properties": { "source": "sv", "poi_id": "19532_left", "poi_name": "Fusion Roti & Tea", "category_raw": "amenity=restaurant", "category_std": "food_beverage", "category_std_th": "อาหารและเครื่องดื่ม", "category_sub": "amenity=restaurant", "category_sub_th": "ร้านอาหาร", "lat": 18.807925059911536, "lon": 98.995094188778282, "point_id": 19532, "side": "left", "pano_id": "MrMPpZobQYVuydYp7Ya12g", "heading": 271.941, "poi_names": "Fusion Roti & Tea", "categories": "amenity=restaurant", "poi_count": 1 }, "geometry": { "type": "Point", "coordinates": [ 98.995094188778282, 18.807925059911536 ] } },
{ "type": "Feature", "properties": { "source": "sv", "poi_id": "19533_left", "poi_name": "กาแฟรสินิยม", "category_raw": "amenity=cafe", "category_std": "food_beverage", "category_std_th": "อาหารและเครื่องดื่ม", "category_sub": "amenity=cafe", "category_sub_th": "ร้านกาแฟ", "lat": 18.808106059911481, "lon": 98.995101188676884, "point_id": 19533, "side": "left", "pano_id": "VktcLw17fAMZzkf5ay2NEw", "heading": 271.941, "poi_names": "กาแฟรสินิยม", "categories": "amenity=cafe", "poi_count": 1 }, "geometry": { "type": "Point", "coordinates": [ 98.995101188676884, 18.808106059911481 ] } },
{ "type": "Feature", "properties": { "source": "sv", "poi_id": "19688_left", "poi_name": "วัดป่าแพ่ง", "category_raw": "amenity=place_of_worship", "category_std": "education_religion", "category_std_th": "การศึกษาและศาสนา", "category_sub": "amenity=place_of_worship", "category_sub_th": "ศาสนสถาน", "lat": 18.80122187279084, "lon": 98.998714132383157, "point_id": 19688, "side": "left", "pano_id": "3k1SY3GH4Sa26H73k6bR2A", "heading": 39.338, "poi_names": "วัดป่าแพ่ง", "categories": "amenity=place_of_worship", "poi_count": 1 }, "geometry": { "type": "Point", "coordinates": [ 98.998714132383157, 18.80122187279084 ] } },
{ "type": "Feature", "properties": { "source": "sv", "poi_id": "19693_right", "poi_name": "คลินิกหมอวิมล", "category_raw": "amenity=clinic", "category_std": "health", "category_std_th": "สุขภาพและการแพทย์", "category_sub": "amenity=clinic", "category_sub_th": "คลินิก", "lat": 18.768877136105701, "lon": 98.998347626451647, "point_id": 19693, "side": "right", "pano_id": "qznMjO62hAjs0U49LircZQ", "heading": 328.629, "poi_names": "คลินิกหมอวิมล", "categories": "amenity=clinic", "poi_count": 1 }, "geometry": { "type": "Point", "coordinates": [ 98.998347626451647, 18.768877136105701 ] } },
{ "type": "Feature", "properties": { "source": "sv", "poi_id": "19694_right", "poi_name": "คลินิก", "category_raw": "amenity=clinic", "category_std": "health", "category_std_th": "สุขภาพและการแพทย์", "category_sub": "amenity=clinic", "category_sub_th": "คลินิก", "lat": 18.768783136106482, "lon": 98.998185626479, "point_id": 19694, "side": "right", "pano_id": "q7AGnsnTdii5lWMnby96EQ", "heading": 328.629, "poi_names": "คลินิก", "categories": "amenity=clinic", "poi_count": 1 }, "geometry": { "type": "Point", "coordinates": [ 98.998185626479, 18.768783136106482 ] } },
{ "type": "Feature", "properties": { "source": "sv", "poi_id": "19698_right", "poi_name": "โรงพยาบาลสลามเมตตา", "category_raw": "amenity=hospital", "category_std": "health", "category_std_th": "สุขภาพและการแพทย์", "category_sub": "amenity=hospital", "category_sub_th": "โรงพยาบาล", "lat": 18.768440179560542, "lon": 98.997681592829693, "point_id": 19698, "side": "right", "pano_id": "Qd7sJbLj1lM6S_tvY-T6vQ", "heading": 321.988, "poi_names": "โรงพยาบาลสลามเมตตา", "categories": "amenity=hospital", "poi_count": 1 }, "geometry": { "type": "Point", "coordinates": [ 98.997681592829693, 18.768440179560542 ] } },
{ "type": "Feature", "properties": { "source": "sv", "poi_id": "19727_right", "poi_name": "King Power", "category_raw": "shop=yes", "category_std": "retail_commerce", "category_std_th": "การค้าปลีกและร้านค้า", "category_sub": "shop=yes", "category_sub_th": "ร้านค้าไม่ระบุประเภทย่อย", "lat": 18.765585260230683, "lon": 98.994179871830113, "point_id": 19727, "side": "right", "pano_id": "YZssnyOmGXggcmY_VoPUQQ", "heading": 319.075, "poi_names": "King Power", "categories": "shop=yes", "poi_count": 1 }, "geometry": { "type": "Point", "coordinates": [ 98.994179871830113, 18.765585260230683 ] } },
{ "type": "Feature", "properties": { "source": "sv", "poi_id": "19733_left", "poi_name": "ออฟติมเซน", "category_raw": "amenity=clinic", "category_std": "health", "category_std_th": "สุขภาพและการแพทย์", "category_sub": "amenity=clinic", "category_sub_th": "คลินิก", "lat": 18.76482626272001, "lon": 98.993541545541376, "point_id": 19733, "side": "left", "pano_id": "9S-7uQOmg39cZGFo7QrdKA", "heading": 139.539, "poi_names": "ออฟติมเซน", "categories": "amenity=clinic", "poi_count": 1 }, "geometry": { "type": "Point", "coordinates": [ 98.993541545541376, 18.76482626272001 ] } },
{ "type": "Feature", "properties": { "source": "sv", "poi_id": "19862_right", "poi_name": "พนาเพลส", "category_raw": "tourism=hotel", "category_std": "tourism_culture", "category_std_th": "ที่พัก การท่องเที่ยว และวัฒนธรรม", "category_sub": "tourism=hotel", "category_sub_th": "โรงแรม", "lat": 18.808059811935081, "lon": 98.984525410357605, "point_id": 19862, "side": "right", "pano_id": "07FOjwldLoqjY936w5mjjw", "heading": 26.555, "poi_names": "พนาเพลส", "categories": "tourism=hotel", "poi_count": 1 }, "geometry": { "type": "Point", "coordinates": [ 98.984525410357605, 18.808059811935081 ] } },
{ "type": "Feature", "properties": { "source": "sv", "poi_id": "20036_right", "poi_name": "เพลาช่า", "category_raw": "shop=yes", "category_std": "retail_commerce", "category_std_th": "การค้าปลีกและร้านค้า", "category_sub": "shop=yes", "category_sub_th": "ร้านค้าไม่ระบุประเภทย่อย", "lat": 18.800100159647911, "lon": 98.994463668602677, "point_id": 20036, "side": "right", "pano_id": "Evmxvx-qrJsYemSF7LVpNQ", "heading": 280.304, "poi_names": "เพลาช่า", "categories": "shop=yes", "poi_count": 1 }, "geometry": { "type": "Point", "coordinates": [ 98.994463668602677, 18.800100159647911 ] } },
{ "type": "Feature", "properties": { "source": "sv", "poi_id": "20056_left", "poi_name": "หอพักเคเอส", "category_raw": "tourism=guest_house", "category_std": "tourism_culture", "category_std_th": "ที่พัก การท่องเที่ยว และวัฒนธรรม", "category_sub": "tourism=guest_house", "category_sub_th": "เกสต์เฮาส์", "lat": 18.820556146019399, "lon": 98.991102747110446, "point_id": 20056, "side": "left", "pano_id": "kf_ivvlKY9t-ifXFezzogw", "heading": 356.221, "poi_names": "หอพักเคเอส", "categories": "tourism=guest_house", "poi_count": 1 }, "geometry": { "type": "Point", "coordinates": [ 98.991102747110446, 18.820556146019399 ] } },
{ "type": "Feature", "properties": { "source": "sv", "poi_id": "20268_right", "poi_name": "รับซ่อมนาฬิกา", "category_raw": "shop=yes", "category_std": "retail_commerce", "category_std_th": "การค้าปลีกและร้านค้า", "category_sub": "shop=yes", "category_sub_th": "ร้านค้าไม่ระบุประเภทย่อย", "lat": 18.804153363451693, "lon": 98.977376713011125, "point_id": 20268, "side": "right", "pano_id": "UewN7fRGMyEIXXfZCo-mYQ", "heading": 71.033, "poi_names": "รับซ่อมนาฬิกา", "categories": "shop=yes", "poi_count": 1 }, "geometry": { "type": "Point", "coordinates": [ 98.977376713011125, 18.804153363451693 ] } },
{ "type": "Feature", "properties": { "source": "sv", "poi_id": "20306_left", "poi_name": "Bercon House", "category_raw": "tourism=guest_house", "category_std": "tourism_culture", "category_std_th": "ที่พัก การท่องเที่ยว และวัฒนธรรม", "category_sub": "tourism=guest_house", "category_sub_th": "เกสต์เฮาส์", "lat": 18.805024621103762, "lon": 98.975492965172563, "point_id": 20306, "side": "left", "pano_id": "gJHjbyA4TdlfTDCAtbfDMg", "heading": 7.246, "poi_names": "Bercon House", "categories": "tourism=guest_house", "poi_count": 1 }, "geometry": { "type": "Point", "coordinates": [ 98.975492965172563, 18.805024621103762 ] } },
{ "type": "Feature", "properties": { "source": "sv", "poi_id": "20307_left", "poi_name": "Sunny House", "category_raw": "tourism=guest_house", "category_std": "tourism_culture", "category_std_th": "ที่พัก การท่องเที่ยว และวัฒนธรรม", "category_sub": "tourism=guest_house", "category_sub_th": "เกสต์เฮาส์", "lat": 18.805001621103983, "lon": 98.975681965170907, "point_id": 20307, "side": "left", "pano_id": "cIKymrFfDBmvb4IreYR5kg", "heading": 7.246, "poi_names": "Sunny House", "categories": "tourism=guest_house", "poi_count": 1 }, "geometry": { "type": "Point", "coordinates": [ 98.975681965170907, 18.805001621103983 ] } },
{ "type": "Feature", "properties": { "source": "sv", "poi_id": "20342_left", "poi_name": "AIS", "category_raw": "shop=mobile_phone", "category_std": "retail_commerce", "category_std_th": "การค้าปลีกและร้านค้า", "category_sub": "shop=mobile_phone", "category_sub_th": "ร้านโทรศัพท์มือถือ", "lat": 18.80133158389777, "lon": 98.964058756582261, "point_id": 20342, "side": "left", "pano_id": "LD5GK3Je1Bidq8oTXQsU9Q", "heading": 118.002, "poi_names": "AIS", "categories": "shop=mobile_phone", "poi_count": 1 }, "geometry": { "type": "Point", "coordinates": [ 98.964058756582261, 18.80133158389777 ] } },
{ "type": "Feature", "properties": { "source": "sv", "poi_id": "20349_left", "poi_name": "diong, ciang 88 cafe", "category_raw": "amenity=cafe", "category_std": "food_beverage", "category_std_th": "อาหารและเครื่องดื่ม", "category_sub": "amenity=cafe", "category_sub_th": "ร้านกาแฟ", "lat": 18.804823341931961, "lon": 98.97706736590608, "point_id": 20349, "side": "left", "pano_id": "RGe13ZgM6IJ-jDbXzMYPtw", "heading": 0.221, "poi_names": "diong, ciang 88 cafe", "categories": "amenity=cafe", "poi_count": 1 }, "geometry": { "type": "Point", "coordinates": [ 98.97706736590608, 18.804823341931961 ] } },
{ "type": "Feature", "properties": { "source": "sv", "poi_id": "20353_right", "poi_name": "Atlad Varada Place", "category_raw": "tourism=hotel", "category_std": "tourism_culture", "category_std_th": "ที่พัก การท่องเที่ยว และวัฒนธรรม", "category_sub": "tourism=hotel", "category_sub_th": "โรงแรม", "lat": 18.798881682609263, "lon": 98.975227527441845, "point_id": 20353, "side": "right", "pano_id": "J4KTxGUE0o2C1L4cxOkdkw", "heading": 25.292, "poi_names": "Atlad Varada Place", "categories": "tourism=hotel", "poi_count": 1 }, "geometry": { "type": "Point", "coordinates": [ 98.975227527441845, 18.798881682609263 ] } },
{ "type": "Feature", "properties": { "source": "sv", "poi_id": "20355_left", "poi_name": "Tian Bike", "category_raw": "shop=yes", "category_std": "retail_commerce", "category_std_th": "การค้าปลีกและร้านค้า", "category_sub": "shop=yes", "category_sub_th": "ร้านค้าไม่ระบุประเภทย่อย", "lat": 18.798804832371172, "lon": 98.974953347437761, "point_id": 20355, "side": "left", "pano_id": "v58fgDD5yLYs1VAAFayKKQ", "heading": 206.046, "poi_names": "Tian Bike", "categories": "shop=yes", "poi_count": 1 }, "geometry": { "type": "Point", "coordinates": [ 98.974953347437761, 18.798804832371172 ] } },
{ "type": "Feature", "properties": { "source": "sv", "poi_id": "20371_left", "poi_name": "bed", "category_raw": "tourism=hotel", "category_std": "tourism_culture", "category_std_th": "ที่พัก การท่องเที่ยว และวัฒนธรรม", "category_sub": "tourism=hotel", "category_sub_th": "โรงแรม", "lat": 18.793555509178404, "lon": 98.970703892174953, "point_id": 20371, "side": "left", "pano_id": "Fv35673sONf6Fy6K3mimdg", "heading": 191.621, "poi_names": "bed", "categories": "tourism=hotel", "poi_count": 1 }, "geometry": { "type": "Point", "coordinates": [ 98.970703892174953, 18.793555509178404 ] } },
{ "type": "Feature", "properties": { "source": "sv", "poi_id": "20417_right", "poi_name": "Tops", "category_raw": "shop=supermarket", "category_std": "retail_commerce", "category_std_th": "การค้าปลีกและร้านค้า", "category_sub": "shop=supermarket", "category_sub_th": "ซูเปอร์มาร์เก็ต", "lat": 18.800958247529508, "lon": 98.983214861392, "point_id": 20417, "side": "right", "pano_id": "xWlXahhOIOTQUZPSb5Idkg", "heading": 89.843, "poi_names": "Tops", "categories": "shop=supermarket", "poi_count": 1 }, "geometry": { "type": "Point", "coordinates": [ 98.983214861392, 18.800958247529508 ] } },
{ "type": "Feature", "properties": { "source": "sv", "poi_id": "20453_left", "poi_name": "ข้าวต้มทยสวนดอก", "category_raw": "amenity=restaurant", "category_std": "food_beverage", "category_std_th": "อาหารและเครื่องดื่ม", "category_sub": "amenity=restaurant", "category_sub_th": "ร้านอาหาร", "lat": 18.789341372989945, "lon": 98.967669083564161, "point_id": 20453, "side": "left", "pano_id": "lZkuaXSBlCz-NFDSmbbgFw", "heading": 187.217, "poi_names": "ข้าวต้มทยสวนดอก", "categories": "amenity=restaurant", "poi_count": 1 }, "geometry": { "type": "Point", "coordinates": [ 98.967669083564161, 18.789341372989945 ] } },
{ "type": "Feature", "properties": { "source": "sv", "poi_id": "20465_right", "poi_name": "คณะเภสัชศาสตร์", "category_raw": "amenity=university", "category_std": "education_religion", "category_std_th": "การศึกษาและศาสนา", "category_sub": "amenity=university", "category_sub_th": "มหาวิทยาลัย", "lat": 18.789728690320839, "lon": 98.965932379199273, "point_id": 20465, "side": "right", "pano_id": "K_QU06BDCKrIl4BvowqYyA", "heading": 6.89, "poi_names": "คณะเภสัชศาสตร์", "categories": "amenity=university", "poi_count": 1 }, "geometry": { "type": "Point", "coordinates": [ 98.965932379199273, 18.789728690320839 ] } },
{ "type": "Feature", "properties": { "source": "sv", "poi_id": "20473_left", "poi_name": "Massi", "category_raw": "amenity=restaurant", "category_std": "food_beverage", "category_std_th": "อาหารและเครื่องดื่ม", "category_sub": "amenity=restaurant", "category_sub_th": "ร้านอาหาร", "lat": 18.792534149455811, "lon": 98.993224830897816, "point_id": 20473, "side": "left", "pano_id": "2FIHSjRKMPPhYXD6IaB7bA", "heading": 190.428, "poi_names": "Massi", "categories": "amenity=restaurant", "poi_count": 1 }, "geometry": { "type": "Point", "coordinates": [ 98.993224830897816, 18.792534149455811 ] } },
{ "type": "Feature", "properties": { "source": "sv", "poi_id": "20502_right", "poi_name": "อาร์ตแอนด์ปอนด์", "category_raw": "shop=yes", "category_std": "retail_commerce", "category_std_th": "การค้าปลีกและร้านค้า", "category_sub": "shop=yes", "category_sub_th": "ร้านค้าไม่ระบุประเภทย่อย", "lat": 18.800983519316539, "lon": 98.984440072669656, "point_id": 20502, "side": "right", "pano_id": "VOrHkPOOU8lxZwCe6g9RAw", "heading": 172.079, "poi_names": "อาร์ตแอนด์ปอนด์", "categories": "shop=yes", "poi_count": 1 }, "geometry": { "type": "Point", "coordinates": [ 98.984440072669656, 18.800983519316539 ] } },
{ "type": "Feature", "properties": { "source": "sv", "poi_id": "20509_right", "poi_name": "ภิภธฒี ท่อไอเสีย", "category_raw": "shop=car_repair", "category_std": "personal_service_repair", "category_std_th": "บริการส่วนบุคคลและงานซ่อม", "category_sub": "shop=car_repair", "category_sub_th": "อู่ซ่อมรถยนต์", "lat": 18.799943503280652, "lon": 98.987773384916494, "point_id": 20509, "side": "right", "pano_id": "crefpoJXgQ-IiKP9DPUYsA", "heading": 274.128, "poi_names": "ภิภธฒี ท่อไอเสีย", "categories": "shop=car_repair", "poi_count": 1 }, "geometry": { "type": "Point", "coordinates": [ 98.987773384916494, 18.799943503280652 ] } },
{ "type": "Feature", "properties": { "source": "sv", "poi_id": "20527_right", "poi_name": "นพรัตน์", "category_raw": "shop=yes", "category_std": "retail_commerce", "category_std_th": "การค้าปลีกและร้านค้า", "category_sub": "shop=yes", "category_sub_th": "ร้านค้าไม่ระบุประเภทย่อย", "lat": 18.800790046932104, "lon": 98.984840144716202, "point_id": 20527, "side": "right", "pano_id": "IHTnV8O3js_eny5PuWHgig", "heading": 270.664, "poi_names": "นพรัตน์", "categories": "shop=yes", "poi_count": 1 }, "geometry": { "type": "Point", "coordinates": [ 98.984840144716202, 18.800790046932104 ] } },
{ "type": "Feature", "properties": { "source": "sv", "poi_id": "20532_left", "poi_name": "Mater Na", "category_raw": "amenity=restaurant", "category_std": "food_beverage", "category_std_th": "อาหารและเครื่องดื่ม", "category_sub": "amenity=restaurant", "category_sub_th": "ร้านอาหาร", "lat": 18.801928571402311, "lon": 98.986191315360045, "point_id": 20532, "side": "left", "pano_id": "8_NrS2doouY6LCsgSlOVgA", "heading": 14.228, "poi_names": "Mater Na", "categories": "amenity=restaurant", "poi_count": 1 }, "geometry": { "type": "Point", "coordinates": [ 98.986191315360045, 18.801928571402311 ] } },
{ "type": "Feature", "properties": { "source": "sv", "poi_id": "20533_left", "poi_name": "Treasure Chiangmai", "category_raw": "tourism=hotel", "category_std": "tourism_culture", "category_std_th": "ที่พัก การท่องเที่ยว และวัฒนธรรม", "category_sub": "tourism=hotel", "category_sub_th": "โรงแรม", "lat": 18.80188457140272, "lon": 98.986375315353982, "point_id": 20533, "side": "left", "pano_id": "2zLbZl0HIq8Kh1M_zjHyqA", "heading": 14.228, "poi_names": "Treasure Chiangmai", "categories": "tourism=hotel", "poi_count": 1 }, "geometry": { "type": "Point", "coordinates": [ 98.986375315353982, 18.80188457140272 ] } },
{ "type": "Feature", "properties": { "source": "sv", "poi_id": "20538_left", "poi_name": "ชาบู คออา", "category_raw": "amenity=restaurant", "category_std": "food_beverage", "category_std_th": "อาหารและเครื่องดื่ม", "category_sub": "amenity=restaurant", "category_sub_th": "ร้านอาหาร", "lat": 18.801675407057299, "lon": 98.987125450494915, "point_id": 20538, "side": "left", "pano_id": "IN4KaT4u1K2AQUypK5OoRQ", "heading": 22.597, "poi_names": "ชาบู คออา", "categories": "amenity=restaurant", "poi_count": 1 }, "geometry": { "type": "Point", "coordinates": [ 98.987125450494915, 18.801675407057299 ] } },
{ "type": "Feature", "properties": { "source": "sv", "poi_id": "20643_right", "poi_name": "เสริมสวยขจร", "category_raw": "shop=hairdresser", "category_std": "personal_service_repair", "category_std_th": "บริการส่วนบุคคลและงานซ่อม", "category_sub": "shop=hairdresser", "category_sub_th": "ร้านทำผม", "lat": 18.815218163241649, "lon": 98.984326026554527, "point_id": 20643, "side": "right", "pano_id": "MSr3JgYayI0dW0pWHvjDJg", "heading": 356.39, "poi_names": "เสริมสวยขจร", "categories": "shop=hairdresser", "poi_count": 1 }, "geometry": { "type": "Point", "coordinates": [ 98.984326026554527, 18.815218163241649 ] } },
{ "type": "Feature", "properties": { "source": "sv", "poi_id": "20662_right", "poi_name": "สหพานิช", "category_raw": "shop=motorcycle_repair", "category_std": "personal_service_repair", "category_std_th": "บริการส่วนบุคคลและงานซ่อม", "category_sub": "shop=motorcycle_repair", "category_sub_th": "ร้านซ่อมรถจักรยานยนต์", "lat": 18.81851071179015, "lon": 98.982571101741513, "point_id": 20662, "side": "right", "pano_id": "56rqHEXnpMPUs0fdgf-Ffg", "heading": 162.77, "poi_names": "สหพานิช", "categories": "shop=motorcycle_repair", "poi_count": 1 }, "geometry": { "type": "Point", "coordinates": [ 98.982571101741513, 18.81851071179015 ] } },
{ "type": "Feature", "properties": { "source": "sv", "poi_id": "20834_right", "poi_name": "สีฟ้า salon", "category_raw": "shop=hairdresser", "category_std": "personal_service_repair", "category_std_th": "บริการส่วนบุคคลและงานซ่อม", "category_sub": "shop=hairdresser", "category_sub_th": "ร้านทำผม", "lat": 18.823644674695981, "lon": 98.985401936116233, "point_id": 20834, "side": "right", "pano_id": "8dY1eHuKcunCbZFrxQlm_Q", "heading": 81.935, "poi_names": "สีฟ้า salon", "categories": "shop=hairdresser", "poi_count": 1 }, "geometry": { "type": "Point", "coordinates": [ 98.985401936116233, 18.823644674695981 ] } },
{ "type": "Feature", "properties": { "source": "sv", "poi_id": "20849_left", "poi_name": "Natipa", "category_raw": "shop=yes", "category_std": "retail_commerce", "category_std_th": "การค้าปลีกและร้านค้า", "category_sub": "shop=yes", "category_sub_th": "ร้านค้าไม่ระบุประเภทย่อย", "lat": 18.825723456034705, "lon": 98.984777232182438, "point_id": 20849, "side": "left", "pano_id": "l3WMAjn0bYekG5Zvfae31Q", "heading": 335.882, "poi_names": "Natipa", "categories": "shop=yes", "poi_count": 1 }, "geometry": { "type": "Point", "coordinates": [ 98.984777232182438, 18.825723456034705 ] } },
{ "type": "Feature", "properties": { "source": "sv", "poi_id": "20919_right", "poi_name": "ลานนาเชียงใหม่", "category_raw": "amenity=hospital", "category_std": "health", "category_std_th": "สุขภาพและการแพทย์", "category_sub": "amenity=hospital", "category_sub_th": "โรงพยาบาล", "lat": 18.814406977092972, "lon": 98.991828153434682, "point_id": 20919, "side": "right", "pano_id": "7W9mZ9KJZRhYbBDk6LEQaQ", "heading": 271.254, "poi_names": "ลานนาเชียงใหม่", "categories": "amenity=hospital", "poi_count": 1 }, "geometry": { "type": "Point", "coordinates": [ 98.991828153434682, 18.814406977092972 ] } },
{ "type": "Feature", "properties": { "source": "sv", "poi_id": "20924_left", "poi_name": "วิทยาลัยเทคโนโลยีโปลิเทคนิคลานนา เชียงใหม่", "category_raw": "amenity=school", "category_std": "education_religion", "category_std_th": "การศึกษาและศาสนา", "category_sub": "amenity=school", "category_sub_th": "โรงเรียน", "lat": 18.813904404303603, "lon": 98.991996793834915, "point_id": 20924, "side": "left", "pano_id": "nAa0hvGuojjaN5vr-TBd_w", "heading": 92.281, "poi_names": "วิทยาลัยเทคโนโลยีโปลิเทคนิคลานนา เชียงใหม่", "categories": "amenity=school", "poi_count": 1 }, "geometry": { "type": "Point", "coordinates": [ 98.991996793834915, 18.813904404303603 ] } },
{ "type": "Feature", "properties": { "source": "sv", "poi_id": "20933_left", "poi_name": "Pochara Kruavit", "category_raw": "office=company", "category_std": "office_professional", "category_std_th": "สำนักงานและบริการวิชาชีพ", "category_sub": "office=company", "category_sub_th": "บริษัท", "lat": 18.81266405982436, "lon": 98.991929663017117, "point_id": 20933, "side": "left", "pano_id": "CAoSFkNJSE0wb2dLRUlDQWdJREw0WlM3QkE.", "heading": 93.77, "poi_names": "Pochara Kruavit", "categories": "office=company", "poi_count": 1 }, "geometry": { "type": "Point", "coordinates": [ 98.991929663017117, 18.81266405982436 ] } },
{ "type": "Feature", "properties": { "source": "sv", "poi_id": "21038_left", "poi_name": "ร้านต้นมะขาม", "category_raw": "amenity=restaurant", "category_std": "food_beverage", "category_std_th": "อาหารและเครื่องดื่ม", "category_sub": "amenity=restaurant", "category_sub_th": "ร้านอาหาร", "lat": 18.836883217200523, "lon": 98.978389771878923, "point_id": 21038, "side": "left", "pano_id": "MTHfKx-pN1ZPvI7OcAud4Q", "heading": 283.583, "poi_names": "ร้านต้นมะขาม", "categories": "amenity=restaurant", "poi_count": 1 }, "geometry": { "type": "Point", "coordinates": [ 98.978389771878923, 18.836883217200523 ] } },
{ "type": "Feature", "properties": { "source": "sv", "poi_id": "21038_right", "poi_name": "บ้านรมเย็น", "category_raw": "tourism=guest_house", "category_std": "tourism_culture", "category_std_th": "ที่พัก การท่องเที่ยว และวัฒนธรรม", "category_sub": "tourism=guest_house", "category_sub_th": "เกสต์เฮาส์", "lat": 18.836840782753796, "lon": 98.978574228097898, "point_id": 21038, "side": "right", "pano_id": "MTHfKx-pN1ZPvI7OcAud4Q", "heading": 103.583, "poi_names": "บ้านรมเย็น", "categories": "tourism=guest_house", "poi_count": 1 }, "geometry": { "type": "Point", "coordinates": [ 98.978574228097898, 18.836840782753796 ] } },
{ "type": "Feature", "properties": { "source": "sv", "poi_id": "21039_left", "poi_name": "ตันมะขาม คาเฟ่", "category_raw": "amenity=cafe", "category_std": "food_beverage", "category_std_th": "อาหารและเครื่องดื่ม", "category_sub": "amenity=cafe", "category_sub_th": "ร้านกาแฟ", "lat": 18.836946199796358, "lon": 98.978406063338085, "point_id": 21039, "side": "left", "pano_id": "sYLyqtiAvjdRQManLVHZDQ", "heading": 281.622, "poi_names": "ตันมะขาม คาเฟ่", "categories": "amenity=cafe", "poi_count": 1 }, "geometry": { "type": "Point", "coordinates": [ 98.978406063338085, 18.836946199796358 ] } },
{ "type": "Feature", "properties": { "source": "sv", "poi_id": "21273_right", "poi_name": "โฮงส้มตำ ครัวผิงผิง", "category_raw": "amenity=restaurant", "category_std": "food_beverage", "category_std_th": "อาหารและเครื่องดื่ม", "category_sub": "amenity=restaurant", "category_sub_th": "ร้านอาหาร", "lat": 18.82068362788252, "lon": 98.994641206544685, "point_id": 21273, "side": "right", "pano_id": "-HTIclfSj2XQoJ17EpfGnA", "heading": 20.488, "poi_names": "โฮงส้มตำ ครัวผิงผิง", "categories": "amenity=restaurant", "poi_count": 1 }, "geometry": { "type": "Point", "coordinates": [ 98.994641206544685, 18.82068362788252 ] } },
{ "type": "Feature", "properties": { "source": "sv", "poi_id": "21338_right", "poi_name": "RMUTL", "category_raw": "amenity=university", "category_std": "education_religion", "category_std_th": "การศึกษาและศาสนา", "category_sub": "amenity=university", "category_sub_th": "มหาวิทยาลัย", "lat": 18.820341137557929, "lon": 98.994715773062964, "point_id": 21338, "side": "right", "pano_id": "APH27wkM30YB6x2clAlUiA", "heading": 87.375, "poi_names": "RMUTL", "categories": "amenity=university", "poi_count": 1 }, "geometry": { "type": "Point", "coordinates": [ 98.994715773062964, 18.820341137557929 ] } },
{ "type": "Feature", "properties": { "source": "sv", "poi_id": "21447_right", "poi_name": "ข้าวซอย | ขนมจีนน้ำเงี้ยว | กาแฟ", "category_raw": "amenity=restaurant, amenity=cafe", "category_std": "food_beverage", "category_std_th": "อาหารและเครื่องดื่ม", "category_sub": "amenity=restaurant, amenity=cafe", "category_sub_th": "ร้านอาหาร; ร้านกาแฟ", "lat": 18.818595196812481, "lon": 98.991937385150095, "point_id": 21447, "side": "right", "pano_id": "sUCYLNP3UXbV_yDRwDPeJQ", "heading": 3.254, "poi_names": "ข้าวซอย | ขนมจีนน้ำเงี้ยว | กาแฟ", "categories": "amenity=restaurant, amenity=cafe", "poi_count": 3 }, "geometry": { "type": "Point", "coordinates": [ 98.991937385150095, 18.818595196812481 ] } },
{ "type": "Feature", "properties": { "source": "sv", "poi_id": "21494_left", "poi_name": "ลาบบาก", "category_raw": "amenity=restaurant", "category_std": "food_beverage", "category_std_th": "อาหารและเครื่องดื่ม", "category_sub": "amenity=restaurant", "category_sub_th": "ร้านอาหาร", "lat": 18.817994768405583, "lon": 98.989168301060246, "point_id": 21494, "side": "left", "pano_id": "ZEMKdok6-8oUaAtmdARt_g", "heading": 182.839, "poi_names": "ลาบบาก", "categories": "amenity=restaurant", "poi_count": 1 }, "geometry": { "type": "Point", "coordinates": [ 98.989168301060246, 18.817994768405583 ] } },
{ "type": "Feature", "properties": { "source": "sv", "poi_id": "21498_right", "poi_name": "ลานนาเบบีโฮม", "category_raw": "shop=yes", "category_std": "retail_commerce", "category_std_th": "การค้าปลีกและร้านค้า", "category_sub": "shop=yes", "category_sub_th": "ร้านค้าไม่ระบุประเภทย่อย", "lat": 18.816450262119343, "lon": 98.99202000088512, "point_id": 21498, "side": "right", "pano_id": "HwimzABRpFWav37j3KjxrQ", "heading": 2.417, "poi_names": "ลานนาเบบีโฮม", "categories": "shop=yes", "poi_count": 1 }, "geometry": { "type": "Point", "coordinates": [ 98.99202000088512, 18.816450262119343 ] } },
{ "type": "Feature", "properties": { "source": "sv", "poi_id": "21635_right", "poi_name": "หอพักพรพเยียน", "category_raw": "tourism=guest_house", "category_std": "tourism_culture", "category_std_th": "ที่พัก การท่องเที่ยว และวัฒนธรรม", "category_sub": "tourism=guest_house", "category_sub_th": "เกสต์เฮาส์", "lat": 18.811122661928355, "lon": 98.990752943761521, "point_id": 21635, "side": "right", "pano_id": "qP4LmDB8IBu9xz7Bk2CWdg", "heading": 179.43, "poi_names": "หอพักพรพเยียน", "categories": "tourism=guest_house", "poi_count": 1 }, "geometry": { "type": "Point", "coordinates": [ 98.990752943761521, 18.811122661928355 ] } },
{ "type": "Feature", "properties": { "source": "sv", "poi_id": "21715_right", "poi_name": "บริษัท นินรา", "category_raw": "office=company", "category_std": "office_professional", "category_std_th": "สำนักงานและบริการวิชาชีพ", "category_sub": "office=company", "category_sub_th": "บริษัท", "lat": 18.79950726487402, "lon": 98.990125860527456, "point_id": 21715, "side": "right", "pano_id": "FBspPtFrQFBcDZC_WPQpYw", "heading": 89.832, "poi_names": "บริษัท นินรา", "categories": "office=company", "poi_count": 1 }, "geometry": { "type": "Point", "coordinates": [ 98.990125860527456, 18.79950726487402 ] } },
{ "type": "Feature", "properties": { "source": "sv", "poi_id": "21726_left", "poi_name": "อ รับทำกุญแจ", "category_raw": "shop=yes", "category_std": "retail_commerce", "category_std_th": "การค้าปลีกและร้านค้า", "category_sub": "shop=yes", "category_sub_th": "ร้านค้าไม่ระบุประเภทย่อย", "lat": 18.80952534250218, "lon": 98.985067894033079, "point_id": 21726, "side": "left", "pano_id": "3vBImxWBBXmar5m9DC8rQA", "heading": 359.936, "poi_names": "อ รับทำกุญแจ", "categories": "shop=yes", "poi_count": 1 }, "geometry": { "type": "Point", "coordinates": [ 98.985067894033079, 18.80952534250218 ] } },
{ "type": "Feature", "properties": { "source": "sv", "poi_id": "21730_right", "poi_name": "เนพล", "category_raw": "shop=yes", "category_std": "retail_commerce", "category_std_th": "การค้าปลีกและร้านค้า", "category_sub": "shop=yes", "category_sub_th": "ร้านค้าไม่ระบุประเภทย่อย", "lat": 18.809357865684682, "lon": 98.985699437502404, "point_id": 21730, "side": "right", "pano_id": "izVF5SBM35Tu9FpXSza3yA", "heading": 176.109, "poi_names": "เนพล", "categories": "shop=yes", "poi_count": 1 }, "geometry": { "type": "Point", "coordinates": [ 98.985699437502404, 18.809357865684682 ] } },
{ "type": "Feature", "properties": { "source": "sv", "poi_id": "21841_right", "poi_name": "coffee | breakfast | bakery", "category_raw": "amenity=cafe, amenity=restaurant, shop=bakery", "category_std": "food_beverage; retail_commerce", "category_std_th": "อาหารและเครื่องดื่ม; การค้าปลีกและร้านค้า", "category_sub": "amenity=cafe, amenity=restaurant, shop=bakery", "category_sub_th": "ร้านกาแฟ; ร้านอาหาร; ร้านเบเกอรี", "lat": 18.79207838614937, "lon": 98.99148997497808, "point_id": 21841, "side": "right", "pano_id": "P5vKmPbbVpeTE3fTreTrvA", "heading": 187.283, "poi_names": "coffee | breakfast | bakery", "categories": "amenity=cafe, amenity=restaurant, shop=bakery", "poi_count": 3 }, "geometry": { "type": "Point", "coordinates": [ 98.99148997497808, 18.79207838614937 ] } },
{ "type": "Feature", "properties": { "source": "sv", "poi_id": "21860_right", "poi_name": "ยกโฮม", "category_raw": "amenity=restaurant", "category_std": "food_beverage", "category_std_th": "อาหารและเครื่องดื่ม", "category_sub": "amenity=restaurant", "category_sub_th": "ร้านอาหาร", "lat": 18.80124257081264, "lon": 99.015719600369195, "point_id": 21860, "side": "right", "pano_id": "D9FwqKhS1qUDGZdjD3Sk0w", "heading": 52.84, "poi_names": "ยกโฮม", "categories": "amenity=restaurant", "poi_count": 1 }, "geometry": { "type": "Point", "coordinates": [ 99.015719600369195, 18.80124257081264 ] } },
{ "type": "Feature", "properties": { "source": "sv", "poi_id": "21862_right", "poi_name": "Advice", "category_raw": "shop=electronics", "category_std": "retail_commerce", "category_std_th": "การค้าปลีกและร้านค้า", "category_sub": "shop=electronics", "category_sub_th": "ร้านเครื่องใช้ไฟฟ้าและอิเล็กทรอนิกส์", "lat": 18.801516099501889, "lon": 99.015506746965514, "point_id": 21862, "side": "right", "pano_id": "hYSHvJDPN6OUXiml24npSg", "heading": 54.002, "poi_names": "Advice", "categories": "shop=electronics", "poi_count": 1 }, "geometry": { "type": "Point", "coordinates": [ 99.015506746965514, 18.801516099501889 ] } },
{ "type": "Feature", "properties": { "source": "sv", "poi_id": "21884_left", "poi_name": "Tops", "category_raw": "shop=supermarket", "category_std": "retail_commerce", "category_std_th": "การค้าปลีกและร้านค้า", "category_sub": "shop=supermarket", "category_sub_th": "ซูเปอร์มาร์เก็ต", "lat": 18.769228886880441, "lon": 98.976579868596076, "point_id": 21884, "side": "left", "pano_id": "nqAc5Q2RJj-ZVGSdKeqGaQ", "heading": 217.04, "poi_names": "Tops", "categories": "shop=supermarket", "poi_count": 1 }, "geometry": { "type": "Point", "coordinates": [ 98.976579868596076, 18.769228886880441 ] } },
{ "type": "Feature", "properties": { "source": "sv", "poi_id": "21952_right", "poi_name": "ศาลจังหวัดเชียงใหม่", "category_raw": "office=government", "category_std": "office_professional", "category_std_th": "สำนักงานและบริการวิชาชีพ", "category_sub": "office=government", "category_sub_th": "หน่วยงานราชการ", "lat": 18.841426481984289, "lon": 98.971201887608913, "point_id": 21952, "side": "right", "pano_id": "jMKgWZYpxXqZlq-6sjSXtA", "heading": 248.222, "poi_names": "ศาลจังหวัดเชียงใหม่", "categories": "office=government", "poi_count": 1 }, "geometry": { "type": "Point", "coordinates": [ 98.971201887608913, 18.841426481984289 ] } },
{ "type": "Feature", "properties": { "source": "sv", "poi_id": "21953_right", "poi_name": "ศาลจังหวัดเชียงใหม่", "category_raw": "office=government", "category_std": "office_professional", "category_std_th": "สำนักงานและบริการวิชาชีพ", "category_sub": "office=government", "category_sub_th": "หน่วยงานราชการ", "lat": 18.841259481983684, "lon": 98.971272887696045, "point_id": 21953, "side": "right", "pano_id": "6Qx3dV1rqNLE0k9hIKMyqQ", "heading": 248.222, "poi_names": "ศาลจังหวัดเชียงใหม่", "categories": "office=government", "poi_count": 1 }, "geometry": { "type": "Point", "coordinates": [ 98.971272887696045, 18.841259481983684 ] } },
{ "type": "Feature", "properties": { "source": "sv", "poi_id": "22108_left", "poi_name": "เจี๊ยบคำแหนง", "category_raw": "amenity=restaurant", "category_std": "food_beverage", "category_std_th": "อาหารและเครื่องดื่ม", "category_sub": "amenity=restaurant", "category_sub_th": "ร้านอาหาร", "lat": 18.836781969823729, "lon": 98.986591112257287, "point_id": 22108, "side": "left", "pano_id": "JPn4aOA3VnfC6qtYBKfIVg", "heading": 170.223, "poi_names": "เจี๊ยบคำแหนง", "categories": "amenity=restaurant", "poi_count": 1 }, "geometry": { "type": "Point", "coordinates": [ 98.986591112257287, 18.836781969823729 ] } },
{ "type": "Feature", "properties": { "source": "sv", "poi_id": "22109_left", "poi_name": "Nescafe | สมสมัย", "category_raw": "amenity=cafe, shop=yes", "category_std": "food_beverage; retail_commerce", "category_std_th": "อาหารและเครื่องดื่ม; การค้าปลีกและร้านค้า", "category_sub": "amenity=cafe, shop=yes", "category_sub_th": "ร้านกาแฟ; ร้านค้าไม่ระบุประเภทย่อย", "lat": 18.836750969823441, "lon": 98.98640411225432, "point_id": 22109, "side": "left", "pano_id": "xTtHN79LG2pr36dEHQhDTw", "heading": 170.223, "poi_names": "Nescafe | สมสมัย", "categories": "amenity=cafe, shop=yes", "poi_count": 2 }, "geometry": { "type": "Point", "coordinates": [ 98.98640411225432, 18.836750969823441 ] } },
{ "type": "Feature", "properties": { "source": "sv", "poi_id": "22109_right", "poi_name": "หม่าล่า-ปากเบิร์น", "category_raw": "amenity=fast_food", "category_std": "food_beverage", "category_std_th": "อาหารและเครื่องดื่ม", "category_sub": "amenity=fast_food", "category_sub_th": "อาหารจานด่วน", "lat": 18.836929030174321, "lon": 98.986371887728694, "point_id": 22109, "side": "right", "pano_id": "xTtHN79LG2pr36dEHQhDTw", "heading": 350.223, "poi_names": "หม่าล่า-ปากเบิร์น", "categories": "amenity=fast_food", "poi_count": 1 }, "geometry": { "type": "Point", "coordinates": [ 98.986371887728694, 18.836929030174321 ] } },
{ "type": "Feature", "properties": { "source": "sv", "poi_id": "22117_right", "poi_name": "pharmacy", "category_raw": "amenity=pharmacy", "category_std": "health", "category_std_th": "สุขภาพและการแพทย์", "category_sub": "amenity=pharmacy", "category_sub_th": "ร้านขายยา", "lat": 18.836750012444949, "lon": 98.985283780047837, "point_id": 22117, "side": "right", "pano_id": "BITwrhjH4zQ9UTNRKo-0Pw", "heading": 350.157, "poi_names": "pharmacy", "categories": "amenity=pharmacy", "poi_count": 1 }, "geometry": { "type": "Point", "coordinates": [ 98.985283780047837, 18.836750012444949 ] } },
{ "type": "Feature", "properties": { "source": "sv", "poi_id": "22126_right", "poi_name": "รับซื้อขายมือถือ | ซ่อมมือถือ", "category_raw": "shop=mobile_phone", "category_std": "retail_commerce", "category_std_th": "การค้าปลีกและร้านค้า", "category_sub": "shop=mobile_phone", "category_sub_th": "ร้านโทรศัพท์มือถือ", "lat": 18.836580027230664, "lon": 98.984245869810835, "point_id": 22126, "side": "right", "pano_id": "uUN0WzGS179OFshMmt50dw", "heading": 350.212, "poi_names": "รับซื้อขายมือถือ | ซ่อมมือถือ", "categories": "shop=mobile_phone", "poi_count": 2 }, "geometry": { "type": "Point", "coordinates": [ 98.984245869810835, 18.836580027230664 ] } },
{ "type": "Feature", "properties": { "source": "sv", "poi_id": "22127_right", "poi_name": "รับซื้อ รับจำนำ ขายโทรศัพท์ รับแลก-เปลี่ยน มือ1 มือ2", "category_raw": "shop=pawnbroker", "category_std": "retail_commerce", "category_std_th": "การค้าปลีกและร้านค้า", "category_sub": "shop=pawnbroker", "category_sub_th": "โรงรับจำนำ", "lat": 18.836549027230973, "lon": 98.984058869813794, "point_id": 22127, "side": "right", "pano_id": "RPOrmLtt_771RB9m28ghOQ", "heading": 350.212, "poi_names": "รับซื้อ รับจำนำ ขายโทรศัพท์ รับแลก-เปลี่ยน มือ1 มือ2", "categories": "shop=pawnbroker", "poi_count": 1 }, "geometry": { "type": "Point", "coordinates": [ 98.984058869813794, 18.836549027230973 ] } },
{ "type": "Feature", "properties": { "source": "sv", "poi_id": "22129_right", "poi_name": "ร้านนิภา | ร้านทุกอย่าง 20", "category_raw": "shop=yes", "category_std": "retail_commerce", "category_std_th": "การค้าปลีกและร้านค้า", "category_sub": "shop=yes", "category_sub_th": "ร้านค้าไม่ระบุประเภทย่อย", "lat": 18.83650303098154, "lon": 98.983778892665157, "point_id": 22129, "side": "right", "pano_id": "-jswEThfHg4H0ZA_HjfL3A", "heading": 350.226, "poi_names": "ร้านนิภา | ร้านทุกอย่าง 20", "categories": "shop=yes", "poi_count": 2 }, "geometry": { "type": "Point", "coordinates": [ 98.983778892665157, 18.83650303098154 ] } },
{ "type": "Feature", "properties": { "source": "sv", "poi_id": "22131_right", "poi_name": "คอสเมติกส์", "category_raw": "shop=beauty", "category_std": "personal_service_repair", "category_std_th": "บริการส่วนบุคคลและงานซ่อม", "category_sub": "shop=beauty", "category_sub_th": "ร้านเสริมสวย", "lat": 18.836471048057582, "lon": 98.983580997123738, "point_id": 22131, "side": "right", "pano_id": "fADlj3b5kTpjV1lXMzKy2w", "heading": 350.29, "poi_names": "คอสเมติกส์", "categories": "shop=beauty", "poi_count": 1 }, "geometry": { "type": "Point", "coordinates": [ 98.983580997123738, 18.836471048057582 ] } },
{ "type": "Feature", "properties": { "source": "sv", "poi_id": "22220_right", "poi_name": "เคเคมอเตอร์", "category_raw": "shop=motorcycle_repair", "category_std": "personal_service_repair", "category_std_th": "บริการส่วนบุคคลและงานซ่อม", "category_sub": "shop=motorcycle_repair", "category_sub_th": "ร้านซ่อมรถจักรยานยนต์", "lat": 18.7995975975488, "lon": 98.992257829691127, "point_id": 22220, "side": "right", "pano_id": "ApJowZPNLBH1TslIrZAmJg", "heading": 159.107, "poi_names": "เคเคมอเตอร์", "categories": "shop=motorcycle_repair", "poi_count": 1 }, "geometry": { "type": "Point", "coordinates": [ 98.992257829691127, 18.7995975975488 ] } },
{ "type": "Feature", "properties": { "source": "sv", "poi_id": "22222_left", "poi_name": "7-Eleven", "category_raw": "shop=convenience", "category_std": "retail_commerce", "category_std_th": "การค้าปลีกและร้านค้า", "category_sub": "shop=convenience", "category_sub_th": "ร้านสะดวกซื้อ", "lat": 18.799895402443145, "lon": 98.992545170249358, "point_id": 22222, "side": "left", "pano_id": "NUEcurOI4ZrwsspWqzEYCw", "heading": 339.107, "poi_names": "7-Eleven", "categories": "shop=convenience", "poi_count": 1 }, "geometry": { "type": "Point", "coordinates": [ 98.992545170249358, 18.799895402443145 ] } },
{ "type": "Feature", "properties": { "source": "sv", "poi_id": "22222_right", "poi_name": "มาสเตอร์ ยนต์", "category_raw": "shop=car_repair", "category_std": "personal_service_repair", "category_std_th": "บริการส่วนบุคคลและงานซ่อม", "category_sub": "shop=car_repair", "category_sub_th": "อู่ซ่อมรถยนต์", "lat": 18.799726597549952, "lon": 98.992612829716904, "point_id": 22222, "side": "right", "pano_id": "NUEcurOI4ZrwsspWqzEYCw", "heading": 159.107, "poi_names": "มาสเตอร์ ยนต์", "categories": "shop=car_repair", "poi_count": 1 }, "geometry": { "type": "Point", "coordinates": [ 98.992612829716904, 18.799726597549952 ] } },
{ "type": "Feature", "properties": { "source": "sv", "poi_id": "22228_left", "poi_name": "Mercedes Benz", "category_raw": "shop=car_repair", "category_std": "personal_service_repair", "category_std_th": "บริการส่วนบุคคลและงานซ่อม", "category_sub": "shop=car_repair", "category_sub_th": "อู่ซ่อมรถยนต์", "lat": 18.800150787078454, "lon": 98.993283649036016, "point_id": 22228, "side": "left", "pano_id": "HiTwV1GRfrgSHAUF-0u_KA", "heading": 343.872, "poi_names": "Mercedes Benz", "categories": "shop=car_repair", "poi_count": 1 }, "geometry": { "type": "Point", "coordinates": [ 98.993283649036016, 18.800150787078454 ] } },
{ "type": "Feature", "properties": { "source": "sv", "poi_id": "22249_left", "poi_name": "เลาล้านนา 2", "category_raw": "shop=yes", "category_std": "retail_commerce", "category_std_th": "การค้าปลีกและร้านค้า", "category_sub": "shop=yes", "category_sub_th": "ร้านค้าไม่ระบุประเภทย่อย", "lat": 18.813071723262468, "lon": 98.991284212064244, "point_id": 22249, "side": "left", "pano_id": "iTFQ2tHxpjPYCHe4nUkHgA", "heading": 272.362, "poi_names": "เลาล้านนา 2", "categories": "shop=yes", "poi_count": 1 }, "geometry": { "type": "Point", "coordinates": [ 98.991284212064244, 18.813071723262468 ] } },
{ "type": "Feature", "properties": { "source": "sv", "poi_id": "22376_right", "poi_name": "ครัวป้าตั้ม", "category_raw": "amenity=restaurant", "category_std": "food_beverage", "category_std_th": "อาหารและเครื่องดื่ม", "category_sub": "amenity=restaurant", "category_sub_th": "ร้านอาหาร", "lat": 18.788931888788188, "lon": 99.023975786844858, "point_id": 22376, "side": "right", "pano_id": "P0Ob_-PIehG-aDgfE7ch5w", "heading": 175.897, "poi_names": "ครัวป้าตั้ม", "categories": "amenity=restaurant", "poi_count": 1 }, "geometry": { "type": "Point", "coordinates": [ 99.023975786844858, 18.788931888788188 ] } },
{ "type": "Feature", "properties": { "source": "sv", "poi_id": "22378_right", "poi_name": "The Pizza Company", "category_raw": "amenity=fast_food", "category_std": "food_beverage", "category_std_th": "อาหารและเครื่องดื่ม", "category_sub": "amenity=fast_food", "category_sub_th": "อาหารจานด่วน", "lat": 18.809045661244721, "lon": 98.997076129098815, "point_id": 22378, "side": "right", "pano_id": "bR9w9ztHJ2lOSEcJyp9_5A", "heading": 180.526, "poi_names": "The Pizza Company", "categories": "amenity=fast_food", "poi_count": 1 }, "geometry": { "type": "Point", "coordinates": [ 98.997076129098815, 18.809045661244721 ] } },
{ "type": "Feature", "properties": { "source": "sv", "poi_id": "22397_right", "poi_name": "เนมอร์", "category_raw": "shop=yes", "category_std": "retail_commerce", "category_std_th": "การค้าปลีกและร้านค้า", "category_sub": "shop=yes", "category_sub_th": "ร้านค้าไม่ระบุประเภทย่อย", "lat": 18.813111554991529, "lon": 98.981988339229119, "point_id": 22397, "side": "right", "pano_id": "Nph2CCKmqrF5LpPoI7yNQw", "heading": 171.917, "poi_names": "เนมอร์", "categories": "shop=yes", "poi_count": 1 }, "geometry": { "type": "Point", "coordinates": [ 98.981988339229119, 18.813111554991529 ] } },
{ "type": "Feature", "properties": { "source": "sv", "poi_id": "22472_left", "poi_name": "บริษัท ยูนิเพสท์ จำกัด", "category_raw": "office=company", "category_std": "office_professional", "category_std_th": "สำนักงานและบริการวิชาชีพ", "category_sub": "office=company", "category_sub_th": "บริษัท", "lat": 18.824870038417984, "lon": 98.979657637417077, "point_id": 22472, "side": "left", "pano_id": "D8Rhh2_V4nBRp-mnGivJ8w", "heading": 166.817, "poi_names": "บริษัท ยูนิเพสท์ จำกัด", "categories": "office=company", "poi_count": 1 }, "geometry": { "type": "Point", "coordinates": [ 98.979657637417077, 18.824870038417984 ] } },
{ "type": "Feature", "properties": { "source": "sv", "poi_id": "22509_right", "poi_name": "Chiang Mai Wellness Clinic", "category_raw": "amenity=clinic", "category_std": "health", "category_std_th": "สุขภาพและการแพทย์", "category_sub": "amenity=clinic", "category_sub_th": "คลินิก", "lat": 18.79469692404524, "lon": 98.99489671596514, "point_id": 22509, "side": "right", "pano_id": "roOmjh9Xjnunqo4el-UIOA", "heading": 184.404, "poi_names": "Chiang Mai Wellness Clinic", "categories": "amenity=clinic", "poi_count": 1 }, "geometry": { "type": "Point", "coordinates": [ 98.99489671596514, 18.79469692404524 ] } },
{ "type": "Feature", "properties": { "source": "sv", "poi_id": "22532_left", "poi_name": "ยาอมแก้ไอ ตราตะขาบ", "category_raw": "amenity=pharmacy", "category_std": "health", "category_std_th": "สุขภาพและการแพทย์", "category_sub": "amenity=pharmacy", "category_sub_th": "ร้านขายยา", "lat": 18.79043808222124, "lon": 99.0010017075912, "point_id": 22532, "side": "left", "pano_id": "sT6EXDrQgxtvVZsg-I31tw", "heading": 75.197, "poi_names": "ยาอมแก้ไอ ตราตะขาบ", "categories": "amenity=pharmacy", "poi_count": 1 }, "geometry": { "type": "Point", "coordinates": [ 99.0010017075912, 18.79043808222124 ] } },
{ "type": "Feature", "properties": { "source": "sv", "poi_id": "22543_right", "poi_name": "ศูนย์รวมชุดนักศึกษาทุกสถาบัน | เชียงใหม่ฟ้าใสเซ็นเตอร์ | ร้านเชียงใหม่พลาสติก", "category_raw": "shop=clothes, shop=yes", "category_std": "retail_commerce", "category_std_th": "การค้าปลีกและร้านค้า", "category_sub": "shop=clothes, shop=yes", "category_sub_th": "ร้านเสื้อผ้า; ร้านค้าไม่ระบุประเภทย่อย", "lat": 18.789156366108404, "lon": 99.001231691203415, "point_id": 22543, "side": "right", "pano_id": "GfmonmOdAgtBU-_Xauz1vQ", "heading": 252.189, "poi_names": "ศูนย์รวมชุดนักศึกษาทุกสถาบัน | เชียงใหม่ฟ้าใสเซ็นเตอร์ | ร้านเชียงใหม่พลาสติก", "categories": "shop=clothes, shop=yes", "poi_count": 3 }, "geometry": { "type": "Point", "coordinates": [ 99.001231691203415, 18.789156366108404 ] } },
{ "type": "Feature", "properties": { "source": "sv", "poi_id": "22548_right", "poi_name": "ร้านมง", "category_raw": "shop=yes", "category_std": "retail_commerce", "category_std_th": "การค้าปลีกและร้านค้า", "category_sub": "shop=yes", "category_sub_th": "ร้านค้าไม่ระบุประเภทย่อย", "lat": 18.789722737156051, "lon": 99.001448302261764, "point_id": 22548, "side": "right", "pano_id": "kJBGgFtHAs1ivZroOIfYDw", "heading": 142.074, "poi_names": "ร้านมง", "categories": "shop=yes", "poi_count": 1 }, "geometry": { "type": "Point", "coordinates": [ 99.001448302261764, 18.789722737156051 ] } },
{ "type": "Feature", "properties": { "source": "sv", "poi_id": "22583_right", "poi_name": "ประเทืองวิทยา", "category_raw": "amenity=school", "category_std": "education_religion", "category_std_th": "การศึกษาและศาสนา", "category_sub": "amenity=school", "category_sub_th": "โรงเรียน", "lat": 18.791159645919844, "lon": 98.999748792972113, "point_id": 22583, "side": "right", "pano_id": "JJ4xCfJjyBwAr8P19Cg5NQ", "heading": 167.956, "poi_names": "ประเทืองวิทยา", "categories": "amenity=school", "poi_count": 1 }, "geometry": { "type": "Point", "coordinates": [ 98.999748792972113, 18.791159645919844 ] } },
{ "type": "Feature", "properties": { "source": "sv", "poi_id": "22584_left", "poi_name": "ร้านนองชัน", "category_raw": "amenity=restaurant", "category_std": "food_beverage", "category_std_th": "อาหารและเครื่องดื่ม", "category_sub": "amenity=restaurant", "category_sub_th": "ร้านอาหาร", "lat": 18.791374354076854, "lon": 98.999895207002794, "point_id": 22584, "side": "left", "pano_id": "NddbE0-6Ocgd9e42QPnr1Q", "heading": 347.956, "poi_names": "ร้านนองชัน", "categories": "amenity=restaurant", "poi_count": 1 }, "geometry": { "type": "Point", "coordinates": [ 98.999895207002794, 18.791374354076854 ] } },
{ "type": "Feature", "properties": { "source": "sv", "poi_id": "22585_right", "poi_name": "หสนบานิช", "category_raw": "office=company", "category_std": "office_professional", "category_std_th": "สำนักงานและบริการวิชาชีพ", "category_sub": "office=company", "category_sub_th": "บริษัท", "lat": 18.791235645920565, "lon": 99.000119792980996, "point_id": 22585, "side": "right", "pano_id": "vBix-YPtypQqyj_GpWdBzw", "heading": 167.956, "poi_names": "หสนบานิช", "categories": "office=company", "poi_count": 1 }, "geometry": { "type": "Point", "coordinates": [ 99.000119792980996, 18.791235645920565 ] } },
{ "type": "Feature", "properties": { "source": "sv", "poi_id": "22619_right", "poi_name": "เคสมือถือ", "category_raw": "shop=mobile_phone", "category_std": "retail_commerce", "category_std_th": "การค้าปลีกและร้านค้า", "category_sub": "shop=mobile_phone", "category_sub_th": "ร้านโทรศัพท์มือถือ", "lat": 18.805342105429563, "lon": 98.985411144739444, "point_id": 22619, "side": "right", "pano_id": "iWNXjt3goZjByk38RREBtQ", "heading": 82.939, "poi_names": "เคสมือถือ", "categories": "shop=mobile_phone", "poi_count": 1 }, "geometry": { "type": "Point", "coordinates": [ 98.985411144739444, 18.805342105429563 ] } },
{ "type": "Feature", "properties": { "source": "sv", "poi_id": "22643_left", "poi_name": "ศูนย์รวมอะไหล่มือถือ", "category_raw": "shop=mobile_phone", "category_std": "retail_commerce", "category_std_th": "การค้าปลีกและร้านค้า", "category_sub": "shop=mobile_phone", "category_sub_th": "ร้านโทรศัพท์มือถือ", "lat": 18.81045491079993, "lon": 98.984362229243644, "point_id": 22643, "side": "left", "pano_id": "G9VkxBsCtvBQxndEj_NTmg", "heading": 164.577, "poi_names": "ศูนย์รวมอะไหล่มือถือ", "categories": "shop=mobile_phone", "poi_count": 1 }, "geometry": { "type": "Point", "coordinates": [ 98.984362229243644, 18.81045491079993 ] } },
{ "type": "Feature", "properties": { "source": "sv", "poi_id": "22656_right", "poi_name": "ก๋วยเตี๋ยวไอ้เอ สาขาสันติธรรม", "category_raw": "amenity=restaurant", "category_std": "food_beverage", "category_std_th": "อาหารและเครื่องดื่ม", "category_sub": "amenity=restaurant", "category_sub_th": "ร้านอาหาร", "lat": 18.810071993754612, "lon": 98.982205410288941, "point_id": 22656, "side": "right", "pano_id": "cT3L2CLBV_VXVwZiddfO7Q", "heading": 344.351, "poi_names": "ก๋วยเตี๋ยวไอ้เอ สาขาสันติธรรม", "categories": "amenity=restaurant", "poi_count": 1 }, "geometry": { "type": "Point", "coordinates": [ 98.982205410288941, 18.810071993754612 ] } },
{ "type": "Feature", "properties": { "source": "sv", "poi_id": "22660_right", "poi_name": "ศูนย์บริการรถพยาบาล", "category_raw": "amenity=hospital", "category_std": "health", "category_std_th": "สุขภาพและการแพทย์", "category_sub": "amenity=hospital", "category_sub_th": "โรงพยาบาล", "lat": 18.809923174962773, "lon": 98.981677518809036, "point_id": 22660, "side": "right", "pano_id": "pD9rxFcqLtZZ8fyNYng9rw", "heading": 342.529, "poi_names": "ศูนย์บริการรถพยาบาล", "categories": "amenity=hospital", "poi_count": 1 }, "geometry": { "type": "Point", "coordinates": [ 98.981677518809036, 18.809923174962773 ] } },
{ "type": "Feature", "properties": { "source": "sv", "poi_id": "22670_left", "poi_name": "บริษัท คอมเทล ซัพพลาย", "category_raw": "office=company", "category_std": "office_professional", "category_std_th": "สำนักงานและบริการวิชาชีพ", "category_sub": "office=company", "category_sub_th": "บริษัท", "lat": 18.809279921665365, "lon": 98.980172801511458, "point_id": 22670, "side": "left", "pano_id": "wzsA-30tNA3Imzi0klUhsg", "heading": 162.326, "poi_names": "บริษัท คอมเทล ซัพพลาย", "categories": "office=company", "poi_count": 1 }, "geometry": { "type": "Point", "coordinates": [ 98.980172801511458, 18.809279921665365 ] } },
{ "type": "Feature", "properties": { "source": "sv", "poi_id": "22691_right", "poi_name": "เรือนนทีเทอเรส", "category_raw": "tourism=hotel", "category_std": "tourism_culture", "category_std_th": "ที่พัก การท่องเที่ยว และวัฒนธรรม", "category_sub": "tourism=hotel", "category_sub_th": "โรงแรม", "lat": 18.808612025352065, "lon": 98.977234859425579, "point_id": 22691, "side": "right", "pano_id": "TNsg9ADwWUQtrTwSegU_Tg", "heading": 350.204, "poi_names": "เรือนนทีเทอเรส", "categories": "tourism=hotel", "poi_count": 1 }, "geometry": { "type": "Point", "coordinates": [ 98.977234859425579, 18.808612025352065 ] } },
{ "type": "Feature", "properties": { "source": "sv", "poi_id": "22703_left", "poi_name": "YimYimAroen", "category_raw": "amenity=restaurant", "category_std": "food_beverage", "category_std_th": "อาหารและเครื่องดื่ม", "category_sub": "amenity=restaurant", "category_sub_th": "ร้านอาหาร", "lat": 18.808124966339296, "lon": 98.975385089946656, "point_id": 22703, "side": "left", "pano_id": "xAbyQ8HSnEz0scJ5gdSAtg", "heading": 170.235, "poi_names": "YimYimAroen", "categories": "amenity=restaurant", "poi_count": 1 }, "geometry": { "type": "Point", "coordinates": [ 98.975385089946656, 18.808124966339296 ] } },
{ "type": "Feature", "properties": { "source": "sv", "poi_id": "22917_left", "poi_name": "Tesco Lotus", "category_raw": "shop=supermarket", "category_std": "retail_commerce", "category_std_th": "การค้าปลีกและร้านค้า", "category_sub": "shop=supermarket", "category_sub_th": "ซูเปอร์มาร์เก็ต", "lat": 18.809540071851561, "lon": 98.997403923924637, "point_id": 22917, "side": "left", "pano_id": "oKt-tGQMtfUo0hsQMfsHlg", "heading": 185.49, "poi_names": "Tesco Lotus", "categories": "shop=supermarket", "poi_count": 1 }, "geometry": { "type": "Point", "coordinates": [ 98.997403923924637, 18.809540071851561 ] } },
{ "type": "Feature", "properties": { "source": "sv", "poi_id": "22952_left", "poi_name": "Lotus's", "category_raw": "shop=supermarket", "category_std": "retail_commerce", "category_std_th": "การค้าปลีกและร้านค้า", "category_sub": "shop=supermarket", "category_sub_th": "ซูเปอร์มาร์เก็ต", "lat": 18.809245210313307, "lon": 98.997193520783838, "point_id": 22952, "side": "left", "pano_id": "nZKv-b-LnWW31jtAOz8bug", "heading": 186.342, "poi_names": "Lotus's", "categories": "shop=supermarket", "poi_count": 1 }, "geometry": { "type": "Point", "coordinates": [ 98.997193520783838, 18.809245210313307 ] } },
{ "type": "Feature", "properties": { "source": "sv", "poi_id": "22988_left", "poi_name": "ตินยงการเกษตร", "category_raw": "shop=yes", "category_std": "retail_commerce", "category_std_th": "การค้าปลีกและร้านค้า", "category_sub": "shop=yes", "category_sub_th": "ร้านค้าไม่ระบุประเภทย่อย", "lat": 18.807243678034322, "lon": 98.996140973563499, "point_id": 22988, "side": "left", "pano_id": "g-v64EPSdjh4FnGxVleZww", "heading": 181.224, "poi_names": "ตินยงการเกษตร", "categories": "shop=yes", "poi_count": 1 }, "geometry": { "type": "Point", "coordinates": [ 98.996140973563499, 18.807243678034322 ] } },
{ "type": "Feature", "properties": { "source": "sv", "poi_id": "22990_left", "poi_name": "ระบบนาสวน | ไชตัส", "category_raw": "shop=yes", "category_std": "retail_commerce", "category_std_th": "การค้าปลีกและร้านค้า", "category_sub": "shop=yes", "category_sub_th": "ร้านค้าไม่ระบุประเภทย่อย", "lat": 18.807511342543624, "lon": 98.995842917214304, "point_id": 22990, "side": "left", "pano_id": "BQX6CfmGV6fvlBJ5GaWGyA", "heading": 359.95, "poi_names": "ระบบนาสวน | ไชตัส", "categories": "shop=yes", "poi_count": 2 }, "geometry": { "type": "Point", "coordinates": [ 98.995842917214304, 18.807511342543624 ] } },
{ "type": "Feature", "properties": { "source": "sv", "poi_id": "23060_left", "poi_name": "ตัดผมชายหญิง", "category_raw": "shop=hairdresser", "category_std": "personal_service_repair", "category_std_th": "บริการส่วนบุคคลและงานซ่อม", "category_sub": "shop=hairdresser", "category_sub_th": "ร้านทำผม", "lat": 18.805348996058235, "lon": 98.993459840868539, "point_id": 23060, "side": "left", "pano_id": "Nc2rDMuxl_8uC9-tmUQ6Fg", "heading": 91.271, "poi_names": "ตัดผมชายหญิง", "categories": "shop=hairdresser", "poi_count": 1 }, "geometry": { "type": "Point", "coordinates": [ 98.993459840868539, 18.805348996058235 ] } },
{ "type": "Feature", "properties": { "source": "sv", "poi_id": "23244_right", "poi_name": "มินเมีย 2", "category_raw": "shop=convenience", "category_std": "retail_commerce", "category_std_th": "การค้าปลีกและร้านค้า", "category_sub": "shop=convenience", "category_sub_th": "ร้านสะดวกซื้อ", "lat": 18.799920801438205, "lon": 98.964020048319341, "point_id": 23244, "side": "right", "pano_id": "kAKxM-0IbR2Ponimbiqmrg", "heading": 82.494, "poi_names": "มินเมีย 2", "categories": "shop=convenience", "poi_count": 1 }, "geometry": { "type": "Point", "coordinates": [ 98.964020048319341, 18.799920801438205 ] } },
{ "type": "Feature", "properties": { "source": "sv", "poi_id": "23302_left", "poi_name": "Chang | Phoenix", "category_raw": "shop=yes, shop=beauty", "category_std": "retail_commerce; personal_service_repair", "category_std_th": "การค้าปลีกและร้านค้า; บริการส่วนบุคคลและงานซ่อม", "category_sub": "shop=yes, shop=beauty", "category_sub_th": "ร้านค้าไม่ระบุประเภทย่อย; ร้านเสริมสวย", "lat": 18.783833211626764, "lon": 99.003101890344681, "point_id": 23302, "side": "left", "pano_id": "uJUVwQHDXEsYVDqNmQ_c_w", "heading": 356.912, "poi_names": "Chang | Phoenix", "categories": "shop=yes, shop=beauty", "poi_count": 2 }, "geometry": { "type": "Point", "coordinates": [ 99.003101890344681, 18.783833211626764 ] } },
{ "type": "Feature", "properties": { "source": "sv", "poi_id": "23324_left", "poi_name": "คณะศึกษาศาสตร์ | library", "category_raw": "amenity=university", "category_std": "education_religion", "category_std_th": "การศึกษาและศาสนา", "category_sub": "amenity=university", "category_sub_th": "มหาวิทยาลัย", "lat": 18.793056527022003, "lon": 98.956090267116736, "point_id": 23324, "side": "left", "pano_id": "CAoSF0NJSE0wb2dLRUlDQWdJRHE3YkxraGdF", "heading": 100.506, "poi_names": "คณะศึกษาศาสตร์ | library", "categories": "amenity=university", "poi_count": 2 }, "geometry": { "type": "Point", "coordinates": [ 98.956090267116736, 18.793056527022003 ] } },
{ "type": "Feature", "properties": { "source": "sv", "poi_id": "23340_right", "poi_name": "Starbucks", "category_raw": "amenity=cafe", "category_std": "food_beverage", "category_std_th": "อาหารและเครื่องดื่ม", "category_sub": "amenity=cafe", "category_sub_th": "ร้านกาแฟ", "lat": 18.783797032448899, "lon": 99.000162653398434, "point_id": 23340, "side": "right", "pano_id": "O0efTp5mwDL1vBYIjl7y7Q", "heading": 280.222, "poi_names": "Starbucks", "categories": "amenity=cafe", "poi_count": 1 }, "geometry": { "type": "Point", "coordinates": [ 99.000162653398434, 18.783797032448899 ] } },
{ "type": "Feature", "properties": { "source": "sv", "poi_id": "23341_left", "poi_name": "McDonald's", "category_raw": "amenity=fast_food", "category_std": "food_beverage", "category_std_th": "อาหารและเครื่องดื่ม", "category_sub": "amenity=fast_food", "category_sub_th": "อาหารจานด่วน", "lat": 18.783614961297211, "lon": 99.000320345325875, "point_id": 23341, "side": "left", "pano_id": "kGmGQQUgzE0sHXyXYlknFQ", "heading": 100.226, "poi_names": "McDonald's", "categories": "amenity=fast_food", "poi_count": 1 }, "geometry": { "type": "Point", "coordinates": [ 99.000320345325875, 18.783614961297211 ] } },
{ "type": "Feature", "properties": { "source": "sv", "poi_id": "23345_right", "poi_name": "Hongkong Tailor", "category_raw": "shop=clothes", "category_std": "retail_commerce", "category_std_th": "การค้าปลีกและร้านค้า", "category_sub": "shop=clothes", "category_sub_th": "ร้านเสื้อผ้า", "lat": 18.783162024691165, "lon": 99.000041652279634, "point_id": 23345, "side": "right", "pano_id": "KvNdBuuIbwOtUKXGZ8QlJQ", "heading": 280.217, "poi_names": "Hongkong Tailor", "categories": "shop=clothes", "poi_count": 1 }, "geometry": { "type": "Point", "coordinates": [ 99.000041652279634, 18.783162024691165 ] } },
{ "type": "Feature", "properties": { "source": "sv", "poi_id": "23366_left", "poi_name": "Rarna Hotel", "category_raw": "tourism=hotel", "category_std": "tourism_culture", "category_std_th": "ที่พัก การท่องเที่ยว และวัฒนธรรม", "category_sub": "tourism=hotel", "category_sub_th": "โรงแรม", "lat": 18.784036107521672, "lon": 99.000484841138643, "point_id": 23366, "side": "left", "pano_id": "YIOc3GMN7vxOnbQnfWuWRg", "heading": 4.136, "poi_names": "Rarna Hotel", "categories": "tourism=hotel", "poi_count": 1 }, "geometry": { "type": "Point", "coordinates": [ 99.000484841138643, 18.784036107521672 ] } },
{ "type": "Feature", "properties": { "source": "sv", "poi_id": "23366_right", "poi_name": "night street food", "category_raw": "amenity=fast_food", "category_std": "food_beverage", "category_std_th": "อาหารและเครื่องดื่ม", "category_sub": "amenity=fast_food", "category_sub_th": "อาหารจานด่วน", "lat": 18.783855892477213, "lon": 99.000471158868635, "point_id": 23366, "side": "right", "pano_id": "YIOc3GMN7vxOnbQnfWuWRg", "heading": 184.136, "poi_names": "night street food", "categories": "amenity=fast_food", "poi_count": 1 }, "geometry": { "type": "Point", "coordinates": [ 99.000471158868635, 18.783855892477213 ] } },
{ "type": "Feature", "properties": { "source": "sv", "poi_id": "23379_right", "poi_name": "The Erawan", "category_raw": "tourism=hotel", "category_std": "tourism_culture", "category_std_th": "ที่พัก การท่องเที่ยว และวัฒนธรรม", "category_sub": "tourism=hotel", "category_sub_th": "โรงแรม", "lat": 18.78379170983332, "lon": 99.002433237494003, "point_id": 23379, "side": "right", "pano_id": "tHkY4PRoSfiSfvU_BWyAGA", "heading": 178.044, "poi_names": "The Erawan", "categories": "tourism=hotel", "poi_count": 1 }, "geometry": { "type": "Point", "coordinates": [ 99.002433237494003, 18.78379170983332 ] } },
{ "type": "Feature", "properties": { "source": "sv", "poi_id": "23386_left", "poi_name": "Kbiz", "category_raw": "office=financial", "category_std": "finance_insurance", "category_std_th": "การเงินและประกันภัย", "category_sub": "office=financial", "category_sub_th": "บริการทางการเงิน", "lat": 18.788173948873425, "lon": 98.997295615486877, "point_id": 23386, "side": "left", "pano_id": "82FgGzhvOT0U0gGTHCgbEw", "heading": 175.395, "poi_names": "Kbiz", "categories": "office=financial", "poi_count": 1 }, "geometry": { "type": "Point", "coordinates": [ 98.997295615486877, 18.788173948873425 ] } },
{ "type": "Feature", "properties": { "source": "sv", "poi_id": "23412_right", "poi_name": "cocktail & beer", "category_raw": "amenity=bar", "category_std": "food_beverage", "category_std_th": "อาหารและเครื่องดื่ม", "category_sub": "amenity=bar", "category_sub_th": "บาร์", "lat": 18.785996809548951, "lon": 99.001323657045319, "point_id": 23412, "side": "right", "pano_id": "fIHINtKGTEh8A9xJg62ezg", "heading": 86.313, "poi_names": "cocktail & beer", "categories": "amenity=bar", "poi_count": 1 }, "geometry": { "type": "Point", "coordinates": [ 99.001323657045319, 18.785996809548951 ] } },
{ "type": "Feature", "properties": { "source": "sv", "poi_id": "23417_right", "poi_name": "มณี นวด", "category_raw": "shop=massage", "category_std": "personal_service_repair", "category_std_th": "บริการส่วนบุคคลและงานซ่อม", "category_sub": "shop=massage", "category_sub_th": "ร้านนวด", "lat": 18.786357440437641, "lon": 99.002960462937978, "point_id": 23417, "side": "right", "pano_id": "2-yxFjhp-kMULGlFIkw6VA", "heading": 172.45, "poi_names": "มณี นวด", "categories": "shop=massage", "poi_count": 1 }, "geometry": { "type": "Point", "coordinates": [ 99.002960462937978, 18.786357440437641 ] } },
{ "type": "Feature", "properties": { "source": "sv", "poi_id": "23440_left", "poi_name": "ศาลหลักเมืองเชียงใหม่", "category_raw": "tourism=attraction", "category_std": "tourism_culture", "category_std_th": "ที่พัก การท่องเที่ยว และวัฒนธรรม", "category_sub": "tourism=attraction", "category_sub_th": "แหล่งท่องเที่ยว", "lat": 18.786840744061969, "lon": 98.987752472192042, "point_id": 23440, "side": "left", "pano_id": "6bk4J-zO0TJeTzkizIQ5Vg", "heading": 208.684, "poi_names": "ศาลหลักเมืองเชียงใหม่", "categories": "tourism=attraction", "poi_count": 1 }, "geometry": { "type": "Point", "coordinates": [ 98.987752472192042, 18.786840744061969 ] } },
{ "type": "Feature", "properties": { "source": "sv", "poi_id": "23585_right", "poi_name": "Nescafe", "category_raw": "amenity=cafe", "category_std": "food_beverage", "category_std_th": "อาหารและเครื่องดื่ม", "category_sub": "amenity=cafe", "category_sub_th": "ร้านกาแฟ", "lat": 18.769564301383724, "lon": 98.991458123454805, "point_id": 23585, "side": "right", "pano_id": "yrTdbg-BOMu9lpZJ3h-YbQ", "heading": 358.262, "poi_names": "Nescafe", "categories": "amenity=cafe", "poi_count": 1 }, "geometry": { "type": "Point", "coordinates": [ 98.991458123454805, 18.769564301383724 ] } },
{ "type": "Feature", "properties": { "source": "sv", "poi_id": "23651_left", "poi_name": "CIS Park", "category_raw": "tourism=attraction", "category_std": "tourism_culture", "category_std_th": "ที่พัก การท่องเที่ยว และวัฒนธรรม", "category_sub": "tourism=attraction", "category_sub_th": "แหล่งท่องเที่ยว", "lat": 18.771268610656211, "lon": 98.990982753527064, "point_id": 23651, "side": "left", "pano_id": "QNEZfk11GiFpcgDeOXQ6jQ", "heading": 339.48, "poi_names": "CIS Park", "categories": "tourism=attraction", "poi_count": 1 }, "geometry": { "type": "Point", "coordinates": [ 98.990982753527064, 18.771268610656211 ] } },
{ "type": "Feature", "properties": { "source": "sv", "poi_id": "23664_left", "poi_name": "เมืองไทย ลิสซิ่ง", "category_raw": "office=financial", "category_std": "finance_insurance", "category_std_th": "การเงินและประกันภัย", "category_sub": "office=financial", "category_sub_th": "บริการทางการเงิน", "lat": 18.772146125405879, "lon": 98.992605607127359, "point_id": 23664, "side": "left", "pano_id": "upTlalBnvTsgiSrrjmahrg", "heading": 328.616, "poi_names": "เมืองไทย ลิสซิ่ง", "categories": "office=financial", "poi_count": 1 }, "geometry": { "type": "Point", "coordinates": [ 98.992605607127359, 18.772146125405879 ] } },
{ "type": "Feature", "properties": { "source": "sv", "poi_id": "23891_left", "poi_name": "ร้านข้าวต้มชาร", "category_raw": "amenity=restaurant", "category_std": "food_beverage", "category_std_th": "อาหารและเครื่องดื่ม", "category_sub": "amenity=restaurant", "category_sub_th": "ร้านอาหาร", "lat": 18.77092911980489, "lon": 98.998335911045316, "point_id": 23891, "side": "left", "pano_id": "5e6DWZ9pgbnEXNRxIXqadA", "heading": 12.737, "poi_names": "ร้านข้าวต้มชาร", "categories": "amenity=restaurant", "poi_count": 1 }, "geometry": { "type": "Point", "coordinates": [ 98.998335911045316, 18.77092911980489 ] } },
{ "type": "Feature", "properties": { "source": "sv", "poi_id": "24063_left", "poi_name": "Simashi Restaurant", "category_raw": "amenity=restaurant", "category_std": "food_beverage", "category_std_th": "อาหารและเครื่องดื่ม", "category_sub": "amenity=restaurant", "category_sub_th": "ร้านอาหาร", "lat": 18.789400647649572, "lon": 98.984892777926206, "point_id": 24063, "side": "left", "pano_id": "dlb3x_caPbTU40dMIG9PSQ", "heading": 87.686, "poi_names": "Simashi Restaurant", "categories": "amenity=restaurant", "poi_count": 1 }, "geometry": { "type": "Point", "coordinates": [ 98.984892777926206, 18.789400647649572 ] } },
{ "type": "Feature", "properties": { "source": "sv", "poi_id": "24064_right", "poi_name": "โรงเรียนกวดวิชาวรรณสรณ์", "category_raw": "amenity=school", "category_std": "education_religion", "category_std_th": "การศึกษาและศาสนา", "category_sub": "amenity=school", "category_sub_th": "โรงเรียน", "lat": 18.789213352302276, "lon": 98.984710222178563, "point_id": 24064, "side": "right", "pano_id": "jqUbGFdw79OOfEZCMIWfUA", "heading": 267.686, "poi_names": "โรงเรียนกวดวิชาวรรณสรณ์", "categories": "amenity=school", "poi_count": 1 }, "geometry": { "type": "Point", "coordinates": [ 98.984710222178563, 18.789213352302276 ] } },
{ "type": "Feature", "properties": { "source": "sv", "poi_id": "24172_right", "poi_name": "Toyota", "category_raw": "shop=car_repair", "category_std": "personal_service_repair", "category_std_th": "บริการส่วนบุคคลและงานซ่อม", "category_sub": "shop=car_repair", "category_sub_th": "อู่ซ่อมรถยนต์", "lat": 18.829783551856025, "lon": 98.97930780562956, "point_id": 24172, "side": "right", "pano_id": "JHfH-0TBS4p8b0oysr72Cw", "heading": 343.344, "poi_names": "Toyota", "categories": "shop=car_repair", "poi_count": 1 }, "geometry": { "type": "Point", "coordinates": [ 98.97930780562956, 18.829783551856025 ] } },
{ "type": "Feature", "properties": { "source": "sv", "poi_id": "24286_left", "poi_name": "ที่ทำการชุมชนบ้านเด่นพัฒนา", "category_raw": "office=government", "category_std": "office_professional", "category_std_th": "สำนักงานและบริการวิชาชีพ", "category_sub": "office=government", "category_sub_th": "หน่วยงานราชการ", "lat": 18.771609954250746, "lon": 99.006539985306276, "point_id": 24286, "side": "left", "pano_id": "eHupbTIo5FAtBAGNCgXocA", "heading": 189.721, "poi_names": "ที่ทำการชุมชนบ้านเด่นพัฒนา", "categories": "office=government", "poi_count": 1 }, "geometry": { "type": "Point", "coordinates": [ 99.006539985306276, 18.771609954250746 ] } },
{ "type": "Feature", "properties": { "source": "sv", "poi_id": "24520_right", "poi_name": "Tenderloin", "category_raw": "amenity=restaurant", "category_std": "food_beverage", "category_std_th": "อาหารและเครื่องดื่ม", "category_sub": "amenity=restaurant", "category_sub_th": "ร้านอาหาร", "lat": 18.788322727193616, "lon": 99.018010854239193, "point_id": 24520, "side": "right", "pano_id": "3s3Lw_8pdZP3Pr08RoOiNQ", "heading": 90.173, "poi_names": "Tenderloin", "categories": "amenity=restaurant", "poi_count": 1 }, "geometry": { "type": "Point", "coordinates": [ 99.018010854239193, 18.788322727193616 ] } },
{ "type": "Feature", "properties": { "source": "sv", "poi_id": "24566_left", "poi_name": "ีกุ้งกดสิว", "category_raw": "shop=beauty", "category_std": "personal_service_repair", "category_std_th": "บริการส่วนบุคคลและงานซ่อม", "category_sub": "shop=beauty", "category_sub_th": "ร้านเสริมสวย", "lat": 18.79479679778046, "lon": 99.017537135567963, "point_id": 24566, "side": "left", "pano_id": "ZHtpbhbW-m6Wdn85NjRFZQ", "heading": 236.242, "poi_names": "ีกุ้งกดสิว", "categories": "shop=beauty", "poi_count": 1 }, "geometry": { "type": "Point", "coordinates": [ 99.017537135567963, 18.79479679778046 ] } },
{ "type": "Feature", "properties": { "source": "sv", "poi_id": "24567_left", "poi_name": "jiratcha cafe", "category_raw": "amenity=cafe", "category_std": "food_beverage", "category_std_th": "อาหารและเครื่องดื่ม", "category_sub": "amenity=cafe", "category_sub_th": "ร้านกาแฟ", "lat": 18.794946797781265, "lon": 99.017432135498126, "point_id": 24567, "side": "left", "pano_id": "QOY86EtIGpOd97VMkd2_OA", "heading": 236.242, "poi_names": "jiratcha cafe", "categories": "amenity=cafe", "poi_count": 1 }, "geometry": { "type": "Point", "coordinates": [ 99.017432135498126, 18.794946797781265 ] } },
{ "type": "Feature", "properties": { "source": "sv", "poi_id": "24572_left", "poi_name": "ก๋วยเตี๋ยวเรือรสเยี่ยม", "category_raw": "amenity=restaurant", "category_std": "food_beverage", "category_std_th": "อาหารและเครื่องดื่ม", "category_sub": "amenity=restaurant", "category_sub_th": "ร้านอาหาร", "lat": 18.795521327307497, "lon": 99.017032085166719, "point_id": 24572, "side": "left", "pano_id": "g57lH5d8RagFeSHlqdFXkg", "heading": 237.401, "poi_names": "ก๋วยเตี๋ยวเรือรสเยี่ยม", "categories": "amenity=restaurant", "poi_count": 1 }, "geometry": { "type": "Point", "coordinates": [ 99.017032085166719, 18.795521327307497 ] } },
{ "type": "Feature", "properties": { "source": "sv", "poi_id": "24578_right", "poi_name": "เค้กนะกะ | Five Star", "category_raw": "amenity=cafe, amenity=fast_food", "category_std": "food_beverage", "category_std_th": "อาหารและเครื่องดื่ม", "category_sub": "amenity=cafe, amenity=fast_food", "category_sub_th": "ร้านกาแฟ; อาหารจานด่วน", "lat": 18.796492633120653, "lon": 99.016597261324861, "point_id": 24578, "side": "right", "pano_id": "GO_KFpYTKKR9fjYlI6tyAg", "heading": 56.675, "poi_names": "เค้กนะกะ | Five Star", "categories": "amenity=cafe, amenity=fast_food", "poi_count": 2 }, "geometry": { "type": "Point", "coordinates": [ 99.016597261324861, 18.796492633120653 ] } },
{ "type": "Feature", "properties": { "source": "sv", "poi_id": "24579_left", "poi_name": "Cafe", "category_raw": "amenity=cafe", "category_std": "food_beverage", "category_std_th": "อาหารและเครื่องดื่ม", "category_sub": "amenity=cafe", "category_sub_th": "ร้านกาแฟ", "lat": 18.796494356306425, "lon": 99.016368745951681, "point_id": 24579, "side": "left", "pano_id": "JvNRmSXHAR2bvLKDx2QgYA", "heading": 236.667, "poi_names": "Cafe", "categories": "amenity=cafe", "poi_count": 1 }, "geometry": { "type": "Point", "coordinates": [ 99.016368745951681, 18.796494356306425 ] } },
{ "type": "Feature", "properties": { "source": "sv", "poi_id": "24585_left", "poi_name": "fik barber shop", "category_raw": "shop=hairdresser", "category_std": "personal_service_repair", "category_std_th": "บริการส่วนบุคคลและงานซ่อม", "category_sub": "shop=hairdresser", "category_sub_th": "ร้านทำผม", "lat": 18.797376161504303, "lon": 99.015756880448777, "point_id": 24585, "side": "left", "pano_id": "J8UGzSO_Ep7R8s2dTHSvHA", "heading": 236.519, "poi_names": "fik barber shop", "categories": "shop=hairdresser", "poi_count": 1 }, "geometry": { "type": "Point", "coordinates": [ 99.015756880448777, 18.797376161504303 ] } },
{ "type": "Feature", "properties": { "source": "sv", "poi_id": "24585_right", "poi_name": "บ้านคุณยาย | แจ็คซ์", "category_raw": "shop=yes", "category_std": "retail_commerce", "category_std_th": "การค้าปลีกและร้านค้า", "category_sub": "shop=yes", "category_sub_th": "ร้านค้าไม่ระบุประเภทย่อย", "lat": 18.797475838461903, "lon": 99.015915119597778, "point_id": 24585, "side": "right", "pano_id": "J8UGzSO_Ep7R8s2dTHSvHA", "heading": 56.519, "poi_names": "บ้านคุณยาย | แจ็คซ์", "categories": "shop=yes", "poi_count": 2 }, "geometry": { "type": "Point", "coordinates": [ 99.015915119597778, 18.797475838461903 ] } },
{ "type": "Feature", "properties": { "source": "sv", "poi_id": "24602_right", "poi_name": "ง่อม เครือยนต์", "category_raw": "shop=car_repair", "category_std": "personal_service_repair", "category_std_th": "บริการส่วนบุคคลและงานซ่อม", "category_sub": "shop=car_repair", "category_sub_th": "อู่ซ่อมรถยนต์", "lat": 18.799554436570251, "lon": 99.014469701580495, "point_id": 24602, "side": "right", "pano_id": "jGGmPJvwQHKtS1jbsqXlFg", "heading": 56.063, "poi_names": "ง่อม เครือยนต์", "categories": "shop=car_repair", "poi_count": 1 }, "geometry": { "type": "Point", "coordinates": [ 99.014469701580495, 18.799554436570251 ] } },
{ "type": "Feature", "properties": { "source": "sv", "poi_id": "24603_left", "poi_name": "อิ่มหมี ชา", "category_raw": "amenity=cafe", "category_std": "food_beverage", "category_std_th": "อาหารและเครื่องดื่ม", "category_sub": "amenity=cafe", "category_sub_th": "ร้านกาแฟ", "lat": 18.799603563397103, "lon": 99.014206298396687, "point_id": 24603, "side": "left", "pano_id": "DF8oLLP_hZeO5zw2vuvN9Q", "heading": 236.063, "poi_names": "อิ่มหมี ชา", "categories": "amenity=cafe", "poi_count": 1 }, "geometry": { "type": "Point", "coordinates": [ 99.014206298396687, 18.799603563397103 ] } },
{ "type": "Feature", "properties": { "source": "sv", "poi_id": "24603_right", "poi_name": "พรภัณฑ์เฟอร์นิเจอร์", "category_raw": "shop=yes", "category_std": "retail_commerce", "category_std_th": "การค้าปลีกและร้านค้า", "category_sub": "shop=yes", "category_sub_th": "ร้านค้าไม่ระบุประเภทย่อย", "lat": 18.799704436569449, "lon": 99.014363701650197, "point_id": 24603, "side": "right", "pano_id": "DF8oLLP_hZeO5zw2vuvN9Q", "heading": 56.063, "poi_names": "พรภัณฑ์เฟอร์นิเจอร์", "categories": "shop=yes", "poi_count": 1 }, "geometry": { "type": "Point", "coordinates": [ 99.014363701650197, 18.799704436569449 ] } },
{ "type": "Feature", "properties": { "source": "sv", "poi_id": "24613_left", "poi_name": "iStation Auto", "category_raw": "shop=car_repair", "category_std": "personal_service_repair", "category_std_th": "บริการส่วนบุคคลและงานซ่อม", "category_sub": "shop=car_repair", "category_sub_th": "อู่ซ่อมรถยนต์", "lat": 18.787431009436592, "lon": 99.018160854171882, "point_id": 24613, "side": "left", "pano_id": "ASjqGaQr9XNPwY6jPsLnXw", "heading": 89.994, "poi_names": "iStation Auto", "categories": "shop=car_repair", "poi_count": 1 }, "geometry": { "type": "Point", "coordinates": [ 99.018160854171882, 18.787431009436592 ] } },
{ "type": "Feature", "properties": { "source": "sv", "poi_id": "24614_right", "poi_name": "แอลบีวี", "category_raw": "shop=yes", "category_std": "retail_commerce", "category_std_th": "การค้าปลีกและร้านค้า", "category_sub": "shop=yes", "category_sub_th": "ร้านค้าไม่ระบุประเภทย่อย", "lat": 18.787382055297403, "lon": 99.018058439005685, "point_id": 24614, "side": "right", "pano_id": "O2R-FXMcUV5uZmbGxZOHVA", "heading": 355.428, "poi_names": "แอลบีวี", "categories": "shop=yes", "poi_count": 1 }, "geometry": { "type": "Point", "coordinates": [ 99.018058439005685, 18.787382055297403 ] } },
{ "type": "Feature", "properties": { "source": "sv", "poi_id": "24636_right", "poi_name": "ข้าวมันไก่", "category_raw": "amenity=restaurant", "category_std": "food_beverage", "category_std_th": "อาหารและเครื่องดื่ม", "category_sub": "amenity=restaurant", "category_sub_th": "ร้านอาหาร", "lat": 18.7993091460974, "lon": 98.989650150249204, "point_id": 24636, "side": "right", "pano_id": "UsGIBZZ594ZSFdF4AlUBlg", "heading": 169.584, "poi_names": "ข้าวมันไก่", "categories": "amenity=restaurant", "poi_count": 1 }, "geometry": { "type": "Point", "coordinates": [ 98.989650150249204, 18.7993091460974 ] } },
{ "type": "Feature", "properties": { "source": "sv", "poi_id": "24642_right", "poi_name": "Glor Hotel", "category_raw": "tourism=hotel", "category_std": "tourism_culture", "category_std_th": "ที่พัก การท่องเที่ยว และวัฒนธรรม", "category_sub": "tourism=hotel", "category_sub_th": "โรงแรม", "lat": 18.797931487361399, "lon": 98.989944050489314, "point_id": 24642, "side": "right", "pano_id": "0D6u9iZ-ogF_i0K4PkDykA", "heading": 277.945, "poi_names": "Glor Hotel", "categories": "tourism=hotel", "poi_count": 1 }, "geometry": { "type": "Point", "coordinates": [ 98.989944050489314, 18.797931487361399 ] } },
{ "type": "Feature", "properties": { "source": "sv", "poi_id": "24643_right", "poi_name": "Lcrtue Cafe", "category_raw": "amenity=cafe", "category_std": "food_beverage", "category_std_th": "อาหารและเครื่องดื่ม", "category_sub": "amenity=cafe", "category_sub_th": "ร้านกาแฟ", "lat": 18.797751487361637, "lon": 98.989918050589182, "point_id": 24643, "side": "right", "pano_id": "K6m66r8wT5b626uCenvJdg", "heading": 277.945, "poi_names": "Lcrtue Cafe", "categories": "amenity=cafe", "poi_count": 1 }, "geometry": { "type": "Point", "coordinates": [ 98.989918050589182, 18.797751487361637 ] } },
{ "type": "Feature", "properties": { "source": "sv", "poi_id": "24653_left", "poi_name": "เมืองไทย แคปปิตอล จำกัด (มหาชน) | โรงเรียนเทศบาลวัดเชียงยืน", "category_raw": "office=financial, amenity=school", "category_std": "finance_insurance; education_religion", "category_std_th": "การเงินและประกันภัย; การศึกษาและศาสนา", "category_sub": "office=financial, amenity=school", "category_sub_th": "บริการทางการเงิน; โรงเรียน", "lat": 18.796323951727604, "lon": 98.989875716556, "point_id": 24653, "side": "left", "pano_id": "nHFjzYcW9wNhCjxGIKWGag", "heading": 86.858, "poi_names": "เมืองไทย แคปปิตอล จำกัด (มหาชน) | โรงเรียนเทศบาลวัดเชียงยืน", "categories": "office=financial, amenity=school", "poi_count": 2 }, "geometry": { "type": "Point", "coordinates": [ 98.989875716556, 18.796323951727604 ] } },
{ "type": "Feature", "properties": { "source": "sv", "poi_id": "24662_right", "poi_name": "โอ.พี.คอร์ท", "category_raw": "tourism=hotel", "category_std": "tourism_culture", "category_std_th": "ที่พัก การท่องเที่ยว และวัฒนธรรม", "category_sub": "tourism=hotel", "category_sub_th": "โรงแรม", "lat": 18.79883767143269, "lon": 98.989331822510593, "point_id": 24662, "side": "right", "pano_id": "VsOB0M5-pIZvP1W30NRlCA", "heading": 98.484, "poi_names": "โอ.พี.คอร์ท", "categories": "tourism=hotel", "poi_count": 1 }, "geometry": { "type": "Point", "coordinates": [ 98.989331822510593, 18.79883767143269 ] } },
{ "type": "Feature", "properties": { "source": "sv", "poi_id": "24670_left", "poi_name": "ชาแนอ เชชานม", "category_raw": "amenity=cafe", "category_std": "food_beverage", "category_std_th": "อาหารและเครื่องดื่ม", "category_sub": "amenity=cafe", "category_sub_th": "ร้านกาแฟ", "lat": 18.797177014599946, "lon": 98.98846397733476, "point_id": 24670, "side": "left", "pano_id": "MGLmVCRwvt-YsHz7R5PH8w", "heading": 62.286, "poi_names": "ชาแนอ เชชานม", "categories": "amenity=cafe", "poi_count": 1 }, "geometry": { "type": "Point", "coordinates": [ 98.98846397733476, 18.797177014599946 ] } },
{ "type": "Feature", "properties": { "source": "sv", "poi_id": "24697_left", "poi_name": "ที่นอน โซฟา", "category_raw": "shop=yes", "category_std": "retail_commerce", "category_std_th": "การค้าปลีกและร้านค้า", "category_sub": "shop=yes", "category_sub_th": "ร้านค้าไม่ระบุประเภทย่อย", "lat": 18.767863504951851, "lon": 98.983057888102536, "point_id": 24697, "side": "left", "pano_id": "86yGM2YFMDMhLlBO5fK21A", "heading": 7.81, "poi_names": "ที่นอน โซฟา", "categories": "shop=yes", "poi_count": 1 }, "geometry": { "type": "Point", "coordinates": [ 98.983057888102536, 18.767863504951851 ] } },
{ "type": "Feature", "properties": { "source": "sv", "poi_id": "24792_right", "poi_name": "ไข่มุกของชำ", "category_raw": "shop=convenience", "category_std": "retail_commerce", "category_std_th": "การค้าปลีกและร้านค้า", "category_sub": "shop=convenience", "category_sub_th": "ร้านสะดวกซื้อ", "lat": 18.788988449815761, "lon": 99.023686612999313, "point_id": 24792, "side": "right", "pano_id": "IAEA00d8lYnYwkJZ-7cOnQ", "heading": 85.906, "poi_names": "ไข่มุกของชำ", "categories": "shop=convenience", "poi_count": 1 }, "geometry": { "type": "Point", "coordinates": [ 99.023686612999313, 18.788988449815761 ] } },
{ "type": "Feature", "properties": { "source": "sv", "poi_id": "24978_right", "poi_name": "เพลซ", "category_raw": "tourism=hotel", "category_std": "tourism_culture", "category_std_th": "ที่พัก การท่องเที่ยว และวัฒนธรรม", "category_sub": "tourism=hotel", "category_sub_th": "โรงแรม", "lat": 18.762266845584438, "lon": 99.023009551290485, "point_id": 24978, "side": "right", "pano_id": "muGjliYUVtnjXo93cd-BDQ", "heading": 230.755, "poi_names": "เพลซ", "categories": "tourism=hotel", "poi_count": 1 }, "geometry": { "type": "Point", "coordinates": [ 99.023009551290485, 18.762266845584438 ] } },
{ "type": "Feature", "properties": { "source": "sv", "poi_id": "24979_right", "poi_name": "บริษัท ปาล์ม สปริงส์ | TOM ครบเครื่องเรื่องเงิน | ประกัน เงินด่วน", "category_raw": "office=company, office=financial, office=insurance", "category_std": "office_professional; finance_insurance", "category_std_th": "สำนักงานและบริการวิชาชีพ; การเงินและประกันภัย", "category_sub": "office=company, office=financial, office=insurance", "category_sub_th": "บริษัท; บริการทางการเงิน; บริษัทประกันภัย", "lat": 18.762158066024568, "lon": 99.023122733750796, "point_id": 24979, "side": "right", "pano_id": "DlL-71nqiT5a1asu1XFnOw", "heading": 197.974, "poi_names": "บริษัท ปาล์ม สปริงส์ | TOM ครบเครื่องเรื่องเงิน | ประกัน เงินด่วน", "categories": "office=company, office=financial, office=insurance", "poi_count": 3 }, "geometry": { "type": "Point", "coordinates": [ 99.023122733750796, 18.762158066024568 ] } },
{ "type": "Feature", "properties": { "source": "sv", "poi_id": "24980_right", "poi_name": "เชียงใหม่โฆษณา", "category_raw": "office=company", "category_std": "office_professional", "category_std_th": "สำนักงานและบริการวิชาชีพ", "category_sub": "office=company", "category_sub_th": "บริษัท", "lat": 18.762460940996341, "lon": 99.023951892701845, "point_id": 24980, "side": "right", "pano_id": "9mulP_H_2tg1YajTAsLJZg", "heading": 67.933, "poi_names": "เชียงใหม่โฆษณา", "categories": "office=company", "poi_count": 1 }, "geometry": { "type": "Point", "coordinates": [ 99.023951892701845, 18.762460940996341 ] } },
{ "type": "Feature", "properties": { "source": "sv", "poi_id": "25014_left", "poi_name": "อบ รีด", "category_raw": "shop=yes", "category_std": "retail_commerce", "category_std_th": "การค้าปลีกและร้านค้า", "category_sub": "shop=yes", "category_sub_th": "ร้านค้าไม่ระบุประเภทย่อย", "lat": 18.786615042725128, "lon": 98.997768185154115, "point_id": 25014, "side": "left", "pano_id": "YRXKJU6oomyao3ukz_HUzQ", "heading": 326.165, "poi_names": "อบ รีด", "categories": "shop=yes", "poi_count": 1 }, "geometry": { "type": "Point", "coordinates": [ 98.997768185154115, 18.786615042725128 ] } },
{ "type": "Feature", "properties": { "source": "sv", "poi_id": "25094_right", "poi_name": "ขนมจีนหล่มเก่า", "category_raw": "amenity=restaurant", "category_std": "food_beverage", "category_std_th": "อาหารและเครื่องดื่ม", "category_sub": "amenity=restaurant", "category_sub_th": "ร้านอาหาร", "lat": 18.762078858274322, "lon": 99.000087188591721, "point_id": 25094, "side": "right", "pano_id": "va_hgZGiJwGN8KLdHZlEOg", "heading": 354.062, "poi_names": "ขนมจีนหล่มเก่า", "categories": "amenity=restaurant", "poi_count": 1 }, "geometry": { "type": "Point", "coordinates": [ 99.000087188591721, 18.762078858274322 ] } },
{ "type": "Feature", "properties": { "source": "sv", "poi_id": "25106_right", "poi_name": "หอพัก 68", "category_raw": "tourism=guest_house", "category_std": "tourism_culture", "category_std_th": "ที่พัก การท่องเที่ยว และวัฒนธรรม", "category_sub": "tourism=guest_house", "category_sub_th": "เกสต์เฮาส์", "lat": 18.761663169579091, "lon": 98.998365371157362, "point_id": 25106, "side": "right", "pano_id": "Xyf8EDPegVFcYLuOaHnNHA", "heading": 324.087, "poi_names": "หอพัก 68", "categories": "tourism=guest_house", "poi_count": 1 }, "geometry": { "type": "Point", "coordinates": [ 98.998365371157362, 18.761663169579091 ] } },
{ "type": "Feature", "properties": { "source": "sv", "poi_id": "25111_left", "poi_name": "Kiddee", "category_raw": "shop=yes", "category_std": "retail_commerce", "category_std_th": "การค้าปลีกและร้านค้า", "category_sub": "shop=yes", "category_sub_th": "ร้านค้าไม่ระบุประเภทย่อย", "lat": 18.775792539841209, "lon": 98.999724226471102, "point_id": 25111, "side": "left", "pano_id": "5ElhT3BCDgWg04KKc90Oqw", "heading": 171.984, "poi_names": "Kiddee", "categories": "shop=yes", "poi_count": 1 }, "geometry": { "type": "Point", "coordinates": [ 98.999724226471102, 18.775792539841209 ] } },
{ "type": "Feature", "properties": { "source": "sv", "poi_id": "25126_right", "poi_name": "Twin Peaks | C9 Spa | C9 Cafe", "category_raw": "tourism=hotel, shop=beauty, amenity=cafe", "category_std": "tourism_culture; personal_service_repair; food_beverage", "category_std_th": "ที่พัก การท่องเที่ยว และวัฒนธรรม; บริการส่วนบุคคลและงานซ่อม; อาหารและเครื่องดื่ม", "category_sub": "tourism=hotel, shop=beauty, amenity=cafe", "category_sub_th": "โรงแรม; ร้านเสริมสวย; ร้านกาแฟ", "lat": 18.779330078519461, "lon": 98.99957225036286, "point_id": 25126, "side": "right", "pano_id": "MrtnoxIfoidFkLelPGWiYw", "heading": 4.384, "poi_names": "Twin Peaks | C9 Spa | C9 Cafe", "categories": "tourism=hotel, shop=beauty, amenity=cafe", "poi_count": 3 }, "geometry": { "type": "Point", "coordinates": [ 98.99957225036286, 18.779330078519461 ] } },
{ "type": "Feature", "properties": { "source": "sv", "poi_id": "25209_right", "poi_name": "โจ๊ก", "category_raw": "amenity=restaurant", "category_std": "food_beverage", "category_std_th": "อาหารและเครื่องดื่ม", "category_sub": "amenity=restaurant", "category_sub_th": "ร้านอาหาร", "lat": 18.797817331526119, "lon": 99.009052452870861, "point_id": 25209, "side": "right", "pano_id": "0zLDNRCe0fa_OQbOpQMQew", "heading": 149.284, "poi_names": "โจ๊ก", "categories": "amenity=restaurant", "poi_count": 1 }, "geometry": { "type": "Point", "coordinates": [ 99.009052452870861, 18.797817331526119 ] } },
{ "type": "Feature", "properties": { "source": "sv", "poi_id": "25234_left", "poi_name": "ฟาร์ม่าซ้อยซ์", "category_raw": "amenity=pharmacy", "category_std": "health", "category_std_th": "สุขภาพและการแพทย์", "category_sub": "amenity=pharmacy", "category_sub_th": "ร้านขายยา", "lat": 18.799586194051024, "lon": 99.011916487805834, "point_id": 25234, "side": "left", "pano_id": "92H1BXMf-JoGQiWgSHoR0g", "heading": 329.943, "poi_names": "ฟาร์ม่าซ้อยซ์", "categories": "amenity=pharmacy", "poi_count": 1 }, "geometry": { "type": "Point", "coordinates": [ 99.011916487805834, 18.799586194051024 ] } },
{ "type": "Feature", "properties": { "source": "sv", "poi_id": "25234_right", "poi_name": "โรงเรียนดาราวิทยาลัย", "category_raw": "amenity=school", "category_std": "education_religion", "category_std_th": "การศึกษาและศาสนา", "category_sub": "amenity=school", "category_sub_th": "โรงเรียน", "lat": 18.799429805936228, "lon": 99.012011512150295, "point_id": 25234, "side": "right", "pano_id": "92H1BXMf-JoGQiWgSHoR0g", "heading": 149.943, "poi_names": "โรงเรียนดาราวิทยาลัย", "categories": "amenity=school", "poi_count": 1 }, "geometry": { "type": "Point", "coordinates": [ 99.012011512150295, 18.799429805936228 ] } },
{ "type": "Feature", "properties": { "source": "sv", "poi_id": "25242_right", "poi_name": "Coffee Anmir", "category_raw": "amenity=cafe", "category_std": "food_beverage", "category_std_th": "อาหารและเครื่องดื่ม", "category_sub": "amenity=cafe", "category_sub_th": "ร้านกาแฟ", "lat": 18.800005633294013, "lon": 99.012943354083461, "point_id": 25242, "side": "right", "pano_id": "DgwaGmTNUcyYmY9EQvStUA", "heading": 144.301, "poi_names": "Coffee Anmir", "categories": "amenity=cafe", "poi_count": 1 }, "geometry": { "type": "Point", "coordinates": [ 99.012943354083461, 18.800005633294013 ] } },
{ "type": "Feature", "properties": { "source": "sv", "poi_id": "25274_right", "poi_name": "บุรีสแควร์", "category_raw": "shop=yes", "category_std": "retail_commerce", "category_std_th": "การค้าปลีกและร้านค้า", "category_sub": "shop=yes", "category_sub_th": "ร้านค้าไม่ระบุประเภทย่อย", "lat": 18.78821624500037, "lon": 99.000227742049205, "point_id": 25274, "side": "right", "pano_id": "uDLA-iloo34kNTVry44qIw", "heading": 8.941, "poi_names": "บุรีสแควร์", "categories": "shop=yes", "poi_count": 1 }, "geometry": { "type": "Point", "coordinates": [ 99.000227742049205, 18.78821624500037 ] } },
{ "type": "Feature", "properties": { "source": "sv", "poi_id": "25279_right", "poi_name": "Vio Massage", "category_raw": "shop=massage", "category_std": "personal_service_repair", "category_std_th": "บริการส่วนบุคคลและงานซ่อม", "category_sub": "shop=massage", "category_sub_th": "ร้านนวด", "lat": 18.788072732205176, "lon": 98.994691990801556, "point_id": 25279, "side": "right", "pano_id": "oMucynr2QLvMaMUV67hn_w", "heading": 353.335, "poi_names": "Vio Massage", "categories": "shop=massage", "poi_count": 1 }, "geometry": { "type": "Point", "coordinates": [ 98.994691990801556, 18.788072732205176 ] } },
{ "type": "Feature", "properties": { "source": "sv", "poi_id": "25280_right", "poi_name": "dentat4u", "category_raw": "amenity=dentist", "category_std": "health", "category_std_th": "สุขภาพและการแพทย์", "category_sub": "amenity=dentist", "category_sub_th": "คลินิกทันตกรรม", "lat": 18.788057129786896, "lon": 98.994549490634114, "point_id": 25280, "side": "right", "pano_id": "a2kCdzUqHZdNmejlITrsKg", "heading": 356.065, "poi_names": "dentat4u", "categories": "amenity=dentist", "poi_count": 1 }, "geometry": { "type": "Point", "coordinates": [ 98.994549490634114, 18.788057129786896 ] } },
{ "type": "Feature", "properties": { "source": "sv", "poi_id": "25281_right", "poi_name": "cafe aaozan | jinen4u", "category_raw": "amenity=cafe, shop=yes", "category_std": "food_beverage; retail_commerce", "category_std_th": "อาหารและเครื่องดื่ม; การค้าปลีกและร้านค้า", "category_sub": "amenity=cafe, shop=yes", "category_sub_th": "ร้านกาแฟ; ร้านค้าไม่ระบุประเภทย่อย", "lat": 18.78804520479008, "lon": 98.994367759626115, "point_id": 25281, "side": "right", "pano_id": "asMPrfQ2J7xBNP7CcWSZ2A", "heading": 356.833, "poi_names": "cafe aaozan | jinen4u", "categories": "amenity=cafe, shop=yes", "poi_count": 2 }, "geometry": { "type": "Point", "coordinates": [ 98.994367759626115, 18.78804520479008 ] } },
{ "type": "Feature", "properties": { "source": "sv", "poi_id": "25309_left", "poi_name": "Hama", "category_raw": "shop=yes", "category_std": "retail_commerce", "category_std_th": "การค้าปลีกและร้านค้า", "category_sub": "shop=yes", "category_sub_th": "ร้านค้าไม่ระบุประเภทย่อย", "lat": 18.789219043119388, "lon": 98.964598344574043, "point_id": 25309, "side": "left", "pano_id": "H8bdDyigl5zAesKXH0Xp0w", "heading": 193.197, "poi_names": "Hama", "categories": "shop=yes", "poi_count": 1 }, "geometry": { "type": "Point", "coordinates": [ 98.964598344574043, 18.789219043119388 ] } },
{ "type": "Feature", "properties": { "source": "sv", "poi_id": "25376_right", "poi_name": "Davin Caffeinated", "category_raw": "amenity=cafe", "category_std": "food_beverage", "category_std_th": "อาหารและเครื่องดื่ม", "category_sub": "amenity=cafe", "category_sub_th": "ร้านกาแฟ", "lat": 18.76594976246059, "lon": 99.005086031972795, "point_id": 25376, "side": "right", "pano_id": "CAoSFkNJSE0wb2dLRUlDQWdJRHFyZXJ3Q3c.", "heading": 262.215, "poi_names": "Davin Caffeinated", "categories": "amenity=cafe", "poi_count": 1 }, "geometry": { "type": "Point", "coordinates": [ 99.005086031972795, 18.76594976246059 ] } },
{ "type": "Feature", "properties": { "source": "sv", "poi_id": "25507_left", "poi_name": "Yan Languages School", "category_raw": "amenity=school", "category_std": "education_religion", "category_std_th": "การศึกษาและศาสนา", "category_sub": "amenity=school", "category_sub_th": "โรงเรียน", "lat": 18.794999108091293, "lon": 98.966783967301879, "point_id": 25507, "side": "left", "pano_id": "RLvghNh1l3iPGPPJY9kuBg", "heading": 12.77, "poi_names": "Yan Languages School", "categories": "amenity=school", "poi_count": 1 }, "geometry": { "type": "Point", "coordinates": [ 98.966783967301879, 18.794999108091293 ] } },
{ "type": "Feature", "properties": { "source": "sv", "poi_id": "25517_left", "poi_name": "กสิสิน คลินิก", "category_raw": "amenity=clinic", "category_std": "health", "category_std_th": "สุขภาพและการแพทย์", "category_sub": "amenity=clinic", "category_sub_th": "คลินิก", "lat": 18.794630183778555, "lon": 98.968496613498317, "point_id": 25517, "side": "left", "pano_id": "C7JVYOG7ovv89VQAb6ZWRQ", "heading": 12.551, "poi_names": "กสิสิน คลินิก", "categories": "amenity=clinic", "poi_count": 1 }, "geometry": { "type": "Point", "coordinates": [ 98.968496613498317, 18.794630183778555 ] } },
{ "type": "Feature", "properties": { "source": "sv", "poi_id": "25550_left", "poi_name": "วัดเชียงใหม่", "category_raw": "amenity=place_of_worship", "category_std": "education_religion", "category_std_th": "การศึกษาและศาสนา", "category_sub": "amenity=place_of_worship", "category_sub_th": "ศาสนสถาน", "lat": 18.773520950058195, "lon": 98.98560459052608, "point_id": 25550, "side": "left", "pano_id": "toWD3Yt113ECW0qmIPYtKg", "heading": 10.074, "poi_names": "วัดเชียงใหม่", "categories": "amenity=place_of_worship", "poi_count": 1 }, "geometry": { "type": "Point", "coordinates": [ 98.98560459052608, 18.773520950058195 ] } },
{ "type": "Feature", "properties": { "source": "sv", "poi_id": "25604_right", "poi_name": "ชายหาน", "category_raw": "amenity=restaurant", "category_std": "food_beverage", "category_std_th": "อาหารและเครื่องดื่ม", "category_sub": "amenity=restaurant", "category_sub_th": "ร้านอาหาร", "lat": 18.775203496031025, "lon": 98.987563375448076, "point_id": 25604, "side": "right", "pano_id": "5RWiGfFKxikRFRC025HtyA", "heading": 48.81, "poi_names": "ชายหาน", "categories": "amenity=restaurant", "poi_count": 1 }, "geometry": { "type": "Point", "coordinates": [ 98.987563375448076, 18.775203496031025 ] } },
{ "type": "Feature", "properties": { "source": "sv", "poi_id": "25657_right", "poi_name": "ศูนย์คัดแยกวัสดุเหลือใช้ ชุมชนวัดศรีปิงเมือง", "category_raw": "office=government", "category_std": "office_professional", "category_std_th": "สำนักงานและบริการวิชาชีพ", "category_sub": "office=government", "category_sub_th": "หน่วยงานราชการ", "lat": 18.771420094677797, "lon": 98.982061852658944, "point_id": 25657, "side": "right", "pano_id": "LFhZ558gX3BAby74d2b0Tw", "heading": 169.765, "poi_names": "ศูนย์คัดแยกวัสดุเหลือใช้ ชุมชนวัดศรีปิงเมือง", "categories": "office=government", "poi_count": 1 }, "geometry": { "type": "Point", "coordinates": [ 98.982061852658944, 18.771420094677797 ] } },
{ "type": "Feature", "properties": { "source": "sv", "poi_id": "25702_left", "poi_name": "ศูนย์พัฒนาเด็กเล็กเทศบาลนครเชียงใหม่", "category_raw": "amenity=school", "category_std": "education_religion", "category_std_th": "การศึกษาและศาสนา", "category_sub": "amenity=school", "category_sub_th": "โรงเรียน", "lat": 18.79005269955756, "lon": 98.984458375307966, "point_id": 25702, "side": "left", "pano_id": "_PKZUT3EU_baGawHlOt3wg", "heading": 266.001, "poi_names": "ศูนย์พัฒนาเด็กเล็กเทศบาลนครเชียงใหม่", "categories": "amenity=school", "poi_count": 1 }, "geometry": { "type": "Point", "coordinates": [ 98.984458375307966, 18.79005269955756 ] } },
{ "type": "Feature", "properties": { "source": "sv", "poi_id": "25708_right", "poi_name": "แอเลเวล", "category_raw": "shop=yes", "category_std": "retail_commerce", "category_std_th": "การค้าปลีกและร้านค้า", "category_sub": "shop=yes", "category_sub_th": "ร้านค้าไม่ระบุประเภทย่อย", "lat": 18.789752562718945, "lon": 98.984727385629327, "point_id": 25708, "side": "right", "pano_id": "lRw_PnQgkglapJJJd7orbw", "heading": 265.914, "poi_names": "แอเลเวล", "categories": "shop=yes", "poi_count": 1 }, "geometry": { "type": "Point", "coordinates": [ 98.984727385629327, 18.789752562718945 ] } },
{ "type": "Feature", "properties": { "source": "sv", "poi_id": "25875_left", "poi_name": "ริมปิงซุปเปอร์มาร์เก็ต", "category_raw": "shop=supermarket", "category_std": "retail_commerce", "category_std_th": "การค้าปลีกและร้านค้า", "category_sub": "shop=supermarket", "category_sub_th": "ซูเปอร์มาร์เก็ต", "lat": 18.78334723593926, "lon": 99.005483925325805, "point_id": 25875, "side": "left", "pano_id": "xsfIfn3OtZC0PVxMn_rYVw", "heading": 63.553, "poi_names": "ริมปิงซุปเปอร์มาร์เก็ต", "categories": "shop=supermarket", "poi_count": 1 }, "geometry": { "type": "Point", "coordinates": [ 99.005483925325805, 18.78334723593926 ] } },
{ "type": "Feature", "properties": { "source": "sv", "poi_id": "25877_left", "poi_name": "เมืองไทย แคปปิตอล", "category_raw": "office=financial", "category_std": "finance_insurance", "category_std_th": "การเงินและประกันภัย", "category_sub": "office=financial", "category_sub_th": "บริการทางการเงิน", "lat": 18.783023235940643, "lon": 99.005652925163446, "point_id": 25877, "side": "left", "pano_id": "MCpFFMwl87zC2BsBsrcy0g", "heading": 63.553, "poi_names": "เมืองไทย แคปปิตอล", "categories": "office=financial", "poi_count": 1 }, "geometry": { "type": "Point", "coordinates": [ 99.005652925163446, 18.783023235940643 ] } },
{ "type": "Feature", "properties": { "source": "sv", "poi_id": "25898_left", "poi_name": "Tops", "category_raw": "shop=supermarket", "category_std": "retail_commerce", "category_std_th": "การค้าปลีกและร้านค้า", "category_sub": "shop=supermarket", "category_sub_th": "ซูเปอร์มาร์เก็ต", "lat": 18.780664740833995, "lon": 99.006969119556047, "point_id": 25898, "side": "left", "pano_id": "hChIUJPk7sKzSdViRuqdOg", "heading": 62.482, "poi_names": "Tops", "categories": "shop=supermarket", "poi_count": 1 }, "geometry": { "type": "Point", "coordinates": [ 99.006969119556047, 18.780664740833995 ] } },
{ "type": "Feature", "properties": { "source": "sv", "poi_id": "25910_left", "poi_name": "กองพันทหารราบที่ 2 กรมทหารราบที่ 7 ค่ายกาวิละ", "category_raw": "office=government", "category_std": "office_professional", "category_std_th": "สำนักงานและบริการวิชาชีพ", "category_sub": "office=government", "category_sub_th": "หน่วยงานราชการ", "lat": 18.778881889549069, "lon": 99.007674023138264, "point_id": 25910, "side": "left", "pano_id": "_yZCKAcdBc85GgCXUgYYEA", "heading": 75.978, "poi_names": "กองพันทหารราบที่ 2 กรมทหารราบที่ 7 ค่ายกาวิละ", "categories": "office=government", "poi_count": 1 }, "geometry": { "type": "Point", "coordinates": [ 99.007674023138264, 18.778881889549069 ] } },
{ "type": "Feature", "properties": { "source": "sv", "poi_id": "25910_right", "poi_name": "อนุสาวรีย์พระเจ้ากาวิละ", "category_raw": "tourism=attraction", "category_std": "tourism_culture", "category_std_th": "ที่พัก การท่องเที่ยว และวัฒนธรรม", "category_sub": "tourism=attraction", "category_sub_th": "แหล่งท่องเที่ยว", "lat": 18.778838110405569, "lon": 99.007489976885495, "point_id": 25910, "side": "right", "pano_id": "_yZCKAcdBc85GgCXUgYYEA", "heading": 255.978, "poi_names": "อนุสาวรีย์พระเจ้ากาวิละ", "categories": "tourism=attraction", "poi_count": 1 }, "geometry": { "type": "Point", "coordinates": [ 99.007489976885495, 18.778838110405569 ] } },
{ "type": "Feature", "properties": { "source": "sv", "poi_id": "25924_right", "poi_name": "ออนเกน", "category_raw": "amenity=restaurant", "category_std": "food_beverage", "category_std_th": "อาหารและเครื่องดื่ม", "category_sub": "amenity=restaurant", "category_sub_th": "ร้านอาหาร", "lat": 18.776840598288437, "lon": 99.007632232348001, "point_id": 25924, "side": "right", "pano_id": "TL1oynHFCqDdHk-qLWLaLg", "heading": 278.657, "poi_names": "ออนเกน", "categories": "amenity=restaurant", "poi_count": 1 }, "geometry": { "type": "Point", "coordinates": [ 99.007632232348001, 18.776840598288437 ] } },
{ "type": "Feature", "properties": { "source": "sv", "poi_id": "25927_right", "poi_name": "ณฐการ", "category_raw": "shop=yes", "category_std": "retail_commerce", "category_std_th": "การค้าปลีกและร้านค้า", "category_sub": "shop=yes", "category_sub_th": "ร้านค้าไม่ระบุประเภทย่อย", "lat": 18.776506575530554, "lon": 99.0076273702213, "point_id": 25927, "side": "right", "pano_id": "ozY02e12fNZYRaG3ZpeUeA", "heading": 257.584, "poi_names": "ณฐการ", "categories": "shop=yes", "poi_count": 1 }, "geometry": { "type": "Point", "coordinates": [ 99.0076273702213, 18.776506575530554 ] } },
{ "type": "Feature", "properties": { "source": "sv", "poi_id": "25983_right", "poi_name": "Glory", "category_raw": "shop=yes", "category_std": "retail_commerce", "category_std_th": "การค้าปลีกและร้านค้า", "category_sub": "shop=yes", "category_sub_th": "ร้านค้าไม่ระบุประเภทย่อย", "lat": 18.799609467938549, "lon": 98.984295321111617, "point_id": 25983, "side": "right", "pano_id": "rEUyV2swYem5W00wQlHjNw", "heading": 187.681, "poi_names": "Glory", "categories": "shop=yes", "poi_count": 1 }, "geometry": { "type": "Point", "coordinates": [ 98.984295321111617, 18.799609467938549 ] } },
{ "type": "Feature", "properties": { "source": "sv", "poi_id": "26090_left", "poi_name": "Mobil", "category_raw": "shop=car_repair", "category_std": "personal_service_repair", "category_std_th": "บริการส่วนบุคคลและงานซ่อม", "category_sub": "shop=car_repair", "category_sub_th": "อู่ซ่อมรถยนต์", "lat": 18.767422625714836, "lon": 98.986400246344402, "point_id": 26090, "side": "left", "pano_id": "_npo8b-1KAIE4N99Lnrxbg", "heading": 18.597, "poi_names": "Mobil", "categories": "shop=car_repair", "poi_count": 1 }, "geometry": { "type": "Point", "coordinates": [ 98.986400246344402, 18.767422625714836 ] } },
{ "type": "Feature", "properties": { "source": "sv", "poi_id": "26149_right", "poi_name": "แรมฟืน ข้าวซอยน้อย", "category_raw": "amenity=restaurant", "category_std": "food_beverage", "category_std_th": "อาหารและเครื่องดื่ม", "category_sub": "amenity=restaurant", "category_sub_th": "ร้านอาหาร", "lat": 18.795624866303459, "lon": 98.991730639881581, "point_id": 26149, "side": "right", "pano_id": "8TePYc9E6LQPT9yMGVOL4g", "heading": 93.893, "poi_names": "แรมฟืน ข้าวซอยน้อย", "categories": "amenity=restaurant", "poi_count": 1 }, "geometry": { "type": "Point", "coordinates": [ 98.991730639881581, 18.795624866303459 ] } },
{ "type": "Feature", "properties": { "source": "sv", "poi_id": "26187_right", "poi_name": "Kumon", "category_raw": "amenity=school", "category_std": "education_religion", "category_std_th": "การศึกษาและศาสนา", "category_sub": "amenity=school", "category_sub_th": "โรงเรียน", "lat": 18.802157159374488, "lon": 98.984915960921924, "point_id": 26187, "side": "right", "pano_id": "ufk5csNDP4FXq-92OOm-iw", "heading": 356.35, "poi_names": "Kumon", "categories": "amenity=school", "poi_count": 1 }, "geometry": { "type": "Point", "coordinates": [ 98.984915960921924, 18.802157159374488 ] } },
{ "type": "Feature", "properties": { "source": "sv", "poi_id": "26189_left", "poi_name": "Tops", "category_raw": "shop=supermarket", "category_std": "retail_commerce", "category_std_th": "การค้าปลีกและร้านค้า", "category_sub": "shop=supermarket", "category_sub_th": "ซูเปอร์มาร์เก็ต", "lat": 18.801953840624229, "lon": 98.984549039070842, "point_id": 26189, "side": "left", "pano_id": "qd9gwQPYu7r8pTjAk-KW1w", "heading": 176.35, "poi_names": "Tops", "categories": "shop=supermarket", "poi_count": 1 }, "geometry": { "type": "Point", "coordinates": [ 98.984549039070842, 18.801953840624229 ] } },
{ "type": "Feature", "properties": { "source": "sv", "poi_id": "26288_left", "poi_name": "the experts in pest control", "category_raw": "office=company", "category_std": "office_professional", "category_std_th": "สำนักงานและบริการวิชาชีพ", "category_sub": "office=company", "category_sub_th": "บริษัท", "lat": 18.765142925176058, "lon": 98.993033686396117, "point_id": 26288, "side": "left", "pano_id": "qXOxLJMMj4KgT3Vdw4oO9w", "heading": 319.723, "poi_names": "the experts in pest control", "categories": "office=company", "poi_count": 1 }, "geometry": { "type": "Point", "coordinates": [ 98.993033686396117, 18.765142925176058 ] } },
{ "type": "Feature", "properties": { "source": "sv", "poi_id": "26381_right", "poi_name": "พรสินทรัพย์", "category_raw": "office=company", "category_std": "office_professional", "category_std_th": "สำนักงานและบริการวิชาชีพ", "category_sub": "office=company", "category_sub_th": "บริษัท", "lat": 18.800793514678748, "lon": 99.016402549288841, "point_id": 26381, "side": "right", "pano_id": "MLt7lpJ2CxLBL51wGzCHwA", "heading": 233.699, "poi_names": "พรสินทรัพย์", "categories": "office=company", "poi_count": 1 }, "geometry": { "type": "Point", "coordinates": [ 99.016402549288841, 18.800793514678748 ] } },
{ "type": "Feature", "properties": { "source": "sv", "poi_id": "26412_right", "poi_name": "อารียา แมนชั่น", "category_raw": "tourism=hotel", "category_std": "tourism_culture", "category_std_th": "ที่พัก การท่องเที่ยว และวัฒนธรรม", "category_sub": "tourism=hotel", "category_sub_th": "โรงแรม", "lat": 18.792986379250998, "lon": 98.9541596157801, "point_id": 26412, "side": "right", "pano_id": "jxnl07y9C4R1sZ1Q5iJbIw", "heading": 112.533, "poi_names": "อารียา แมนชั่น", "categories": "tourism=hotel", "poi_count": 1 }, "geometry": { "type": "Point", "coordinates": [ 98.9541596157801, 18.792986379250998 ] } },
{ "type": "Feature", "properties": { "source": "sv", "poi_id": "26454_left", "poi_name": "แก๊สและอุปกรณ์ | ข้าวสาร ไข่ไก่ กล่องกระดาษ", "category_raw": "shop=yes, shop=convenience", "category_std": "retail_commerce", "category_std_th": "การค้าปลีกและร้านค้า", "category_sub": "shop=yes, shop=convenience", "category_sub_th": "ร้านค้าไม่ระบุประเภทย่อย; ร้านสะดวกซื้อ", "lat": 18.764020886204356, "lon": 99.026395466110785, "point_id": 26454, "side": "left", "pano_id": "qBhedwVyQoBdfCGMZk0oig", "heading": 74.669, "poi_names": "แก๊สและอุปกรณ์ | ข้าวสาร ไข่ไก่ กล่องกระดาษ", "categories": "shop=yes, shop=convenience", "poi_count": 2 }, "geometry": { "type": "Point", "coordinates": [ 99.026395466110785, 18.764020886204356 ] } },
{ "type": "Feature", "properties": { "source": "sv", "poi_id": "26476_left", "poi_name": "Opachara Kruavit", "category_raw": "amenity=restaurant", "category_std": "food_beverage", "category_std_th": "อาหารและเครื่องดื่ม", "category_sub": "amenity=restaurant", "category_sub_th": "ร้านอาหาร", "lat": 18.813900295053312, "lon": 98.992639250951541, "point_id": 26476, "side": "left", "pano_id": "CAoSF0NJSE0wb2dLRUlDQWdJREw0WlM3NUFF", "heading": 173.189, "poi_names": "Opachara Kruavit", "categories": "amenity=restaurant", "poi_count": 1 }, "geometry": { "type": "Point", "coordinates": [ 98.992639250951541, 18.813900295053312 ] } },
{ "type": "Feature", "properties": { "source": "sv", "poi_id": "26521_right", "poi_name": "ร้านแว่นตา", "category_raw": "shop=yes", "category_std": "retail_commerce", "category_std_th": "การค้าปลีกและร้านค้า", "category_sub": "shop=yes", "category_sub_th": "ร้านค้าไม่ระบุประเภทย่อย", "lat": 18.76329766170149, "lon": 99.024922011424565, "point_id": 26521, "side": "right", "pano_id": "BwluTYaRtdNyH6n1GXcc8Q", "heading": 68.124, "poi_names": "ร้านแว่นตา", "categories": "shop=yes", "poi_count": 1 }, "geometry": { "type": "Point", "coordinates": [ 99.024922011424565, 18.76329766170149 ] } },
{ "type": "Feature", "properties": { "source": "sv", "poi_id": "26583_left", "poi_name": "หมอสุภัทร์ชัย", "category_raw": "amenity=dentist", "category_std": "health", "category_std_th": "สุขภาพและการแพทย์", "category_sub": "amenity=dentist", "category_sub_th": "คลินิกทันตกรรม", "lat": 18.763478499799241, "lon": 99.024728791664245, "point_id": 26583, "side": "left", "pano_id": "hUy5_GS0Nq88F_wDr8NntQ", "heading": 337.556, "poi_names": "หมอสุภัทร์ชัย", "categories": "amenity=dentist", "poi_count": 1 }, "geometry": { "type": "Point", "coordinates": [ 99.024728791664245, 18.763478499799241 ] } },
{ "type": "Feature", "properties": { "source": "sv", "poi_id": "26729_left", "poi_name": "อรสิริน วิลเลจ โชตนา", "category_raw": "office=company", "category_std": "office_professional", "category_std_th": "สำนักงานและบริการวิชาชีพ", "category_sub": "office=company", "category_sub_th": "บริษัท", "lat": 18.835755542846176, "lon": 98.97979140538736, "point_id": 26729, "side": "left", "pano_id": "uUHJU4vYLtNJw7GOZlXiGw", "heading": 352.372, "poi_names": "อรสิริน วิลเลจ โชตนา", "categories": "office=company", "poi_count": 1 }, "geometry": { "type": "Point", "coordinates": [ 98.97979140538736, 18.835755542846176 ] } },
{ "type": "Feature", "properties": { "source": "sv", "poi_id": "26767_left", "poi_name": "Junnniis Coffee", "category_raw": "amenity=cafe", "category_std": "food_beverage", "category_std_th": "อาหารและเครื่องดื่ม", "category_sub": "amenity=cafe", "category_sub_th": "ร้านกาแฟ", "lat": 18.837080478363188, "lon": 98.977273190104356, "point_id": 26767, "side": "left", "pano_id": "wWmxAIjSF53ruVPuYUuR3A", "heading": 267.766, "poi_names": "Junnniis Coffee", "categories": "amenity=cafe", "poi_count": 1 }, "geometry": { "type": "Point", "coordinates": [ 98.977273190104356, 18.837080478363188 ] } },
{ "type": "Feature", "properties": { "source": "sv", "poi_id": "26811_left", "poi_name": "สหกรณ์เครดิตยูเนี่ยนคุรุสภาอำเภอเมืองเชียงใหม่", "category_raw": "office=financial", "category_std": "finance_insurance", "category_std_th": "การเงินและประกันภัย", "category_sub": "office=financial", "category_sub_th": "บริการทางการเงิน", "lat": 18.835153367847347, "lon": 98.975978373901, "point_id": 26811, "side": "left", "pano_id": "NcwwUb4sySrL6N8mP1k0XA", "heading": 168.834, "poi_names": "สหกรณ์เครดิตยูเนี่ยนคุรุสภาอำเภอเมืองเชียงใหม่", "categories": "office=financial", "poi_count": 1 }, "geometry": { "type": "Point", "coordinates": [ 98.975978373901, 18.835153367847347 ] } },
{ "type": "Feature", "properties": { "source": "sv", "poi_id": "27032_right", "poi_name": "book", "category_raw": "shop=yes", "category_std": "retail_commerce", "category_std_th": "การค้าปลีกและร้านค้า", "category_sub": "shop=yes", "category_sub_th": "ร้านค้าไม่ระบุประเภทย่อย", "lat": 18.788110818566341, "lon": 98.995681679357361, "point_id": 27032, "side": "right", "pano_id": "5hu8LiRp84_YewhXjdzOXw", "heading": 259.682, "poi_names": "book", "categories": "shop=yes", "poi_count": 1 }, "geometry": { "type": "Point", "coordinates": [ 98.995681679357361, 18.788110818566341 ] } },
{ "type": "Feature", "properties": { "source": "sv", "poi_id": "27181_left", "poi_name": "โรงเรียนกาวิละวิทยาลัย", "category_raw": "amenity=school", "category_std": "education_religion", "category_std_th": "การศึกษาและศาสนา", "category_sub": "amenity=school", "category_sub_th": "โรงเรียน", "lat": 18.765007113210064, "lon": 99.024057262255241, "point_id": 27181, "side": "left", "pano_id": "2zKN4w7RMmk_wztVAq6w6A", "heading": 249.332, "poi_names": "โรงเรียนกาวิละวิทยาลัย", "categories": "amenity=school", "poi_count": 1 }, "geometry": { "type": "Point", "coordinates": [ 99.024057262255241, 18.765007113210064 ] } },
{ "type": "Feature", "properties": { "source": "sv", "poi_id": "27186_left", "poi_name": "ร้านมะพร้าวดูดยอด", "category_raw": "amenity=cafe", "category_std": "food_beverage", "category_std_th": "อาหารและเครื่องดื่ม", "category_sub": "amenity=cafe", "category_sub_th": "ร้านกาแฟ", "lat": 18.798087262577088, "lon": 99.000266937516741, "point_id": 27186, "side": "left", "pano_id": "tGrDSvFkMIn2UyjMShdSRw", "heading": 137.622, "poi_names": "ร้านมะพร้าวดูดยอด", "categories": "amenity=cafe", "poi_count": 1 }, "geometry": { "type": "Point", "coordinates": [ 99.000266937516741, 18.798087262577088 ] } },
{ "type": "Feature", "properties": { "source": "sv", "poi_id": "27211_left", "poi_name": "สกรีนเสื้อ", "category_raw": "shop=clothes", "category_std": "retail_commerce", "category_std_th": "การค้าปลีกและร้านค้า", "category_sub": "shop=clothes", "category_sub_th": "ร้านเสื้อผ้า", "lat": 18.780806700858143, "lon": 98.981253413726023, "point_id": 27211, "side": "left", "pano_id": "zDw46hfk6C8xBeyl5hTHng", "heading": 279.365, "poi_names": "สกรีนเสื้อ", "categories": "shop=clothes", "poi_count": 1 }, "geometry": { "type": "Point", "coordinates": [ 98.981253413726023, 18.780806700858143 ] } },
{ "type": "Feature", "properties": { "source": "sv", "poi_id": "27216_left", "poi_name": "แดงกลอน", "category_raw": "shop=yes", "category_std": "retail_commerce", "category_std_th": "การค้าปลีกและร้านค้า", "category_sub": "shop=yes", "category_sub_th": "ร้านค้าไม่ระบุประเภทย่อย", "lat": 18.767746794358505, "lon": 98.982302005642239, "point_id": 27216, "side": "left", "pano_id": "XE5WGBdOYragmurnL2Sgog", "heading": 110.207, "poi_names": "แดงกลอน", "categories": "shop=yes", "poi_count": 1 }, "geometry": { "type": "Point", "coordinates": [ 98.982302005642239, 18.767746794358505 ] } },
{ "type": "Feature", "properties": { "source": "sv", "poi_id": "27218_left", "poi_name": "เคาะพ่นสี | ฟิล์มกรองแสง | ซ่อมเบรค-ครัช | ซ่อมแอร์ | ล้างรถยนต์-มอเตอร์ไซค์", "category_raw": "shop=car_repair, shop=yes", "category_std": "personal_service_repair; retail_commerce", "category_std_th": "บริการส่วนบุคคลและงานซ่อม; การค้าปลีกและร้านค้า", "category_sub": "shop=car_repair, shop=yes", "category_sub_th": "อู่ซ่อมรถยนต์; ร้านค้าไม่ระบุประเภทย่อย", "lat": 18.767442141355485, "lon": 98.982185661384477, "point_id": 27218, "side": "left", "pano_id": "WMyHMsKFYdt5azccTgAx1g", "heading": 125.031, "poi_names": "เคาะพ่นสี | ฟิล์มกรองแสง | ซ่อมเบรค-ครัช | ซ่อมแอร์ | ล้างรถยนต์-มอเตอร์ไซค์", "categories": "shop=car_repair, shop=yes", "poi_count": 5 }, "geometry": { "type": "Point", "coordinates": [ 98.982185661384477, 18.767442141355485 ] } },
{ "type": "Feature", "properties": { "source": "sv", "poi_id": "27230_left", "poi_name": "Furniture Outlet", "category_raw": "shop=yes", "category_std": "retail_commerce", "category_std_th": "การค้าปลีกและร้านค้า", "category_sub": "shop=yes", "category_sub_th": "ร้านค้าไม่ระบุประเภทย่อย", "lat": 18.769593053375161, "lon": 98.977656035316357, "point_id": 27230, "side": "left", "pano_id": "IeZ2hw8OEbwsp0aBdAwEIA", "heading": 301.388, "poi_names": "Furniture Outlet", "categories": "shop=yes", "poi_count": 1 }, "geometry": { "type": "Point", "coordinates": [ 98.977656035316357, 18.769593053375161 ] } },
{ "type": "Feature", "properties": { "source": "sv", "poi_id": "27235_right", "poi_name": "กัสจังชาบูหมูทะ | วิชานม", "category_raw": "amenity=restaurant, amenity=cafe", "category_std": "food_beverage", "category_std_th": "อาหารและเครื่องดื่ม", "category_sub": "amenity=restaurant, amenity=cafe", "category_sub_th": "ร้านอาหาร; ร้านกาแฟ", "lat": 18.770126440222068, "lon": 98.978246788388802, "point_id": 27235, "side": "right", "pano_id": "KAZ9g1Rpt9O9fZkYcgfe8A", "heading": 127.951, "poi_names": "กัสจังชาบูหมูทะ | วิชานม", "categories": "amenity=restaurant, amenity=cafe", "poi_count": 2 }, "geometry": { "type": "Point", "coordinates": [ 98.978246788388802, 18.770126440222068 ] } },
{ "type": "Feature", "properties": { "source": "sv", "poi_id": "27241_right", "poi_name": "ธนชูรณ์โลหะกิจ", "category_raw": "office=company", "category_std": "office_professional", "category_std_th": "สำนักงานและบริการวิชาชีพ", "category_sub": "office=company", "category_sub_th": "บริษัท", "lat": 18.780970762116112, "lon": 98.993801570594684, "point_id": 27241, "side": "right", "pano_id": "c2mt3MlBTdqIumeHlznkfg", "heading": 177.238, "poi_names": "ธนชูรณ์โลหะกิจ", "categories": "office=company", "poi_count": 1 }, "geometry": { "type": "Point", "coordinates": [ 98.993801570594684, 18.780970762116112 ] } },
{ "type": "Feature", "properties": { "source": "sv", "poi_id": "27246_right", "poi_name": "กุ้ง", "category_raw": "amenity=restaurant", "category_std": "food_beverage", "category_std_th": "อาหารและเครื่องดื่ม", "category_sub": "amenity=restaurant", "category_sub_th": "ร้านอาหาร", "lat": 18.781004770877761, "lon": 98.99453775743568, "point_id": 27246, "side": "right", "pano_id": "uEYoX4R1xL2pJTf36Sr2UQ", "heading": 177.125, "poi_names": "กุ้ง", "categories": "amenity=restaurant", "poi_count": 1 }, "geometry": { "type": "Point", "coordinates": [ 98.99453775743568, 18.781004770877761 ] } },
{ "type": "Feature", "properties": { "source": "sv", "poi_id": "27258_left", "poi_name": "เภสัช", "category_raw": "amenity=pharmacy", "category_std": "health", "category_std_th": "สุขภาพและการแพทย์", "category_sub": "amenity=pharmacy", "category_sub_th": "ร้านขายยา", "lat": 18.781267230224987, "lon": 98.996254265704337, "point_id": 27258, "side": "left", "pano_id": "g1fIy2dEerYaNoOpBc2XwQ", "heading": 357.139, "poi_names": "เภสัช", "categories": "amenity=pharmacy", "poi_count": 1 }, "geometry": { "type": "Point", "coordinates": [ 98.996254265704337, 18.781267230224987 ] } },
{ "type": "Feature", "properties": { "source": "sv", "poi_id": "27449_right", "poi_name": "กิจอารถ", "category_raw": "shop=car_repair", "category_std": "personal_service_repair", "category_std_th": "บริการส่วนบุคคลและงานซ่อม", "category_sub": "shop=car_repair", "category_sub_th": "อู่ซ่อมรถยนต์", "lat": 18.791344298291449, "lon": 98.963970721687318, "point_id": 27449, "side": "right", "pano_id": "EYaSmPJyfJN8_Tr911w2wA", "heading": 22.776, "poi_names": "กิจอารถ", "categories": "shop=car_repair", "poi_count": 1 }, "geometry": { "type": "Point", "coordinates": [ 98.963970721687318, 18.791344298291449 ] } },
{ "type": "Feature", "properties": { "source": "sv", "poi_id": "27510_right", "poi_name": "ก๊องเงิน คำเที่ยง", "category_raw": "shop=yes", "category_std": "retail_commerce", "category_std_th": "การค้าปลีกและร้านค้า", "category_sub": "shop=yes", "category_sub_th": "ร้านค้าไม่ระบุประเภทย่อย", "lat": 18.803826195796969, "lon": 98.995464067160142, "point_id": 27510, "side": "right", "pano_id": "6uKjuCYY-xKnM9zsIdLWfA", "heading": 9.139, "poi_names": "ก๊องเงิน คำเที่ยง", "categories": "shop=yes", "poi_count": 1 }, "geometry": { "type": "Point", "coordinates": [ 98.995464067160142, 18.803826195796969 ] } },
{ "type": "Feature", "properties": { "source": "sv", "poi_id": "27513_left", "poi_name": "karaoke", "category_raw": "amenity=bar", "category_std": "food_beverage", "category_std_th": "อาหารและเครื่องดื่ม", "category_sub": "amenity=bar", "category_sub_th": "บาร์", "lat": 18.803733804201794, "lon": 98.994871932848085, "point_id": 27513, "side": "left", "pano_id": "O-UaX1ZDybqlyhvN6X3o3w", "heading": 189.139, "poi_names": "karaoke", "categories": "amenity=bar", "poi_count": 1 }, "geometry": { "type": "Point", "coordinates": [ 98.994871932848085, 18.803733804201794 ] } },
{ "type": "Feature", "properties": { "source": "sv", "poi_id": "27532_right", "poi_name": "Altex", "category_raw": "shop=electronics", "category_std": "retail_commerce", "category_std_th": "การค้าปลีกและร้านค้า", "category_sub": "shop=electronics", "category_sub_th": "ร้านเครื่องใช้ไฟฟ้าและอิเล็กทรอนิกส์", "lat": 18.817862588478398, "lon": 98.981958680651402, "point_id": 27532, "side": "right", "pano_id": "YLVP6ojHBzmQMvFulo6BXA", "heading": 163.036, "poi_names": "Altex", "categories": "shop=electronics", "poi_count": 1 }, "geometry": { "type": "Point", "coordinates": [ 98.981958680651402, 18.817862588478398 ] } },
{ "type": "Feature", "properties": { "source": "sv", "poi_id": "27537_right", "poi_name": "Caltex", "category_raw": "shop=yes", "category_std": "retail_commerce", "category_std_th": "การค้าปลีกและร้านค้า", "category_sub": "shop=yes", "category_sub_th": "ร้านค้าไม่ระบุประเภทย่อย", "lat": 18.817870555944701, "lon": 98.981963592453184, "point_id": 27537, "side": "right", "pano_id": "ruh0-yDvn4jEpFiQA_iPOA", "heading": 339.382, "poi_names": "Caltex", "categories": "shop=yes", "poi_count": 1 }, "geometry": { "type": "Point", "coordinates": [ 98.981963592453184, 18.817870555944701 ] } },
{ "type": "Feature", "properties": { "source": "sv", "poi_id": "27561_left", "poi_name": "Panasonic | Hitachi | Philips", "category_raw": "shop=electronics", "category_std": "retail_commerce", "category_std_th": "การค้าปลีกและร้านค้า", "category_sub": "shop=electronics", "category_sub_th": "ร้านเครื่องใช้ไฟฟ้าและอิเล็กทรอนิกส์", "lat": 18.818856529816092, "lon": 98.981789478021682, "point_id": 27561, "side": "left", "pano_id": "3NoO2VDGgmAWCUr4r-GfXw", "heading": 163.164, "poi_names": "Panasonic | Hitachi | Philips", "categories": "shop=electronics", "poi_count": 3 }, "geometry": { "type": "Point", "coordinates": [ 98.981789478021682, 18.818856529816092 ] } },
{ "type": "Feature", "properties": { "source": "sv", "poi_id": "27588_left", "poi_name": "เตี๋ยวข้างวัด", "category_raw": "amenity=restaurant", "category_std": "food_beverage", "category_std_th": "อาหารและเครื่องดื่ม", "category_sub": "amenity=restaurant", "category_sub_th": "ร้านอาหาร", "lat": 18.766673305380444, "lon": 99.012564338117599, "point_id": 27588, "side": "left", "pano_id": "yZbJFaNdJQP04JNAg4jKDA", "heading": 84.088, "poi_names": "เตี๋ยวข้างวัด", "categories": "amenity=restaurant", "poi_count": 1 }, "geometry": { "type": "Point", "coordinates": [ 99.012564338117599, 18.766673305380444 ] } },
{ "type": "Feature", "properties": { "source": "sv", "poi_id": "27591_left", "poi_name": "ตัดผมชาย", "category_raw": "shop=hairdresser", "category_std": "personal_service_repair", "category_std_th": "บริการส่วนบุคคลและงานซ่อม", "category_sub": "shop=hairdresser", "category_sub_th": "ร้านทำผม", "lat": 18.766182904226561, "lon": 99.012618869804925, "point_id": 27591, "side": "left", "pano_id": "CQnymolmdtObVuDDbtxaog", "heading": 81.788, "poi_names": "ตัดผมชาย", "categories": "shop=hairdresser", "poi_count": 1 }, "geometry": { "type": "Point", "coordinates": [ 99.012618869804925, 18.766182904226561 ] } },
{ "type": "Feature", "properties": { "source": "sv", "poi_id": "27679_right", "poi_name": "Rim Coffee Roaster", "category_raw": "amenity=cafe", "category_std": "food_beverage", "category_std_th": "อาหารและเครื่องดื่ม", "category_sub": "amenity=cafe", "category_sub_th": "ร้านกาแฟ", "lat": 18.81284442256576, "lon": 98.983578320428805, "point_id": 27679, "side": "right", "pano_id": "tb-Kgs11g1bpJoqWd2RXPA", "heading": 172.538, "poi_names": "Rim Coffee Roaster", "categories": "amenity=cafe", "poi_count": 1 }, "geometry": { "type": "Point", "coordinates": [ 98.983578320428805, 18.81284442256576 ] } },
{ "type": "Feature", "properties": { "source": "sv", "poi_id": "27936_right", "poi_name": "สูทซีมป1", "category_raw": "shop=clothes", "category_std": "retail_commerce", "category_std_th": "การค้าปลีกและร้านค้า", "category_sub": "shop=clothes", "category_sub_th": "ร้านเสื้อผ้า", "lat": 18.790187277000001, "lon": 98.978469618142441, "point_id": 27936, "side": "right", "pano_id": "dVRSrkihGtcgH91uWj7Q9w", "heading": 2.186, "poi_names": "สูทซีมป1", "categories": "shop=clothes", "poi_count": 1 }, "geometry": { "type": "Point", "coordinates": [ 98.978469618142441, 18.790187277 ] } },
{ "type": "Feature", "properties": { "source": "sv", "poi_id": "28043_left", "poi_name": "gelato", "category_raw": "amenity=cafe", "category_std": "food_beverage", "category_std_th": "อาหารและเครื่องดื่ม", "category_sub": "amenity=cafe", "category_sub_th": "ร้านกาแฟ", "lat": 18.800534718481291, "lon": 98.967499839346644, "point_id": 28043, "side": "left", "pano_id": "LzJE7uPcjlyrQ8t_DtGIkw", "heading": 201.107, "poi_names": "gelato", "categories": "amenity=cafe", "poi_count": 1 }, "geometry": { "type": "Point", "coordinates": [ 98.967499839346644, 18.800534718481291 ] } },
{ "type": "Feature", "properties": { "source": "sv", "poi_id": "28120_right", "poi_name": "ขันนีเดย์ไทยมาลลาจ", "category_raw": "shop=massage", "category_std": "personal_service_repair", "category_std_th": "บริการส่วนบุคคลและงานซ่อม", "category_sub": "shop=massage", "category_sub_th": "ร้านนวด", "lat": 18.803299789974371, "lon": 98.982398843465006, "point_id": 28120, "side": "right", "pano_id": "WbGCDEZWj402vlbKKAAdpQ", "heading": 98.408, "poi_names": "ขันนีเดย์ไทยมาลลาจ", "categories": "shop=massage", "poi_count": 1 }, "geometry": { "type": "Point", "coordinates": [ 98.982398843465006, 18.803299789974371 ] } },
{ "type": "Feature", "properties": { "source": "sv", "poi_id": "28126_right", "poi_name": "บัค สินค้าไอที", "category_raw": "shop=electronics", "category_std": "retail_commerce", "category_std_th": "การค้าปลีกและร้านค้า", "category_sub": "shop=electronics", "category_sub_th": "ร้านเครื่องใช้ไฟฟ้าและอิเล็กทรอนิกส์", "lat": 18.804177537784533, "lon": 98.982510341800705, "point_id": 28126, "side": "right", "pano_id": "-2-xVl7qPPCZ0AMBn7F5Qw", "heading": 96.012, "poi_names": "บัค สินค้าไอที", "categories": "shop=electronics", "poi_count": 1 }, "geometry": { "type": "Point", "coordinates": [ 98.982510341800705, 18.804177537784533 ] } },
{ "type": "Feature", "properties": { "source": "sv", "poi_id": "28133_right", "poi_name": "ร้านเฮียบุ้ง", "category_raw": "shop=yes", "category_std": "retail_commerce", "category_std_th": "การค้าปลีกและร้านค้า", "category_sub": "shop=yes", "category_sub_th": "ร้านค้าไม่ระบุประเภทย่อย", "lat": 18.801032002516667, "lon": 98.985803284243076, "point_id": 28133, "side": "right", "pano_id": "rRTUHF0B_6Rxz4tIQuZH4Q", "heading": 174.99, "poi_names": "ร้านเฮียบุ้ง", "categories": "shop=yes", "poi_count": 1 }, "geometry": { "type": "Point", "coordinates": [ 98.985803284243076, 18.801032002516667 ] } },
{ "type": "Feature", "properties": { "source": "sv", "poi_id": "28141_left", "poi_name": "อาคารปฏิบัติธรรมพระสุมนเถระ", "category_raw": "amenity=place_of_worship", "category_std": "education_religion", "category_std_th": "การศึกษาและศาสนา", "category_sub": "amenity=place_of_worship", "category_sub_th": "ศาสนสถาน", "lat": 18.787378177815881, "lon": 98.968197656964406, "point_id": 28141, "side": "left", "pano_id": "HJ0K9SObIHVM2DCyjC9Eeg", "heading": 93.695, "poi_names": "อาคารปฏิบัติธรรมพระสุมนเถระ", "categories": "amenity=place_of_worship", "poi_count": 1 }, "geometry": { "type": "Point", "coordinates": [ 98.968197656964406, 18.787378177815881 ] } },
{ "type": "Feature", "properties": { "source": "sv", "poi_id": "28252_left", "poi_name": "ครัวฉจอง | อารีย์ ต้มเลือดหมู", "category_raw": "amenity=restaurant", "category_std": "food_beverage", "category_std_th": "อาหารและเครื่องดื่ม", "category_sub": "amenity=restaurant", "category_sub_th": "ร้านอาหาร", "lat": 18.829242213179352, "lon": 98.978397972213074, "point_id": 28252, "side": "left", "pano_id": "exXlGLZbFWVYSg1KYTnfdg", "heading": 64.977, "poi_names": "ครัวฉจอง | อารีย์ ต้มเลือดหมู", "categories": "amenity=restaurant", "poi_count": 2 }, "geometry": { "type": "Point", "coordinates": [ 98.978397972213074, 18.829242213179352 ] } },
{ "type": "Feature", "properties": { "source": "sv", "poi_id": "28270_left", "poi_name": "จักษุคลินิก", "category_raw": "amenity=clinic", "category_std": "health", "category_std_th": "สุขภาพและการแพทย์", "category_sub": "amenity=clinic", "category_sub_th": "คลินิก", "lat": 18.826630364258897, "lon": 98.979338671069925, "point_id": 28270, "side": "left", "pano_id": "a1z9UZb8Y2S9bNGwEX_x4A", "heading": 77.623, "poi_names": "จักษุคลินิก", "categories": "amenity=clinic", "poi_count": 1 }, "geometry": { "type": "Point", "coordinates": [ 98.979338671069925, 18.826630364258897 ] } },
{ "type": "Feature", "properties": { "source": "sv", "poi_id": "28279_left", "poi_name": "มียาฟาร์มาซี", "category_raw": "amenity=pharmacy", "category_std": "health", "category_std_th": "สุขภาพและการแพทย์", "category_sub": "amenity=pharmacy", "category_sub_th": "ร้านขายยา", "lat": 18.825125810648601, "lon": 98.979693566129527, "point_id": 28279, "side": "left", "pano_id": "DkEc7dDDNnkkbvvNfUo4nQ", "heading": 77.333, "poi_names": "มียาฟาร์มาซี", "categories": "amenity=pharmacy", "poi_count": 1 }, "geometry": { "type": "Point", "coordinates": [ 98.979693566129527, 18.825125810648601 ] } },
{ "type": "Feature", "properties": { "source": "sv", "poi_id": "28297_left", "poi_name": "ข้าวซอย", "category_raw": "amenity=restaurant", "category_std": "food_beverage", "category_std_th": "อาหารและเครื่องดื่ม", "category_sub": "amenity=restaurant", "category_sub_th": "ร้านอาหาร", "lat": 18.822266246740988, "lon": 98.980454678983762, "point_id": 28297, "side": "left", "pano_id": "NqoQmJMr6wJ5pNoZg2J2eQ", "heading": 75.089, "poi_names": "ข้าวซอย", "categories": "amenity=restaurant", "poi_count": 1 }, "geometry": { "type": "Point", "coordinates": [ 98.980454678983762, 18.822266246740988 ] } },
{ "type": "Feature", "properties": { "source": "sv", "poi_id": "28355_left", "poi_name": "สกุลชัยเลส", "category_raw": "shop=yes", "category_std": "retail_commerce", "category_std_th": "การค้าปลีกและร้านค้า", "category_sub": "shop=yes", "category_sub_th": "ร้านค้าไม่ระบุประเภทย่อย", "lat": 18.800074137414079, "lon": 98.973721123149204, "point_id": 28355, "side": "left", "pano_id": "lxtUm7sZ0Ffq8TFsRHXxBw", "heading": 23.038, "poi_names": "สกุลชัยเลส", "categories": "shop=yes", "poi_count": 1 }, "geometry": { "type": "Point", "coordinates": [ 98.973721123149204, 18.800074137414079 ] } },
{ "type": "Feature", "properties": { "source": "sv", "poi_id": "28378_left", "poi_name": "ร้าน cc โชคชัย", "category_raw": "shop=yes", "category_std": "retail_commerce", "category_std_th": "การค้าปลีกและร้านค้า", "category_sub": "shop=yes", "category_sub_th": "ร้านค้าไม่ระบุประเภทย่อย", "lat": 18.804855858586372, "lon": 98.974407609062084, "point_id": 28378, "side": "left", "pano_id": "tvJKswF--nBcJHc9FtCjsQ", "heading": 280.11, "poi_names": "ร้าน cc โชคชัย", "categories": "shop=yes", "poi_count": 1 }, "geometry": { "type": "Point", "coordinates": [ 98.974407609062084, 18.804855858586372 ] } },
{ "type": "Feature", "properties": { "source": "sv", "poi_id": "28381_right", "poi_name": "Aitea", "category_raw": "amenity=cafe", "category_std": "food_beverage", "category_std_th": "อาหารและเครื่องดื่ม", "category_sub": "amenity=cafe", "category_sub_th": "ร้านกาแฟ", "lat": 18.805211155338352, "lon": 98.974666393748535, "point_id": 28381, "side": "right", "pano_id": "SYUQYcvCuXllu7RQjizuOg", "heading": 100.101, "poi_names": "Aitea", "categories": "amenity=cafe", "poi_count": 1 }, "geometry": { "type": "Point", "coordinates": [ 98.974666393748535, 18.805211155338352 ] } },
{ "type": "Feature", "properties": { "source": "sv", "poi_id": "28411_right", "poi_name": "GSB", "category_raw": "amenity=bank", "category_std": "finance_insurance", "category_std_th": "การเงินและประกันภัย", "category_sub": "amenity=bank", "category_sub_th": "ธนาคาร", "lat": 18.797652685542594, "lon": 98.986053370597475, "point_id": 28411, "side": "right", "pano_id": "Ahl_4PhXvrpTqrMdQPymWw", "heading": 178.568, "poi_names": "GSB", "categories": "amenity=bank", "poi_count": 1 }, "geometry": { "type": "Point", "coordinates": [ 98.986053370597475, 18.797652685542594 ] } },
{ "type": "Feature", "properties": { "source": "sv", "poi_id": "28427_left", "poi_name": "โมเดิร์น", "category_raw": "shop=yes", "category_std": "retail_commerce", "category_std_th": "การค้าปลีกและร้านค้า", "category_sub": "shop=yes", "category_sub_th": "ร้านค้าไม่ระบุประเภทย่อย", "lat": 18.796383103932232, "lon": 98.984529810433997, "point_id": 28427, "side": "left", "pano_id": "JlUG2_bahyWz-DEWiUhCIQ", "heading": 91.837, "poi_names": "โมเดิร์น", "categories": "shop=yes", "poi_count": 1 }, "geometry": { "type": "Point", "coordinates": [ 98.984529810433997, 18.796383103932232 ] } },
{ "type": "Feature", "properties": { "source": "sv", "poi_id": "28443_left", "poi_name": "Esso", "category_raw": "shop=yes", "category_std": "retail_commerce", "category_std_th": "การค้าปลีกและร้านค้า", "category_sub": "shop=yes", "category_sub_th": "ร้านค้าไม่ระบุประเภทย่อย", "lat": 18.836918612815964, "lon": 98.975216601732114, "point_id": 28443, "side": "left", "pano_id": "Qaj2OKgIlKHKOfpuFgT_IQ", "heading": 313.873, "poi_names": "Esso", "categories": "shop=yes", "poi_count": 1 }, "geometry": { "type": "Point", "coordinates": [ 98.975216601732114, 18.836918612815964 ] } },
{ "type": "Feature", "properties": { "source": "sv", "poi_id": "28444_right", "poi_name": "Car Studio", "category_raw": "shop=car_repair", "category_std": "personal_service_repair", "category_std_th": "บริการส่วนบุคคลและงานซ่อม", "category_sub": "shop=car_repair", "category_sub_th": "อู่ซ่อมรถยนต์", "lat": 18.836957440576395, "lon": 98.97544533357528, "point_id": 28444, "side": "right", "pano_id": "XAtOq9JfqVwQS_QTfuHH0g", "heading": 70.309, "poi_names": "Car Studio", "categories": "shop=car_repair", "poi_count": 1 }, "geometry": { "type": "Point", "coordinates": [ 98.97544533357528, 18.836957440576395 ] } },
{ "type": "Feature", "properties": { "source": "sv", "poi_id": "28447_right", "poi_name": "ชตนาการยาง", "category_raw": "shop=car_repair", "category_std": "personal_service_repair", "category_std_th": "บริการส่วนบุคคลและงานซ่อม", "category_sub": "shop=car_repair", "category_sub_th": "อู่ซ่อมรถยนต์", "lat": 18.837274204836781, "lon": 98.975060768022075, "point_id": 28447, "side": "right", "pano_id": "7BcFgGoobnFTo7Ahie0uUg", "heading": 356.839, "poi_names": "ชตนาการยาง", "categories": "shop=car_repair", "poi_count": 1 }, "geometry": { "type": "Point", "coordinates": [ 98.975060768022075, 18.837274204836781 ] } },
{ "type": "Feature", "properties": { "source": "sv", "poi_id": "28542_right", "poi_name": "SCB", "category_raw": "amenity=bank", "category_std": "finance_insurance", "category_std_th": "การเงินและประกันภัย", "category_sub": "amenity=bank", "category_sub_th": "ธนาคาร", "lat": 18.805681095886133, "lon": 98.986348648192305, "point_id": 28542, "side": "right", "pano_id": "ZYbDXqGq8uBh403xp_ty9A", "heading": 86.131, "poi_names": "SCB", "categories": "amenity=bank", "poi_count": 1 }, "geometry": { "type": "Point", "coordinates": [ 98.986348648192305, 18.805681095886133 ] } },
{ "type": "Feature", "properties": { "source": "sv", "poi_id": "28793_right", "poi_name": "acestone", "category_raw": "office=company", "category_std": "office_professional", "category_std_th": "สำนักงานและบริการวิชาชีพ", "category_sub": "office=company", "category_sub_th": "บริษัท", "lat": 18.784253657781974, "lon": 99.0241323410295, "point_id": 28793, "side": "right", "pano_id": "eLRJdP0ziECRx5TZELeFxQ", "heading": 179.794, "poi_names": "acestone", "categories": "office=company", "poi_count": 1 }, "geometry": { "type": "Point", "coordinates": [ 99.0241323410295, 18.784253657781974 ] } },
{ "type": "Feature", "properties": { "source": "sv", "poi_id": "29340_left", "poi_name": "ศูนย์ฝึกปืนเทียมคอมมิวเตอร์", "category_raw": "leisure=sports_centre", "category_std": "sport_recreation", "category_std_th": "กีฬาและนันทนาการ", "category_sub": "leisure=sports_centre", "category_sub_th": "ศูนย์กีฬา", "lat": 18.787104020695512, "lon": 98.982392541073835, "point_id": 29340, "side": "left", "pano_id": "D5ZagyCI5fzTNEy7D5eK7A", "heading": 99.544, "poi_names": "ศูนย์ฝึกปืนเทียมคอมมิวเตอร์", "categories": "leisure=sports_centre", "poi_count": 1 }, "geometry": { "type": "Point", "coordinates": [ 98.982392541073835, 18.787104020695512 ] } },
{ "type": "Feature", "properties": { "source": "sv", "poi_id": "29344_right", "poi_name": "H.O.8 Tour Travel", "category_raw": "office=company", "category_std": "office_professional", "category_std_th": "สำนักงานและบริการวิชาชีพ", "category_sub": "office=company", "category_sub_th": "บริษัท", "lat": 18.786526969928783, "lon": 98.982098457598241, "point_id": 29344, "side": "right", "pano_id": "CQbwvhqwrA_OENftUQ4mMQ", "heading": 279.538, "poi_names": "H.O.8 Tour Travel", "categories": "office=company", "poi_count": 1 }, "geometry": { "type": "Point", "coordinates": [ 98.982098457598241, 18.786526969928783 ] } },
{ "type": "Feature", "properties": { "source": "sv", "poi_id": "29355_right", "poi_name": "Bain Tours", "category_raw": "office=company", "category_std": "office_professional", "category_std_th": "สำนักงานและบริการวิชาชีพ", "category_sub": "office=company", "category_sub_th": "บริษัท", "lat": 18.785049017153565, "lon": 98.981840990053399, "point_id": 29355, "side": "right", "pano_id": "8MjA7TMGKi6SSfyzU7-44w", "heading": 277.644, "poi_names": "Bain Tours", "categories": "office=company", "poi_count": 1 }, "geometry": { "type": "Point", "coordinates": [ 98.981840990053399, 18.785049017153565 ] } },
{ "type": "Feature", "properties": { "source": "sv", "poi_id": "29377_right", "poi_name": "เรณุคลินิก", "category_raw": "amenity=clinic", "category_std": "health", "category_std_th": "สุขภาพและการแพทย์", "category_sub": "amenity=clinic", "category_sub_th": "คลินิก", "lat": 18.78173038327898, "lon": 98.981513260725961, "point_id": 29377, "side": "right", "pano_id": "t9h_IwhGHHWn9-rn9BkNHA", "heading": 272.781, "poi_names": "เรณุคลินิก", "categories": "amenity=clinic", "poi_count": 1 }, "geometry": { "type": "Point", "coordinates": [ 98.981513260725961, 18.78173038327898 ] } },
{ "type": "Feature", "properties": { "source": "sv", "poi_id": "29416_left", "poi_name": "ร้านขายยาภานุรักษ์ | balloon shop", "category_raw": "amenity=pharmacy, shop=yes", "category_std": "health; retail_commerce", "category_std_th": "สุขภาพและการแพทย์; การค้าปลีกและร้านค้า", "category_sub": "amenity=pharmacy, shop=yes", "category_sub_th": "ร้านขายยา; ร้านค้าไม่ระบุประเภทย่อย", "lat": 18.795350044160323, "lon": 98.965530917689961, "point_id": 29416, "side": "left", "pano_id": "8J1PCKCBMK2-SvQtSwQsIw", "heading": 290.098, "poi_names": "ร้านขายยาภานุรักษ์ | balloon shop", "categories": "amenity=pharmacy, shop=yes", "poi_count": 2 }, "geometry": { "type": "Point", "coordinates": [ 98.965530917689961, 18.795350044160323 ] } },
{ "type": "Feature", "properties": { "source": "sv", "poi_id": "29418_left", "poi_name": "เพ็ทเวิลด์ เชียงใหม่", "category_raw": "amenity=veterinary", "category_std": "health", "category_std_th": "สุขภาพและการแพทย์", "category_sub": "amenity=veterinary", "category_sub_th": "คลินิกสัตวแพทย์", "lat": 18.78554612071558, "lon": 98.978216765632482, "point_id": 29418, "side": "left", "pano_id": "4SgmW8GdHlQ2LVs412i5ag", "heading": 92.461, "poi_names": "เพ็ทเวิลด์ เชียงใหม่", "categories": "amenity=veterinary", "poi_count": 1 }, "geometry": { "type": "Point", "coordinates": [ 98.978216765632482, 18.78554612071558 ] } },
{ "type": "Feature", "properties": { "source": "sv", "poi_id": "29423_left", "poi_name": "สุรเชษฐ คลีนิค", "category_raw": "amenity=clinic", "category_std": "health", "category_std_th": "สุขภาพและการแพทย์", "category_sub": "amenity=clinic", "category_sub_th": "คลินิก", "lat": 18.784736890784959, "lon": 98.978175700859964, "point_id": 29423, "side": "left", "pano_id": "OcSdnJtbDe0Y_iXJFgro4g", "heading": 93.242, "poi_names": "สุรเชษฐ คลีนิค", "categories": "amenity=clinic", "poi_count": 1 }, "geometry": { "type": "Point", "coordinates": [ 98.978175700859964, 18.784736890784959 ] } },
{ "type": "Feature", "properties": { "source": "sv", "poi_id": "29435_left", "poi_name": "ดูดไขมัน ศัลยกรรม ปรับรูปหน้า", "category_raw": "amenity=clinic", "category_std": "health", "category_std_th": "สุขภาพและการแพทย์", "category_sub": "amenity=clinic", "category_sub_th": "คลินิก", "lat": 18.783127483069663, "lon": 98.978096779866021, "point_id": 29435, "side": "left", "pano_id": "OazejI8GlEu90Ya5BEkccw", "heading": 92.231, "poi_names": "ดูดไขมัน ศัลยกรรม ปรับรูปหน้า", "categories": "amenity=clinic", "poi_count": 1 }, "geometry": { "type": "Point", "coordinates": [ 98.978096779866021, 18.783127483069663 ] } },
{ "type": "Feature", "properties": { "source": "sv", "poi_id": "29573_left", "poi_name": "เฝออาม", "category_raw": "amenity=restaurant", "category_std": "food_beverage", "category_std_th": "อาหารและเครื่องดื่ม", "category_sub": "amenity=restaurant", "category_sub_th": "ร้านอาหาร", "lat": 18.785673680179851, "lon": 99.02316486127468, "point_id": 29573, "side": "left", "pano_id": "eGqBhrQTFWoiXOwVtXwKOA", "heading": 181.292, "poi_names": "เฝออาม", "categories": "amenity=restaurant", "poi_count": 1 }, "geometry": { "type": "Point", "coordinates": [ 99.02316486127468, 18.785673680179851 ] } },
{ "type": "Feature", "properties": { "source": "sv", "poi_id": "29615_left", "poi_name": "พิฆเนศวรเทวาลัย", "category_raw": "amenity=place_of_worship", "category_std": "education_religion", "category_std_th": "การศึกษาและศาสนา", "category_sub": "amenity=place_of_worship", "category_sub_th": "ศาสนสถาน", "lat": 18.774658523686725, "lon": 99.000381215458063, "point_id": 29615, "side": "left", "pano_id": "Q0I9J6HEG-iCk1VJ5zNACw", "heading": 210.954, "poi_names": "พิฆเนศวรเทวาลัย", "categories": "amenity=place_of_worship", "poi_count": 1 }, "geometry": { "type": "Point", "coordinates": [ 99.000381215458063, 18.774658523686725 ] } },
{ "type": "Feature", "properties": { "source": "sv", "poi_id": "29713_left", "poi_name": "ร้านขายยา", "category_raw": "amenity=pharmacy", "category_std": "health", "category_std_th": "สุขภาพและการแพทย์", "category_sub": "amenity=pharmacy", "category_sub_th": "ร้านขายยา", "lat": 18.773002123661545, "lon": 99.019906090714798, "point_id": 29713, "side": "left", "pano_id": "QkkICafIJcU6D49De6jwmg", "heading": 240.944, "poi_names": "ร้านขายยา", "categories": "amenity=pharmacy", "poi_count": 1 }, "geometry": { "type": "Point", "coordinates": [ 99.019906090714798, 18.773002123661545 ] } },
{ "type": "Feature", "properties": { "source": "sv", "poi_id": "29741_right", "poi_name": "ร้าน๕", "category_raw": "shop=yes", "category_std": "retail_commerce", "category_std_th": "การค้าปลีกและร้านค้า", "category_sub": "shop=yes", "category_sub_th": "ร้านค้าไม่ระบุประเภทย่อย", "lat": 18.761957978500984, "lon": 99.012824361758362, "point_id": 29741, "side": "right", "pano_id": "hkcqA3KA73fDoSLd3QKoXA", "heading": 166.983, "poi_names": "ร้าน๕", "categories": "shop=yes", "poi_count": 1 }, "geometry": { "type": "Point", "coordinates": [ 99.012824361758362, 18.761957978500984 ] } },
{ "type": "Feature", "properties": { "source": "sv", "poi_id": "29784_left", "poi_name": "ยูเนี่ยน วิทยาศาสตร์", "category_raw": "office=company", "category_std": "office_professional", "category_std_th": "สำนักงานและบริการวิชาชีพ", "category_sub": "office=company", "category_sub_th": "บริษัท", "lat": 18.790094009408055, "lon": 98.964514496002565, "point_id": 29784, "side": "left", "pano_id": "ukPsYYr4Sg2bI8-nj34rng", "heading": 193.103, "poi_names": "ยูเนี่ยน วิทยาศาสตร์", "categories": "office=company", "poi_count": 1 }, "geometry": { "type": "Point", "coordinates": [ 98.964514496002565, 18.790094009408055 ] } },
{ "type": "Feature", "properties": { "source": "sv", "poi_id": "29833_right", "poi_name": "mini", "category_raw": "shop=convenience", "category_std": "retail_commerce", "category_std_th": "การค้าปลีกและร้านค้า", "category_sub": "shop=convenience", "category_sub_th": "ร้านสะดวกซื้อ", "lat": 18.781481473072212, "lon": 98.9978571451486, "point_id": 29833, "side": "right", "pano_id": "VfSM5wgkXtPuWTSD27ZUkw", "heading": 255.561, "poi_names": "mini", "categories": "shop=convenience", "poi_count": 1 }, "geometry": { "type": "Point", "coordinates": [ 98.9978571451486, 18.781481473072212 ] } },
{ "type": "Feature", "properties": { "source": "sv", "poi_id": "29909_left", "poi_name": "สหมงคลประกันภัย", "category_raw": "office=insurance", "category_std": "finance_insurance", "category_std_th": "การเงินและประกันภัย", "category_sub": "office=insurance", "category_sub_th": "บริษัทประกันภัย", "lat": 18.76847888509036, "lon": 99.028532876960739, "point_id": 29909, "side": "left", "pano_id": "ciUVr9zea-y0aM7iRHIofw", "heading": 262.933, "poi_names": "สหมงคลประกันภัย", "categories": "office=insurance", "poi_count": 1 }, "geometry": { "type": "Point", "coordinates": [ 99.028532876960739, 18.76847888509036 ] } },
{ "type": "Feature", "properties": { "source": "sv", "poi_id": "29938_left", "poi_name": "ยาง น้ำมันเครื่อง ช่วงล่าง ตั้งศูนย์", "category_raw": "shop=car_repair", "category_std": "personal_service_repair", "category_std_th": "บริการส่วนบุคคลและงานซ่อม", "category_sub": "shop=car_repair", "category_sub_th": "อู่ซ่อมรถยนต์", "lat": 18.77314064843582, "lon": 99.027877044434106, "point_id": 29938, "side": "left", "pano_id": "2xQjuVCielnm-6Vg7N6_3Q", "heading": 262.142, "poi_names": "ยาง น้ำมันเครื่อง ช่วงล่าง ตั้งศูนย์", "categories": "shop=car_repair", "poi_count": 1 }, "geometry": { "type": "Point", "coordinates": [ 99.027877044434106, 18.77314064843582 ] } },
{ "type": "Feature", "properties": { "source": "sv", "poi_id": "29998_right", "poi_name": "กวีรการย์", "category_raw": "office=company", "category_std": "office_professional", "category_std_th": "สำนักงานและบริการวิชาชีพ", "category_sub": "office=company", "category_sub_th": "บริษัท", "lat": 18.825961209243591, "lon": 98.979165336171178, "point_id": 29998, "side": "right", "pano_id": "c3cRnDsbToQ2kNH_bwgdSQ", "heading": 79.664, "poi_names": "กวีรการย์", "categories": "office=company", "poi_count": 1 }, "geometry": { "type": "Point", "coordinates": [ 98.979165336171178, 18.825961209243591 ] } },
{ "type": "Feature", "properties": { "source": "sv", "poi_id": "30049_left", "poi_name": "Raksalr Overseas Petshop", "category_raw": "amenity=veterinary", "category_std": "health", "category_std_th": "สุขภาพและการแพทย์", "category_sub": "amenity=veterinary", "category_sub_th": "คลินิกสัตวแพทย์", "lat": 18.792304919141174, "lon": 99.023685603609636, "point_id": 30049, "side": "left", "pano_id": "5wD8QyKMPx756hrWv5ItOA", "heading": 64.482, "poi_names": "Raksalr Overseas Petshop", "categories": "amenity=veterinary", "poi_count": 1 }, "geometry": { "type": "Point", "coordinates": [ 99.023685603609636, 18.792304919141174 ] } },
{ "type": "Feature", "properties": { "source": "sv", "poi_id": "30051_left", "poi_name": "จันทร์ เฟอร์นิเจอร์", "category_raw": "shop=yes", "category_std": "retail_commerce", "category_std_th": "การค้าปลีกและร้านค้า", "category_sub": "shop=yes", "category_sub_th": "ร้านค้าไม่ระบุประเภทย่อย", "lat": 18.792145538120199, "lon": 99.023778114883143, "point_id": 30051, "side": "left", "pano_id": "BfmJxdIiRjHgPs8805aUHg", "heading": 61.189, "poi_names": "จันทร์ เฟอร์นิเจอร์", "categories": "shop=yes", "poi_count": 1 }, "geometry": { "type": "Point", "coordinates": [ 99.023778114883143, 18.792145538120199 ] } },
{ "type": "Feature", "properties": { "source": "sv", "poi_id": "30110_left", "poi_name": "Northern Snooker & Pool Academy Chiang Mai", "category_raw": "leisure=sports_centre", "category_std": "sport_recreation", "category_std_th": "กีฬาและนันทนาการ", "category_sub": "leisure=sports_centre", "category_sub_th": "ศูนย์กีฬา", "lat": 18.770859617083492, "lon": 98.977412187673664, "point_id": 30110, "side": "left", "pano_id": "iRO_Bix7cxsexChd02dUCQ", "heading": 83.251, "poi_names": "Northern Snooker & Pool Academy Chiang Mai", "categories": "leisure=sports_centre", "poi_count": 1 }, "geometry": { "type": "Point", "coordinates": [ 98.977412187673664, 18.770859617083492 ] } },
{ "type": "Feature", "properties": { "source": "sv", "poi_id": "30137_left", "poi_name": "พรรท็อง", "category_raw": "shop=yes", "category_std": "retail_commerce", "category_std_th": "การค้าปลีกและร้านค้า", "category_sub": "shop=yes", "category_sub_th": "ร้านค้าไม่ระบุประเภทย่อย", "lat": 18.790450458831337, "lon": 99.007287512364542, "point_id": 30137, "side": "left", "pano_id": "vmlG71SKcKZSz20NmUejDw", "heading": 161.236, "poi_names": "พรรท็อง", "categories": "shop=yes", "poi_count": 1 }, "geometry": { "type": "Point", "coordinates": [ 99.007287512364542, 18.790450458831337 ] } },
{ "type": "Feature", "properties": { "source": "sv", "poi_id": "30156_right", "poi_name": "ตำซะป๊ะ", "category_raw": "amenity=restaurant", "category_std": "food_beverage", "category_std_th": "อาหารและเครื่องดื่ม", "category_sub": "amenity=restaurant", "category_sub_th": "ร้านอาหาร", "lat": 18.79199285288783, "lon": 98.957519295601685, "point_id": 30156, "side": "right", "pano_id": "oLYlujgk4_M1mfP21p4iDw", "heading": 199.526, "poi_names": "ตำซะป๊ะ", "categories": "amenity=restaurant", "poi_count": 1 }, "geometry": { "type": "Point", "coordinates": [ 98.957519295601685, 18.79199285288783 ] } },
{ "type": "Feature", "properties": { "source": "sv", "poi_id": "30172_left", "poi_name": "ร้านโจิก", "category_raw": "amenity=restaurant", "category_std": "food_beverage", "category_std_th": "อาหารและเครื่องดื่ม", "category_sub": "amenity=restaurant", "category_sub_th": "ร้านอาหาร", "lat": 18.793320533189014, "lon": 98.953666255120353, "point_id": 30172, "side": "left", "pano_id": "9Ymtoz7HQaapYEogrDFDZA", "heading": 16.698, "poi_names": "ร้านโจิก", "categories": "amenity=restaurant", "poi_count": 1 }, "geometry": { "type": "Point", "coordinates": [ 98.953666255120353, 18.793320533189014 ] } },
{ "type": "Feature", "properties": { "source": "sv", "poi_id": "30175_right", "poi_name": "ร้านยาลูกช้าง | Jackal", "category_raw": "amenity=pharmacy, shop=electronics", "category_std": "health; retail_commerce", "category_std_th": "สุขภาพและการแพทย์; การค้าปลีกและร้านค้า", "category_sub": "amenity=pharmacy, shop=electronics", "category_sub_th": "ร้านขายยา; ร้านเครื่องใช้ไฟฟ้าและอิเล็กทรอนิกส์", "lat": 18.793014469976971, "lon": 98.954078733828766, "point_id": 30175, "side": "right", "pano_id": "xQrKtj3i4LHSQ8IrlA0hiw", "heading": 196.705, "poi_names": "ร้านยาลูกช้าง | Jackal", "categories": "amenity=pharmacy, shop=electronics", "poi_count": 2 }, "geometry": { "type": "Point", "coordinates": [ 98.954078733828766, 18.793014469976971 ] } },
{ "type": "Feature", "properties": { "source": "sv", "poi_id": "30183_right", "poi_name": "ร้านเครื่องครัว | ยา", "category_raw": "shop=yes, amenity=pharmacy", "category_std": "retail_commerce; health", "category_std_th": "การค้าปลีกและร้านค้า; สุขภาพและการแพทย์", "category_sub": "shop=yes, amenity=pharmacy", "category_sub_th": "ร้านค้าไม่ระบุประเภทย่อย; ร้านขายยา", "lat": 18.792685467708079, "lon": 98.955230741810325, "point_id": 30183, "side": "right", "pano_id": "VADHbrgMER3AoFuR2B797A", "heading": 196.7, "poi_names": "ร้านเครื่องครัว | ยา", "categories": "shop=yes, amenity=pharmacy", "poi_count": 2 }, "geometry": { "type": "Point", "coordinates": [ 98.955230741810325, 18.792685467708079 ] } },
{ "type": "Feature", "properties": { "source": "sv", "poi_id": "30195_left", "poi_name": "Opochara Kruavit", "category_raw": "amenity=restaurant", "category_std": "food_beverage", "category_std_th": "อาหารและเครื่องดื่ม", "category_sub": "amenity=restaurant", "category_sub_th": "ร้านอาหาร", "lat": 18.805807740810355, "lon": 98.953506420905455, "point_id": 30195, "side": "left", "pano_id": "CAoSF0NJSE0wb2dLRUlDQWdJREx2Sy1mdFFF", "heading": 114.357, "poi_names": "Opochara Kruavit", "categories": "amenity=restaurant", "poi_count": 1 }, "geometry": { "type": "Point", "coordinates": [ 98.953506420905455, 18.805807740810355 ] } },
{ "type": "Feature", "properties": { "source": "sv", "poi_id": "30230_left", "poi_name": "สรีไชยยันต์", "category_raw": "office=company", "category_std": "office_professional", "category_std_th": "สำนักงานและบริการวิชาชีพ", "category_sub": "office=company", "category_sub_th": "บริษัท", "lat": 18.787709277342778, "lon": 98.962851573829695, "point_id": 30230, "side": "left", "pano_id": "6QJm1rZLyvKd23zWyzBfTw", "heading": 109.208, "poi_names": "สรีไชยยันต์", "categories": "office=company", "poi_count": 1 }, "geometry": { "type": "Point", "coordinates": [ 98.962851573829695, 18.787709277342778 ] } },
{ "type": "Feature", "properties": { "source": "sv", "poi_id": "30280_right", "poi_name": "u store | McDonald's", "category_raw": "shop=convenience, amenity=fast_food", "category_std": "retail_commerce; food_beverage", "category_std_th": "การค้าปลีกและร้านค้า; อาหารและเครื่องดื่ม", "category_sub": "shop=convenience, amenity=fast_food", "category_sub_th": "ร้านสะดวกซื้อ; อาหารจานด่วน", "lat": 18.789385136335508, "lon": 98.97043988879102, "point_id": 30280, "side": "right", "pano_id": "V37Mdx8IRUICJQCQNspVJQ", "heading": 98.186, "poi_names": "u store | McDonald's", "categories": "shop=convenience, amenity=fast_food", "poi_count": 2 }, "geometry": { "type": "Point", "coordinates": [ 98.97043988879102, 18.789385136335508 ] } },
{ "type": "Feature", "properties": { "source": "sv", "poi_id": "30333_left", "poi_name": "บัว ข้าวขาหมู", "category_raw": "amenity=restaurant", "category_std": "food_beverage", "category_std_th": "อาหารและเครื่องดื่ม", "category_sub": "amenity=restaurant", "category_sub_th": "ร้านอาหาร", "lat": 18.784106325517051, "lon": 99.016329226175486, "point_id": 30333, "side": "left", "pano_id": "nd_vf3dwfAean_lcNB9SPw", "heading": 267.669, "poi_names": "บัว ข้าวขาหมู", "categories": "amenity=restaurant", "poi_count": 1 }, "geometry": { "type": "Point", "coordinates": [ 99.016329226175486, 18.784106325517051 ] } },
{ "type": "Feature", "properties": { "source": "sv", "poi_id": "30346_left", "poi_name": "คลินิกบ้านรักษ์สัตว์", "category_raw": "amenity=veterinary", "category_std": "health", "category_std_th": "สุขภาพและการแพทย์", "category_sub": "amenity=veterinary", "category_sub_th": "คลินิกสัตวแพทย์", "lat": 18.785601757823155, "lon": 99.007656726037382, "point_id": 30346, "side": "left", "pano_id": "Agmq1fT8D-6sZF47JRqiig", "heading": 320.547, "poi_names": "คลินิกบ้านรักษ์สัตว์", "categories": "amenity=veterinary", "poi_count": 1 }, "geometry": { "type": "Point", "coordinates": [ 99.007656726037382, 18.785601757823155 ] } },
{ "type": "Feature", "properties": { "source": "sv", "poi_id": "30394_left", "poi_name": "ร้านซ่อมมือถือ iPhone", "category_raw": "shop=mobile_phone", "category_std": "retail_commerce", "category_std_th": "การค้าปลีกและร้านค้า", "category_sub": "shop=mobile_phone", "category_sub_th": "ร้านโทรศัพท์มือถือ", "lat": 18.806466864106845, "lon": 98.958056237591478, "point_id": 30394, "side": "left", "pano_id": "GlmxF_PhdTBTmxgG0CobhA", "heading": 208.842, "poi_names": "ร้านซ่อมมือถือ iPhone", "categories": "shop=mobile_phone", "poi_count": 1 }, "geometry": { "type": "Point", "coordinates": [ 98.958056237591478, 18.806466864106845 ] } },
{ "type": "Feature", "properties": { "source": "sv", "poi_id": "30544_left", "poi_name": "โรงรับจำนำอีซี่มันนี่", "category_raw": "shop=pawnbroker", "category_std": "retail_commerce", "category_std_th": "การค้าปลีกและร้านค้า", "category_sub": "shop=pawnbroker", "category_sub_th": "โรงรับจำนำ", "lat": 18.780921659258759, "lon": 98.991986354377914, "point_id": 30544, "side": "left", "pano_id": "LgQSmX0o-WZ_fFl1yzzemQ", "heading": 180.39, "poi_names": "โรงรับจำนำอีซี่มันนี่", "categories": "shop=pawnbroker", "poi_count": 1 }, "geometry": { "type": "Point", "coordinates": [ 98.991986354377914, 18.780921659258759 ] } },
{ "type": "Feature", "properties": { "source": "sv", "poi_id": "30546_left", "poi_name": "ห้างทองมังกร", "category_raw": "shop=yes", "category_std": "retail_commerce", "category_std_th": "การค้าปลีกและร้านค้า", "category_sub": "shop=yes", "category_sub_th": "ร้านค้าไม่ระบุประเภทย่อย", "lat": 18.780923662714205, "lon": 98.991813948808201, "point_id": 30546, "side": "left", "pano_id": "rnPuaYstIQAP1dsneQ5W0g", "heading": 180.635, "poi_names": "ห้างทองมังกร", "categories": "shop=yes", "poi_count": 1 }, "geometry": { "type": "Point", "coordinates": [ 98.991813948808201, 18.780923662714205 ] } },
{ "type": "Feature", "properties": { "source": "sv", "poi_id": "30554_left", "poi_name": "inn", "category_raw": "tourism=hotel", "category_std": "tourism_culture", "category_std_th": "ที่พัก การท่องเที่ยว และวัฒนธรรม", "category_sub": "tourism=hotel", "category_sub_th": "โรงแรม", "lat": 18.781458302172584, "lon": 98.991545845307584, "point_id": 30554, "side": "left", "pano_id": "IVNnJ-7m39xlyTCxj44MHQ", "heading": 1.719, "poi_names": "inn", "categories": "tourism=hotel", "poi_count": 1 }, "geometry": { "type": "Point", "coordinates": [ 98.991545845307584, 18.781458302172584 ] } },
{ "type": "Feature", "properties": { "source": "sv", "poi_id": "30643_left", "poi_name": "สยามทีวี", "category_raw": "shop=electronics", "category_std": "retail_commerce", "category_std_th": "การค้าปลีกและร้านค้า", "category_sub": "shop=electronics", "category_sub_th": "ร้านเครื่องใช้ไฟฟ้าและอิเล็กทรอนิกส์", "lat": 18.780988679184709, "lon": 98.983631906019966, "point_id": 30643, "side": "left", "pano_id": "ADpCCQAOsRIcOnQzqZSJcg", "heading": 181.265, "poi_names": "สยามทีวี", "categories": "shop=electronics", "poi_count": 1 }, "geometry": { "type": "Point", "coordinates": [ 98.983631906019966, 18.780988679184709 ] } },
{ "type": "Feature", "properties": { "source": "sv", "poi_id": "30801_left", "poi_name": "Massage", "category_raw": "shop=massage", "category_std": "personal_service_repair", "category_std_th": "บริการส่วนบุคคลและงานซ่อม", "category_sub": "shop=massage", "category_sub_th": "ร้านนวด", "lat": 18.806114668639868, "lon": 98.958068079173984, "point_id": 30801, "side": "left", "pano_id": "GcU2OahWazoiOjBNOB10wg", "heading": 255.689, "poi_names": "Massage", "categories": "shop=massage", "poi_count": 1 }, "geometry": { "type": "Point", "coordinates": [ 98.958068079173984, 18.806114668639868 ] } },
{ "type": "Feature", "properties": { "source": "sv", "poi_id": "30806_left", "poi_name": "massage", "category_raw": "shop=massage", "category_std": "personal_service_repair", "category_std_th": "บริการส่วนบุคคลและงานซ่อม", "category_sub": "shop=massage", "category_sub_th": "ร้านนวด", "lat": 18.806516753198164, "lon": 98.958006217037479, "point_id": 30806, "side": "left", "pano_id": "u_nvDdtekGBZ8NRWxZdMHw", "heading": 272.381, "poi_names": "massage", "categories": "shop=massage", "poi_count": 1 }, "geometry": { "type": "Point", "coordinates": [ 98.958006217037479, 18.806516753198164 ] } },
{ "type": "Feature", "properties": { "source": "sv", "poi_id": "30847_right", "poi_name": "ลิลลี่คอร์ท", "category_raw": "tourism=hotel", "category_std": "tourism_culture", "category_std_th": "ที่พัก การท่องเที่ยว และวัฒนธรรม", "category_sub": "tourism=hotel", "category_sub_th": "โรงแรม", "lat": 18.800576105328524, "lon": 98.95821135533258, "point_id": 30847, "side": "right", "pano_id": "BTSlf655z50hgJKdbQNgHg", "heading": 273.875, "poi_names": "ลิลลี่คอร์ท", "categories": "tourism=hotel", "poi_count": 1 }, "geometry": { "type": "Point", "coordinates": [ 98.95821135533258, 18.800576105328524 ] } },
{ "type": "Feature", "properties": { "source": "sv", "poi_id": "30876_right", "poi_name": "ร้านตันกล้วย", "category_raw": "amenity=restaurant", "category_std": "food_beverage", "category_std_th": "อาหารและเครื่องดื่ม", "category_sub": "amenity=restaurant", "category_sub_th": "ร้านอาหาร", "lat": 18.803058514354909, "lon": 98.999620877688713, "point_id": 30876, "side": "right", "pano_id": "MmJyKaohUe7QWTvhRZ6IPA", "heading": 104.412, "poi_names": "ร้านตันกล้วย", "categories": "amenity=restaurant", "poi_count": 1 }, "geometry": { "type": "Point", "coordinates": [ 98.999620877688713, 18.803058514354909 ] } },
{ "type": "Feature", "properties": { "source": "sv", "poi_id": "30953_right", "poi_name": "ชุทิพนธ์ ทนายความ", "category_raw": "office=lawyer", "category_std": "office_professional", "category_std_th": "สำนักงานและบริการวิชาชีพ", "category_sub": "office=lawyer", "category_sub_th": "สำนักงานกฎหมาย", "lat": 18.776330745357956, "lon": 98.980980724959366, "point_id": 30953, "side": "right", "pano_id": "tDU_nUSPqbwE3aEEPCgm8Q", "heading": 192.343, "poi_names": "ชุทิพนธ์ ทนายความ", "categories": "office=lawyer", "poi_count": 1 }, "geometry": { "type": "Point", "coordinates": [ 98.980980724959366, 18.776330745357956 ] } },
{ "type": "Feature", "properties": { "source": "sv", "poi_id": "30962_right", "poi_name": "B2", "category_raw": "tourism=hotel", "category_std": "tourism_culture", "category_std_th": "ที่พัก การท่องเที่ยว และวัฒนธรรม", "category_sub": "tourism=hotel", "category_sub_th": "โรงแรม", "lat": 18.776213869973532, "lon": 98.981036692021576, "point_id": 30962, "side": "right", "pano_id": "T7DJEoslCJeLwshpDsqdcg", "heading": 5.865, "poi_names": "B2", "categories": "tourism=hotel", "poi_count": 1 }, "geometry": { "type": "Point", "coordinates": [ 98.981036692021576, 18.776213869973532 ] } },
{ "type": "Feature", "properties": { "source": "sv", "poi_id": "31056_right", "poi_name": "นวดพรามนี", "category_raw": "shop=massage", "category_std": "personal_service_repair", "category_std_th": "บริการส่วนบุคคลและงานซ่อม", "category_sub": "shop=massage", "category_sub_th": "ร้านนวด", "lat": 18.767094817779562, "lon": 98.982812788306845, "point_id": 31056, "side": "right", "pano_id": "AaMojio_x764kHcGNobdAA", "heading": 353.819, "poi_names": "นวดพรามนี", "categories": "shop=massage", "poi_count": 1 }, "geometry": { "type": "Point", "coordinates": [ 98.982812788306845, 18.767094817779562 ] } },
{ "type": "Feature", "properties": { "source": "sv", "poi_id": "31064_right", "poi_name": "Thae Duin Gallery | Dejana", "category_raw": "tourism=attraction, shop=yes", "category_std": "tourism_culture; retail_commerce", "category_std_th": "ที่พัก การท่องเที่ยว และวัฒนธรรม; การค้าปลีกและร้านค้า", "category_sub": "tourism=attraction, shop=yes", "category_sub_th": "แหล่งท่องเที่ยว; ร้านค้าไม่ระบุประเภทย่อย", "lat": 18.79850028019349, "lon": 98.974171200335647, "point_id": 31064, "side": "right", "pano_id": "3x3vTVuCf4QTDlJtG_N19A", "heading": 116.082, "poi_names": "Thae Duin Gallery | Dejana", "categories": "tourism=attraction, shop=yes", "poi_count": 2 }, "geometry": { "type": "Point", "coordinates": [ 98.974171200335647, 18.79850028019349 ] } },
{ "type": "Feature", "properties": { "source": "sv", "poi_id": "31069_left", "poi_name": "Hiangnan", "category_raw": "shop=yes", "category_std": "retail_commerce", "category_std_th": "การค้าปลีกและร้านค้า", "category_sub": "shop=yes", "category_sub_th": "ร้านค้าไม่ระบุประเภทย่อย", "lat": 18.799200062771131, "lon": 98.974319465075155, "point_id": 31069, "side": "left", "pano_id": "Cs6QqWUToZ58gLF4hGDAwQ", "heading": 295.619, "poi_names": "Hiangnan", "categories": "shop=yes", "poi_count": 1 }, "geometry": { "type": "Point", "coordinates": [ 98.974319465075155, 18.799200062771131 ] } },
{ "type": "Feature", "properties": { "source": "sv", "poi_id": "31082_right", "poi_name": "บ้านนทีย", "category_raw": "tourism=guest_house", "category_std": "tourism_culture", "category_std_th": "ที่พัก การท่องเที่ยว และวัฒนธรรม", "category_sub": "tourism=guest_house", "category_sub_th": "เกสต์เฮาส์", "lat": 18.787567762407839, "lon": 99.014483575733365, "point_id": 31082, "side": "right", "pano_id": "4bW4wXRimmuaoA5eIyuFZw", "heading": 177.235, "poi_names": "บ้านนทีย", "categories": "tourism=guest_house", "poi_count": 1 }, "geometry": { "type": "Point", "coordinates": [ 99.014483575733365, 18.787567762407839 ] } },
{ "type": "Feature", "properties": { "source": "sv", "poi_id": "31132_left", "poi_name": "ร้านก๋วยเตี๋ยวชักธงดู่ตี๋", "category_raw": "amenity=restaurant", "category_std": "food_beverage", "category_std_th": "อาหารและเครื่องดื่ม", "category_sub": "amenity=restaurant", "category_sub_th": "ร้านอาหาร", "lat": 18.761071221433639, "lon": 98.99689390805176, "point_id": 31132, "side": "left", "pano_id": "UN6mbTPk-iIyRP7EscAPYQ", "heading": 129.758, "poi_names": "ร้านก๋วยเตี๋ยวชักธงดู่ตี๋", "categories": "amenity=restaurant", "poi_count": 1 }, "geometry": { "type": "Point", "coordinates": [ 98.99689390805176, 18.761071221433639 ] } },
{ "type": "Feature", "properties": { "source": "sv", "poi_id": "31396_left", "poi_name": "หมี!", "category_raw": "amenity=restaurant", "category_std": "food_beverage", "category_std_th": "อาหารและเครื่องดื่ม", "category_sub": "amenity=restaurant", "category_sub_th": "ร้านอาหาร", "lat": 18.774275246259929, "lon": 98.99854520129972, "point_id": 31396, "side": "left", "pano_id": "YQ9zOHbIKAMwh6FVLsKN1w", "heading": 134.885, "poi_names": "หมี!", "categories": "amenity=restaurant", "poi_count": 1 }, "geometry": { "type": "Point", "coordinates": [ 98.99854520129972, 18.774275246259929 ] } },
{ "type": "Feature", "properties": { "source": "sv", "poi_id": "31437_right", "poi_name": "ร้านลุงอ้อน", "category_raw": "amenity=restaurant", "category_std": "food_beverage", "category_std_th": "อาหารและเครื่องดื่ม", "category_sub": "amenity=restaurant", "category_sub_th": "ร้านอาหาร", "lat": 18.770977805065083, "lon": 98.990231426605661, "point_id": 31437, "side": "right", "pano_id": "Zk1K2xDHwbSC2dEgBQRXzQ", "heading": 176.72, "poi_names": "ร้านลุงอ้อน", "categories": "amenity=restaurant", "poi_count": 1 }, "geometry": { "type": "Point", "coordinates": [ 98.990231426605661, 18.770977805065083 ] } },
{ "type": "Feature", "properties": { "source": "sv", "poi_id": "31441_left", "poi_name": "Best Friend", "category_raw": "shop=yes", "category_std": "retail_commerce", "category_std_th": "การค้าปลีกและร้านค้า", "category_sub": "shop=yes", "category_sub_th": "ร้านค้าไม่ระบุประเภทย่อย", "lat": 18.771054301846192, "lon": 98.986794139975515, "point_id": 31441, "side": "left", "pano_id": "SmzuS0f6AXJJNVumDdxkKg", "heading": 358.272, "poi_names": "Best Friend", "categories": "shop=yes", "poi_count": 1 }, "geometry": { "type": "Point", "coordinates": [ 98.986794139975515, 18.771054301846192 ] } },
{ "type": "Feature", "properties": { "source": "sv", "poi_id": "31451_left", "poi_name": "เพื่อนใจ คาราโอเกะ", "category_raw": "amenity=bar", "category_std": "food_beverage", "category_std_th": "อาหารและเครื่องดื่ม", "category_sub": "amenity=bar", "category_sub_th": "บาร์", "lat": 18.77109831408071, "lon": 98.988419603296578, "point_id": 31451, "side": "left", "pano_id": "xW6WajN9hmjhb9Zn3igXVQ", "heading": 358.552, "poi_names": "เพื่อนใจ คาราโอเกะ", "categories": "amenity=bar", "poi_count": 1 }, "geometry": { "type": "Point", "coordinates": [ 98.988419603296578, 18.77109831408071 ] } },
{ "type": "Feature", "properties": { "source": "sv", "poi_id": "31454_right", "poi_name": "Wash U", "category_raw": "shop=yes", "category_std": "retail_commerce", "category_std_th": "การค้าปลีกและร้านค้า", "category_sub": "shop=yes", "category_sub_th": "ร้านค้าไม่ระบุประเภทย่อย", "lat": 18.77093168544237, "lon": 98.988980376843074, "point_id": 31454, "side": "right", "pano_id": "zm4GOV23xdoEVkaNUEn3nQ", "heading": 178.564, "poi_names": "Wash U", "categories": "shop=yes", "poi_count": 1 }, "geometry": { "type": "Point", "coordinates": [ 98.988980376843074, 18.77093168544237 ] } },
{ "type": "Feature", "properties": { "source": "sv", "poi_id": "31482_right", "poi_name": "เฟื่องฟ้า", "category_raw": "shop=yes", "category_std": "retail_commerce", "category_std_th": "การค้าปลีกและร้านค้า", "category_sub": "shop=yes", "category_sub_th": "ร้านค้าไม่ระบุประเภทย่อย", "lat": 18.76334194454925, "lon": 99.008023127907322, "point_id": 31482, "side": "right", "pano_id": "zpvmF-WD5u8fbJWNEW7a_A", "heading": 97.029, "poi_names": "เฟื่องฟ้า", "categories": "shop=yes", "poi_count": 1 }, "geometry": { "type": "Point", "coordinates": [ 99.008023127907322, 18.76334194454925 ] } },
{ "type": "Feature", "properties": { "source": "sv", "poi_id": "31522_left", "poi_name": "วันพลัส มหิดล", "category_raw": "tourism=hotel", "category_std": "tourism_culture", "category_std_th": "ที่พัก การท่องเที่ยว และวัฒนธรรม", "category_sub": "tourism=hotel", "category_sub_th": "โรงแรม", "lat": 18.758167276143038, "lon": 98.999896665288844, "point_id": 31522, "side": "left", "pano_id": "nouthAx5tOCWM3fim_0PUQ", "heading": 142.552, "poi_names": "วันพลัส มหิดล", "categories": "tourism=hotel", "poi_count": 1 }, "geometry": { "type": "Point", "coordinates": [ 98.999896665288844, 18.758167276143038 ] } },
{ "type": "Feature", "properties": { "source": "sv", "poi_id": "31618_right", "poi_name": "mincmitr coffee", "category_raw": "amenity=cafe", "category_std": "food_beverage", "category_std_th": "อาหารและเครื่องดื่ม", "category_sub": "amenity=cafe", "category_sub_th": "ร้านกาแฟ", "lat": 18.799883982455352, "lon": 99.012887315846257, "point_id": 31618, "side": "right", "pano_id": "v9P9t7T2OYY6L6f8VZeC3Q", "heading": 237.141, "poi_names": "mincmitr coffee", "categories": "amenity=cafe", "poi_count": 1 }, "geometry": { "type": "Point", "coordinates": [ 99.012887315846257, 18.799883982455352 ] } },
{ "type": "Feature", "properties": { "source": "sv", "poi_id": "31828_left", "poi_name": "รตี | บะหมี่เกี๊ยว", "category_raw": "shop=yes, amenity=restaurant", "category_std": "retail_commerce; food_beverage", "category_std_th": "การค้าปลีกและร้านค้า; อาหารและเครื่องดื่ม", "category_sub": "shop=yes, amenity=restaurant", "category_sub_th": "ร้านค้าไม่ระบุประเภทย่อย; ร้านอาหาร", "lat": 18.815454313292449, "lon": 98.982066587771556, "point_id": 31828, "side": "left", "pano_id": "hUuG8P9Xcz3vRmoBNKG3tg", "heading": 358.543, "poi_names": "รตี | บะหมี่เกี๊ยว", "categories": "shop=yes, amenity=restaurant", "poi_count": 2 }, "geometry": { "type": "Point", "coordinates": [ 98.982066587771556, 18.815454313292449 ] } },
{ "type": "Feature", "properties": { "source": "sv", "poi_id": "31841_left", "poi_name": "foodpanda", "category_raw": "amenity=fast_food", "category_std": "food_beverage", "category_std_th": "อาหารและเครื่องดื่ม", "category_sub": "amenity=fast_food", "category_sub_th": "อาหารจานด่วน", "lat": 18.814677145384191, "lon": 98.982032950851206, "point_id": 31841, "side": "left", "pano_id": "yDu-0zzIXHGAsL49jTqfFQ", "heading": 262.46, "poi_names": "foodpanda", "categories": "amenity=fast_food", "poi_count": 1 }, "geometry": { "type": "Point", "coordinates": [ 98.982032950851206, 18.814677145384191 ] } },
{ "type": "Feature", "properties": { "source": "sv", "poi_id": "31874_left", "poi_name": "วัดพันเตา", "category_raw": "amenity=place_of_worship", "category_std": "education_religion", "category_std_th": "การศึกษาและศาสนา", "category_sub": "amenity=place_of_worship", "category_sub_th": "ศาสนสถาน", "lat": 18.787584668750203, "lon": 98.988026514735594, "point_id": 31874, "side": "left", "pano_id": "fwxuXHg6sh4SB9obZsBQow", "heading": 179.085, "poi_names": "วัดพันเตา", "categories": "amenity=place_of_worship", "poi_count": 1 }, "geometry": { "type": "Point", "coordinates": [ 98.988026514735594, 18.787584668750203 ] } },
{ "type": "Feature", "properties": { "source": "sv", "poi_id": "31886_left", "poi_name": "คลินิกเวชกรรม", "category_raw": "amenity=clinic", "category_std": "health", "category_std_th": "สุขภาพและการแพทย์", "category_sub": "amenity=clinic", "category_sub_th": "คลินิก", "lat": 18.797613524347007, "lon": 98.971279565381479, "point_id": 31886, "side": "left", "pano_id": "R6UFi4rEsyFl4kad3D5Qxg", "heading": 18.797, "poi_names": "คลินิกเวชกรรม", "categories": "amenity=clinic", "poi_count": 1 }, "geometry": { "type": "Point", "coordinates": [ 98.971279565381479, 18.797613524347007 ] } },
{ "type": "Feature", "properties": { "source": "sv", "poi_id": "32054_left", "poi_name": "บ้านบัวบุญ", "category_raw": "shop=yes", "category_std": "retail_commerce", "category_std_th": "การค้าปลีกและร้านค้า", "category_sub": "shop=yes", "category_sub_th": "ร้านค้าไม่ระบุประเภทย่อย", "lat": 18.834323746927776, "lon": 98.988789242283502, "point_id": 32054, "side": "left", "pano_id": "qcv4Y-4lILCIKHBUX1OtrQ", "heading": 155.569, "poi_names": "บ้านบัวบุญ", "categories": "shop=yes", "poi_count": 1 }, "geometry": { "type": "Point", "coordinates": [ 98.988789242283502, 18.834323746927776 ] } },
{ "type": "Feature", "properties": { "source": "sv", "poi_id": "32237_left", "poi_name": "เนิสเซอรี่", "category_raw": "amenity=school", "category_std": "education_religion", "category_std_th": "การศึกษาและศาสนา", "category_sub": "amenity=school", "category_sub_th": "โรงเรียน", "lat": 18.772467499028984, "lon": 98.989956558120682, "point_id": 32237, "side": "left", "pano_id": "zxgVRVjmn-z6nq8Dn6jkuw", "heading": 20.721, "poi_names": "เนิสเซอรี่", "categories": "amenity=school", "poi_count": 1 }, "geometry": { "type": "Point", "coordinates": [ 98.989956558120682, 18.772467499028984 ] } },
{ "type": "Feature", "properties": { "source": "sv", "poi_id": "32272_right", "poi_name": "วัดเมือง", "category_raw": "amenity=place_of_worship", "category_std": "education_religion", "category_std_th": "การศึกษาและศาสนา", "category_sub": "amenity=place_of_worship", "category_sub_th": "ศาสนสถาน", "lat": 18.820553514595481, "lon": 98.995384197896399, "point_id": 32272, "side": "right", "pano_id": "7SK6R_nKLD4xp9YTLmL97w", "heading": 267.789, "poi_names": "วัดเมือง", "categories": "amenity=place_of_worship", "poi_count": 1 }, "geometry": { "type": "Point", "coordinates": [ 98.995384197896399, 18.820553514595481 ] } },
{ "type": "Feature", "properties": { "source": "sv", "poi_id": "32544_left", "poi_name": "Free Doi Coffee", "category_raw": "amenity=cafe", "category_std": "food_beverage", "category_std_th": "อาหารและเครื่องดื่ม", "category_sub": "amenity=cafe", "category_sub_th": "ร้านกาแฟ", "lat": 18.792808227553547, "lon": 99.008742419519962, "point_id": 32544, "side": "left", "pano_id": "TIktAPG-ldJsXs7Fx3grrA", "heading": 260.589, "poi_names": "Free Doi Coffee", "categories": "amenity=cafe", "poi_count": 1 }, "geometry": { "type": "Point", "coordinates": [ 99.008742419519962, 18.792808227553547 ] } },
{ "type": "Feature", "properties": { "source": "sv", "poi_id": "32604_right", "poi_name": "ว้าดาซี", "category_raw": "amenity=restaurant", "category_std": "food_beverage", "category_std_th": "อาหารและเครื่องดื่ม", "category_sub": "amenity=restaurant", "category_sub_th": "ร้านอาหาร", "lat": 18.795777708221891, "lon": 99.020744131890595, "point_id": 32604, "side": "right", "pano_id": "_UweZSGh2FkOmuGHiu_BJQ", "heading": 158.911, "poi_names": "ว้าดาซี", "categories": "amenity=restaurant", "poi_count": 1 }, "geometry": { "type": "Point", "coordinates": [ 99.020744131890595, 18.795777708221891 ] } },
{ "type": "Feature", "properties": { "source": "sv", "poi_id": "32627_right", "poi_name": "หมูเลือด | Thai Vis Service", "category_raw": "amenity=restaurant, office=company", "category_std": "food_beverage; office_professional", "category_std_th": "อาหารและเครื่องดื่ม; สำนักงานและบริการวิชาชีพ", "category_sub": "amenity=restaurant, office=company", "category_sub_th": "ร้านอาหาร; บริษัท", "lat": 18.774060329224024, "lon": 99.0150446503376, "point_id": 32627, "side": "right", "pano_id": "4iloaoxhXlE8yWM0Vjb3_g", "heading": 0.997, "poi_names": "หมูเลือด | Thai Vis Service", "categories": "amenity=restaurant, office=company", "poi_count": 2 }, "geometry": { "type": "Point", "coordinates": [ 99.0150446503376, 18.774060329224024 ] } },
{ "type": "Feature", "properties": { "source": "sv", "poi_id": "32760_left", "poi_name": "คณะแพทยศาสตร์ มหาวิทยาลัยเชียงใหม่", "category_raw": "amenity=university", "category_std": "education_religion", "category_std_th": "การศึกษาและศาสนา", "category_sub": "amenity=university", "category_sub_th": "มหาวิทยาลัย", "lat": 18.78933244868788, "lon": 98.974796336700393, "point_id": 32760, "side": "left", "pano_id": "sVovN5dWYPtJ9FoKMF7krg", "heading": 107.756, "poi_names": "คณะแพทยศาสตร์ มหาวิทยาลัยเชียงใหม่", "categories": "amenity=university", "poi_count": 1 }, "geometry": { "type": "Point", "coordinates": [ 98.974796336700393, 18.78933244868788 ] } },
{ "type": "Feature", "properties": { "source": "sv", "poi_id": "32772_right", "poi_name": "คณะเทคนิคการแพทย์ | Faculty of Associated Medical Sciences", "category_raw": "amenity=university", "category_std": "education_religion", "category_std_th": "การศึกษาและศาสนา", "category_sub": "amenity=university", "category_sub_th": "มหาวิทยาลัย", "lat": 18.789773503477576, "lon": 98.975456552303442, "point_id": 32772, "side": "right", "pano_id": "6tqCV5Xfz9iCos1am0ipog", "heading": 119.507, "poi_names": "คณะเทคนิคการแพทย์ | Faculty of Associated Medical Sciences", "categories": "amenity=university", "poi_count": 2 }, "geometry": { "type": "Point", "coordinates": [ 98.975456552303442, 18.789773503477576 ] } },
{ "type": "Feature", "properties": { "source": "sv", "poi_id": "32811_right", "poi_name": "อาคารศริพัณน์", "category_raw": "office=company", "category_std": "office_professional", "category_std_th": "สำนักงานและบริการวิชาชีพ", "category_sub": "office=company", "category_sub_th": "บริษัท", "lat": 18.789410807617266, "lon": 98.974642625631674, "point_id": 32811, "side": "right", "pano_id": "H0Sgh-tkn5GOZKhxoj5coA", "heading": 65.957, "poi_names": "อาคารศริพัณน์", "categories": "office=company", "poi_count": 1 }, "geometry": { "type": "Point", "coordinates": [ 98.974642625631674, 18.789410807617266 ] } },
{ "type": "Feature", "properties": { "source": "sv", "poi_id": "32812_right", "poi_name": "อาคารศรีพัยงร์", "category_raw": "office=company", "category_std": "office_professional", "category_std_th": "สำนักงานและบริการวิชาชีพ", "category_sub": "office=company", "category_sub_th": "บริษัท", "lat": 18.78948985225086, "lon": 98.974605604749797, "point_id": 32812, "side": "right", "pano_id": "4Xo0gDRS0leOsvhOowebsg", "heading": 65.926, "poi_names": "อาคารศรีพัยงร์", "categories": "office=company", "poi_count": 1 }, "geometry": { "type": "Point", "coordinates": [ 98.974605604749797, 18.78948985225086 ] } },
{ "type": "Feature", "properties": { "source": "sv", "poi_id": "32896_right", "poi_name": "PD Sriphal", "category_raw": "office=company", "category_std": "office_professional", "category_std_th": "สำนักงานและบริการวิชาชีพ", "category_sub": "office=company", "category_sub_th": "บริษัท", "lat": 18.789172799010888, "lon": 98.97105882699384, "point_id": 32896, "side": "right", "pano_id": "msGB7K3YNuhOwGib2gIdmQ", "heading": 91.396, "poi_names": "PD Sriphal", "categories": "office=company", "poi_count": 1 }, "geometry": { "type": "Point", "coordinates": [ 98.97105882699384, 18.789172799010888 ] } },
{ "type": "Feature", "properties": { "source": "sv", "poi_id": "32934_right", "poi_name": "ยาศารสันทา", "category_raw": "amenity=pharmacy", "category_std": "health", "category_std_th": "สุขภาพและการแพทย์", "category_sub": "amenity=pharmacy", "category_sub_th": "ร้านขายยา", "lat": 18.791392331514057, "lon": 98.97210449490548, "point_id": 32934, "side": "right", "pano_id": "2tWgFePOGYh6z8X-bWz5Lw", "heading": 0.903, "poi_names": "ยาศารสันทา", "categories": "amenity=pharmacy", "poi_count": 1 }, "geometry": { "type": "Point", "coordinates": [ 98.97210449490548, 18.791392331514057 ] } },
{ "type": "Feature", "properties": { "source": "sv", "poi_id": "32967_left", "poi_name": "atm", "category_raw": "amenity=atm", "category_std": "finance_insurance", "category_std_th": "การเงินและประกันภัย", "category_sub": "amenity=atm", "category_sub_th": "ตู้เอทีเอ็ม", "lat": 18.789209719901049, "lon": 98.972679467905081, "point_id": 32967, "side": "left", "pano_id": "FwmTQov2N-BkaPPkNeZbMw", "heading": 182.134, "poi_names": "atm", "categories": "amenity=atm", "poi_count": 1 }, "geometry": { "type": "Point", "coordinates": [ 98.972679467905081, 18.789209719901049 ] } },
{ "type": "Feature", "properties": { "source": "sv", "poi_id": "33116_left", "poi_name": "Chiang Honey Bar", "category_raw": "amenity=bar", "category_std": "food_beverage", "category_std_th": "อาหารและเครื่องดื่ม", "category_sub": "amenity=bar", "category_sub_th": "บาร์", "lat": 18.785116021817363, "lon": 98.993725161173742, "point_id": 33116, "side": "left", "pano_id": "of7HuBZA_hHM3KUqrZqvjg", "heading": 9.81, "poi_names": "Chiang Honey Bar", "categories": "amenity=bar", "poi_count": 1 }, "geometry": { "type": "Point", "coordinates": [ 98.993725161173742, 18.785116021817363 ] } },
{ "type": "Feature", "properties": { "source": "sv", "poi_id": "33116_right", "poi_name": "ร้านขายเสื้อผ้าแฟชั่น", "category_raw": "shop=clothes", "category_std": "retail_commerce", "category_std_th": "การค้าปลีกและร้านค้า", "category_sub": "shop=clothes", "category_sub_th": "ร้านเสื้อผ้า", "lat": 18.784937978180391, "lon": 98.993692838843245, "point_id": 33116, "side": "right", "pano_id": "of7HuBZA_hHM3KUqrZqvjg", "heading": 189.81, "poi_names": "ร้านขายเสื้อผ้าแฟชั่น", "categories": "shop=clothes", "poi_count": 1 }, "geometry": { "type": "Point", "coordinates": [ 98.993692838843245, 18.784937978180391 ] } },
{ "type": "Feature", "properties": { "source": "sv", "poi_id": "33131_right", "poi_name": "Blue Lotus Massage", "category_raw": "shop=massage", "category_std": "personal_service_repair", "category_std_th": "บริการส่วนบุคคลและงานซ่อม", "category_sub": "shop=massage", "category_sub_th": "ร้านนวด", "lat": 18.784357517175888, "lon": 98.995734570362202, "point_id": 33131, "side": "right", "pano_id": "Lalp39LjPKzEtELhciHujg", "heading": 196.809, "poi_names": "Blue Lotus Massage", "categories": "shop=massage", "poi_count": 1 }, "geometry": { "type": "Point", "coordinates": [ 98.995734570362202, 18.784357517175888 ] } },
{ "type": "Feature", "properties": { "source": "sv", "poi_id": "33135_right", "poi_name": "Lapize Point Co., Ltd.", "category_raw": "office=company", "category_std": "office_professional", "category_std_th": "สำนักงานและบริการวิชาชีพ", "category_sub": "office=company", "category_sub_th": "บริษัท", "lat": 18.784218388074297, "lon": 98.996274959114757, "point_id": 33135, "side": "right", "pano_id": "DNOND6v_rQslnUQZL8q-aw", "heading": 187.293, "poi_names": "Lapize Point Co., Ltd.", "categories": "office=company", "poi_count": 1 }, "geometry": { "type": "Point", "coordinates": [ 98.996274959114757, 18.784218388074297 ] } },
{ "type": "Feature", "properties": { "source": "sv", "poi_id": "33136_right", "poi_name": "tattoo parlor", "category_raw": "shop=yes", "category_std": "retail_commerce", "category_std_th": "การค้าปลีกและร้านค้า", "category_sub": "shop=yes", "category_sub_th": "ร้านค้าไม่ระบุประเภทย่อย", "lat": 18.784201020063527, "lon": 98.996425507157042, "point_id": 33136, "side": "right", "pano_id": "DTgBdIfc-S3K_Tb_T3xxKA", "heading": 185.137, "poi_names": "tattoo parlor", "categories": "shop=yes", "poi_count": 1 }, "geometry": { "type": "Point", "coordinates": [ 98.996425507157042, 18.784201020063527 ] } },
{ "type": "Feature", "properties": { "source": "sv", "poi_id": "33143_right", "poi_name": "ลัคกี้ นวดแผนไทย", "category_raw": "shop=massage", "category_std": "personal_service_repair", "category_std_th": "บริการส่วนบุคคลและงานซ่อม", "category_sub": "shop=massage", "category_sub_th": "ร้านนวด", "lat": 18.784134102951189, "lon": 98.99726358917448, "point_id": 33143, "side": "right", "pano_id": "PVxZydRAK5A9Eqh-_uDrfg", "heading": 185.694, "poi_names": "ลัคกี้ นวดแผนไทย", "categories": "shop=massage", "poi_count": 1 }, "geometry": { "type": "Point", "coordinates": [ 98.99726358917448, 18.784134102951189 ] } },
{ "type": "Feature", "properties": { "source": "sv", "poi_id": "33145_right", "poi_name": "ศูนย์ประสานงานพรรคเพื่อไทย จังหวัดเชียงใหม่", "category_raw": "office=government", "category_std": "office_professional", "category_std_th": "สำนักงานและบริการวิชาชีพ", "category_sub": "office=government", "category_sub_th": "หน่วยงานราชการ", "lat": 18.784099102950854, "lon": 98.997641589176425, "point_id": 33145, "side": "right", "pano_id": "pcOq8zIeoRw_jDIY7wzjdw", "heading": 185.694, "poi_names": "ศูนย์ประสานงานพรรคเพื่อไทย จังหวัดเชียงใหม่", "categories": "office=government", "poi_count": 1 }, "geometry": { "type": "Point", "coordinates": [ 98.997641589176425, 18.784099102950854 ] } },
{ "type": "Feature", "properties": { "source": "sv", "poi_id": "33149_left", "poi_name": "exchange", "category_raw": "amenity=bank", "category_std": "finance_insurance", "category_std_th": "การเงินและประกันภัย", "category_sub": "amenity=bank", "category_sub_th": "ธนาคาร", "lat": 18.784235896422235, "lon": 98.99810841742044, "point_id": 33149, "side": "left", "pano_id": "3M4KqjGX7mP-wV7zvyJJ7A", "heading": 5.698, "poi_names": "exchange", "categories": "amenity=bank", "poi_count": 1 }, "geometry": { "type": "Point", "coordinates": [ 98.99810841742044, 18.784235896422235 ] } },
{ "type": "Feature", "properties": { "source": "sv", "poi_id": "33325_right", "poi_name": "Ping Car Rent", "category_raw": "shop=yes", "category_std": "retail_commerce", "category_std_th": "การค้าปลีกและร้านค้า", "category_sub": "shop=yes", "category_sub_th": "ร้านค้าไม่ระบุประเภทย่อย", "lat": 18.784057182286016, "lon": 98.998892651785894, "point_id": 33325, "side": "right", "pano_id": "RS8ZM8CCFoIxKBY_s5sPmw", "heading": 3.416, "poi_names": "Ping Car Rent", "categories": "shop=yes", "poi_count": 1 }, "geometry": { "type": "Point", "coordinates": [ 98.998892651785894, 18.784057182286016 ] } },
{ "type": "Feature", "properties": { "source": "sv", "poi_id": "33397_right", "poi_name": "บ้านพร้อบ", "category_raw": "shop=yes", "category_std": "retail_commerce", "category_std_th": "การค้าปลีกและร้านค้า", "category_sub": "shop=yes", "category_sub_th": "ร้านค้าไม่ระบุประเภทย่อย", "lat": 18.762522906963309, "lon": 99.008325960673474, "point_id": 33397, "side": "right", "pano_id": "-xn7PniNXEWPQzFuHikVGg", "heading": 104.155, "poi_names": "บ้านพร้อบ", "categories": "shop=yes", "poi_count": 1 }, "geometry": { "type": "Point", "coordinates": [ 99.008325960673474, 18.762522906963309 ] } },
{ "type": "Feature", "properties": { "source": "sv", "poi_id": "33596_right", "poi_name": "โรงเรียนเทศบาลวัดเกตการาม", "category_raw": "amenity=school", "category_std": "education_religion", "category_std_th": "การศึกษาและศาสนา", "category_sub": "amenity=school", "category_sub_th": "โรงเรียน", "lat": 18.792526263086579, "lon": 99.002810434306113, "point_id": 33596, "side": "right", "pano_id": "cNXYBlAKsNQKA9q3oDNCKQ", "heading": 257.381, "poi_names": "โรงเรียนเทศบาลวัดเกตการาม", "categories": "amenity=school", "poi_count": 1 }, "geometry": { "type": "Point", "coordinates": [ 99.002810434306113, 18.792526263086579 ] } },
{ "type": "Feature", "properties": { "source": "sv", "poi_id": "33612_right", "poi_name": "โรงพยาบาลลานนา", "category_raw": "amenity=hospital", "category_std": "health", "category_std_th": "สุขภาพและการแพทย์", "category_sub": "amenity=hospital", "category_sub_th": "โรงพยาบาล", "lat": 18.812441948279773, "lon": 98.989916713630123, "point_id": 33612, "side": "right", "pano_id": "crmuZSLE3TlPn5yWpJn4_g", "heading": 98.948, "poi_names": "โรงพยาบาลลานนา", "categories": "amenity=hospital", "poi_count": 1 }, "geometry": { "type": "Point", "coordinates": [ 98.989916713630123, 18.812441948279773 ] } },
{ "type": "Feature", "properties": { "source": "sv", "poi_id": "33682_right", "poi_name": "68การเกษตร", "category_raw": "shop=yes", "category_std": "retail_commerce", "category_std_th": "การค้าปลีกและร้านค้า", "category_sub": "shop=yes", "category_sub_th": "ร้านค้าไม่ระบุประเภทย่อย", "lat": 18.806023479874312, "lon": 98.997946958383324, "point_id": 33682, "side": "right", "pano_id": "AjhhBfhRTupRdt186h_b8A", "heading": 168.472, "poi_names": "68การเกษตร", "categories": "shop=yes", "poi_count": 1 }, "geometry": { "type": "Point", "coordinates": [ 98.997946958383324, 18.806023479874312 ] } },
{ "type": "Feature", "properties": { "source": "sv", "poi_id": "33865_right", "poi_name": "หน่วยผลิตน้ำประปา", "category_raw": "office=government", "category_std": "office_professional", "category_std_th": "สำนักงานและบริการวิชาชีพ", "category_sub": "office=government", "category_sub_th": "หน่วยงานราชการ", "lat": 18.805398504265721, "lon": 98.947454556151541, "point_id": 33865, "side": "right", "pano_id": "b9sdEngeN81nxZPwCKZSaA", "heading": 264.604, "poi_names": "หน่วยผลิตน้ำประปา", "categories": "office=government", "poi_count": 1 }, "geometry": { "type": "Point", "coordinates": [ 98.947454556151541, 18.805398504265721 ] } },
{ "type": "Feature", "properties": { "source": "sv", "poi_id": "33952_right", "poi_name": "รังด่วน", "category_raw": "amenity=restaurant", "category_std": "food_beverage", "category_std_th": "อาหารและเครื่องดื่ม", "category_sub": "amenity=restaurant", "category_sub_th": "ร้านอาหาร", "lat": 18.777056849213874, "lon": 98.976826838107158, "point_id": 33952, "side": "right", "pano_id": "U73QB8OmK09Ir89rper3Ig", "heading": 98.37, "poi_names": "รังด่วน", "categories": "amenity=restaurant", "poi_count": 1 }, "geometry": { "type": "Point", "coordinates": [ 98.976826838107158, 18.777056849213874 ] } },
{ "type": "Feature", "properties": { "source": "sv", "poi_id": "33954_right", "poi_name": "ฮิตาชิ", "category_raw": "office=company", "category_std": "office_professional", "category_std_th": "สำนักงานและบริการวิชาชีพ", "category_sub": "office=company", "category_sub_th": "บริษัท", "lat": 18.777414849214388, "lon": 98.976881838305303, "point_id": 33954, "side": "right", "pano_id": "bNkPgDtwD0WkM5frxk5HIA", "heading": 98.37, "poi_names": "ฮิตาชิ", "categories": "office=company", "poi_count": 1 }, "geometry": { "type": "Point", "coordinates": [ 98.976881838305303, 18.777414849214388 ] } },
{ "type": "Feature", "properties": { "source": "sv", "poi_id": "33955_right", "poi_name": "ซัมซุง | ฮิตาชิ", "category_raw": "shop=electronics", "category_std": "retail_commerce", "category_std_th": "การค้าปลีกและร้านค้า", "category_sub": "shop=electronics", "category_sub_th": "ร้านเครื่องใช้ไฟฟ้าและอิเล็กทรอนิกส์", "lat": 18.777526337683828, "lon": 98.976898912390482, "point_id": 33955, "side": "right", "pano_id": "_cwxqSceq2W0UDXfGNg-mw", "heading": 98.057, "poi_names": "ซัมซุง | ฮิตาชิ", "categories": "shop=electronics", "poi_count": 2 }, "geometry": { "type": "Point", "coordinates": [ 98.976898912390482, 18.777526337683828 ] } },
{ "type": "Feature", "properties": { "source": "sv", "poi_id": "33985_right", "poi_name": "Heineken", "category_raw": "amenity=bar", "category_std": "food_beverage", "category_std_th": "อาหารและเครื่องดื่ม", "category_sub": "amenity=bar", "category_sub_th": "บาร์", "lat": 18.836796959135281, "lon": 98.984095046976819, "point_id": 33985, "side": "right", "pano_id": "mXU9DvSk5mh15SSEUB6x2Q", "heading": 170.263, "poi_names": "Heineken", "categories": "amenity=bar", "poi_count": 1 }, "geometry": { "type": "Point", "coordinates": [ 98.984095046976819, 18.836796959135281 ] } },
{ "type": "Feature", "properties": { "source": "sv", "poi_id": "33986_left", "poi_name": "นวดไทย", "category_raw": "shop=massage", "category_std": "personal_service_repair", "category_std_th": "บริการส่วนบุคคลและงานซ่อม", "category_sub": "shop=massage", "category_sub_th": "ร้านนวด", "lat": 18.836990038194266, "lon": 98.984151936683602, "point_id": 33986, "side": "left", "pano_id": "cwesKcfSfS7wKGIUCsEmPQ", "heading": 350.253, "poi_names": "นวดไทย", "categories": "shop=massage", "poi_count": 1 }, "geometry": { "type": "Point", "coordinates": [ 98.984151936683602, 18.836990038194266 ] } },
{ "type": "Feature", "properties": { "source": "sv", "poi_id": "34006_left", "poi_name": "ซัก อบ", "category_raw": "shop=yes", "category_std": "retail_commerce", "category_std_th": "การค้าปลีกและร้านค้า", "category_sub": "shop=yes", "category_sub_th": "ร้านค้าไม่ระบุประเภทย่อย", "lat": 18.836389921373343, "lon": 98.983256546079801, "point_id": 34006, "side": "left", "pano_id": "a0qUSoQX-QDXH0aQo_KiMQ", "heading": 77.261, "poi_names": "ซัก อบ", "categories": "shop=yes", "poi_count": 1 }, "geometry": { "type": "Point", "coordinates": [ 98.983256546079801, 18.836389921373343 ] } },
{ "type": "Feature", "properties": { "source": "sv", "poi_id": "34011_right", "poi_name": "ร้านเพิ่มทรัพย์", "category_raw": "shop=yes", "category_std": "retail_commerce", "category_std_th": "การค้าปลีกและร้านค้า", "category_sub": "shop=yes", "category_sub_th": "ร้านค้าไม่ระบุประเภทย่อย", "lat": 18.836704834440837, "lon": 98.98411527785214, "point_id": 34011, "side": "right", "pano_id": "PSdR0ZiQuX5mAXjIa3AciA", "heading": 257.752, "poi_names": "ร้านเพิ่มทรัพย์", "categories": "shop=yes", "poi_count": 1 }, "geometry": { "type": "Point", "coordinates": [ 98.98411527785214, 18.836704834440837 ] } },
{ "type": "Feature", "properties": { "source": "sv", "poi_id": "34018_left", "poi_name": "เชียงใหมเครื่องหมายข้าราชการ", "category_raw": "shop=clothes", "category_std": "retail_commerce", "category_std_th": "การค้าปลีกและร้านค้า", "category_sub": "shop=clothes", "category_sub_th": "ร้านเสื้อผ้า", "lat": 18.837134045922859, "lon": 98.983550984002846, "point_id": 34018, "side": "left", "pano_id": "UEzt88O3X_0ZbeNKlzyQAQ", "heading": 350.282, "poi_names": "เชียงใหมเครื่องหมายข้าราชการ", "categories": "shop=clothes", "poi_count": 1 }, "geometry": { "type": "Point", "coordinates": [ 98.983550984002846, 18.837134045922859 ] } },
{ "type": "Feature", "properties": { "source": "sv", "poi_id": "34102_left", "poi_name": "ชาอาวิหษา", "category_raw": "amenity=cafe", "category_std": "food_beverage", "category_std_th": "อาหารและเครื่องดื่ม", "category_sub": "amenity=cafe", "category_sub_th": "ร้านกาแฟ", "lat": 18.802522511229881, "lon": 98.953441744480443, "point_id": 34102, "side": "left", "pano_id": "Crf57GDgFf8Tl9yiHWylpA", "heading": 297.354, "poi_names": "ชาอาวิหษา", "categories": "amenity=cafe", "poi_count": 1 }, "geometry": { "type": "Point", "coordinates": [ 98.953441744480443, 18.802522511229881 ] } },
{ "type": "Feature", "properties": { "source": "sv", "poi_id": "34193_left", "poi_name": "โรงเรียนอาริสมหาวิกยาลัยร์", "category_raw": "amenity=school", "category_std": "education_religion", "category_std_th": "การศึกษาและศาสนา", "category_sub": "amenity=school", "category_sub_th": "โรงเรียน", "lat": 18.806683693452921, "lon": 98.987474923909417, "point_id": 34193, "side": "left", "pano_id": "Ta8r2ZpNvX0nKWj8Ve7X-w", "heading": 81.923, "poi_names": "โรงเรียนอาริสมหาวิกยาลัยร์", "categories": "amenity=school", "poi_count": 1 }, "geometry": { "type": "Point", "coordinates": [ 98.987474923909417, 18.806683693452921 ] } },
{ "type": "Feature", "properties": { "source": "sv", "poi_id": "34262_left", "poi_name": "ชใจนวดแผนไทย", "category_raw": "shop=massage", "category_std": "personal_service_repair", "category_std_th": "บริการส่วนบุคคลและงานซ่อม", "category_sub": "shop=massage", "category_sub_th": "ร้านนวด", "lat": 18.777902347274502, "lon": 98.977431412809082, "point_id": 34262, "side": "left", "pano_id": "L8bPugad6mfhtpLduc4FrA", "heading": 95.496, "poi_names": "ชใจนวดแผนไทย", "categories": "shop=massage", "poi_count": 1 }, "geometry": { "type": "Point", "coordinates": [ 98.977431412809082, 18.777902347274502 ] } },
{ "type": "Feature", "properties": { "source": "sv", "poi_id": "34278_left", "poi_name": "Cherbelle Clinic | Tofese Coffee", "category_raw": "amenity=clinic, amenity=cafe", "category_std": "health; food_beverage", "category_std_th": "สุขภาพและการแพทย์; อาหารและเครื่องดื่ม", "category_sub": "amenity=clinic, amenity=cafe", "category_sub_th": "คลินิก; ร้านกาแฟ", "lat": 18.80558041575344, "lon": 98.958597734277276, "point_id": 34278, "side": "left", "pano_id": "UBdnZOQ7T2g1j4SPphaWuw", "heading": 187.429, "poi_names": "Cherbelle Clinic | Tofese Coffee", "categories": "amenity=clinic, amenity=cafe", "poi_count": 2 }, "geometry": { "type": "Point", "coordinates": [ 98.958597734277276, 18.80558041575344 ] } },
{ "type": "Feature", "properties": { "source": "sv", "poi_id": "34427_left", "poi_name": "Furama", "category_raw": "tourism=hotel", "category_std": "tourism_culture", "category_std_th": "ที่พัก การท่องเที่ยว และวัฒนธรรม", "category_sub": "tourism=hotel", "category_sub_th": "โรงแรม", "lat": 18.802982636817617, "lon": 98.968978786919607, "point_id": 34427, "side": "left", "pano_id": "3YAggIUH6zNEf2UJ72Djjw", "heading": 117.964, "poi_names": "Furama", "categories": "tourism=hotel", "poi_count": 1 }, "geometry": { "type": "Point", "coordinates": [ 98.968978786919607, 18.802982636817617 ] } },
{ "type": "Feature", "properties": { "source": "sv", "poi_id": "34743_left", "poi_name": "Muay Thai Gym Chiangmai", "category_raw": "leisure=fitness_centre", "category_std": "sport_recreation", "category_std_th": "กีฬาและนันทนาการ", "category_sub": "leisure=fitness_centre", "category_sub_th": "ศูนย์ออกกำลังกาย", "lat": 18.792794665855663, "lon": 98.982575410240742, "point_id": 34743, "side": "left", "pano_id": "vrt7fDfaDpTY0DBjhkUPGQ", "heading": 352.982, "poi_names": "Muay Thai Gym Chiangmai", "categories": "leisure=fitness_centre", "poi_count": 1 }, "geometry": { "type": "Point", "coordinates": [ 98.982575410240742, 18.792794665855663 ] } },
{ "type": "Feature", "properties": { "source": "sv", "poi_id": "34839_right", "poi_name": "มุง่างซีฟู้ด", "category_raw": "amenity=restaurant", "category_std": "food_beverage", "category_std_th": "อาหารและเครื่องดื่ม", "category_sub": "amenity=restaurant", "category_sub_th": "ร้านอาหาร", "lat": 18.810022063562567, "lon": 99.003563449768038, "point_id": 34839, "side": "right", "pano_id": "UXLs8TvITby3mWbDRGPyxA", "heading": 4.504, "poi_names": "มุง่างซีฟู้ด", "categories": "amenity=restaurant", "poi_count": 1 }, "geometry": { "type": "Point", "coordinates": [ 99.003563449768038, 18.810022063562567 ] } },
{ "type": "Feature", "properties": { "source": "sv", "poi_id": "34850_left", "poi_name": "ลารีน่าเซ่", "category_raw": "shop=beauty", "category_std": "personal_service_repair", "category_std_th": "บริการส่วนบุคคลและงานซ่อม", "category_sub": "shop=beauty", "category_sub_th": "ร้านเสริมสวย", "lat": 18.810313144034343, "lon": 99.005440285553405, "point_id": 34850, "side": "left", "pano_id": "1XR19xOOVFWWPg2j2clRWQ", "heading": 3.799, "poi_names": "ลารีน่าเซ่", "categories": "shop=beauty", "poi_count": 1 }, "geometry": { "type": "Point", "coordinates": [ 99.005440285553405, 18.810313144034343 ] } },
{ "type": "Feature", "properties": { "source": "sv", "poi_id": "34879_right", "poi_name": "Zoe in Yellow", "category_raw": "amenity=bar", "category_std": "food_beverage", "category_std_th": "อาหารและเครื่องดื่ม", "category_sub": "amenity=bar", "category_sub_th": "บาร์", "lat": 18.774622171651707, "lon": 98.976636891543237, "point_id": 34879, "side": "right", "pano_id": "qhdIhZ0oDB3oXKIxtz4Yxw", "heading": 186.118, "poi_names": "Zoe in Yellow", "categories": "amenity=bar", "poi_count": 1 }, "geometry": { "type": "Point", "coordinates": [ 98.976636891543237, 18.774622171651707 ] } },
{ "type": "Feature", "properties": { "source": "sv", "poi_id": "34898_left", "poi_name": "The Essence Medical Clinic", "category_raw": "amenity=clinic", "category_std": "health", "category_std_th": "สุขภาพและการแพทย์", "category_sub": "amenity=clinic", "category_sub_th": "คลินิก", "lat": 18.7743734382525, "lon": 98.976817554353687, "point_id": 34898, "side": "left", "pano_id": "1i1RFnJ3_FHx4hPD5zZO0A", "heading": 187.54, "poi_names": "The Essence Medical Clinic", "categories": "amenity=clinic", "poi_count": 1 }, "geometry": { "type": "Point", "coordinates": [ 98.976817554353687, 18.7743734382525 ] } },
{ "type": "Feature", "properties": { "source": "sv", "poi_id": "35010_left", "poi_name": "โกเหลียง", "category_raw": "amenity=restaurant", "category_std": "food_beverage", "category_std_th": "อาหารและเครื่องดื่ม", "category_sub": "amenity=restaurant", "category_sub_th": "ร้านอาหาร", "lat": 18.78770793387514, "lon": 98.962540269085622, "point_id": 35010, "side": "left", "pano_id": "Njz5OdmlWBSODCXO1_8vlQ", "heading": 290.7, "poi_names": "โกเหลียง", "categories": "amenity=restaurant", "poi_count": 1 }, "geometry": { "type": "Point", "coordinates": [ 98.962540269085622, 18.78770793387514 ] } },
{ "type": "Feature", "properties": { "source": "sv", "poi_id": "35027_left", "poi_name": "ศูนย์แนะแนวศึกษาต่อต่างประเทศ โอเอสเอช โฮมิล เอ็ดดูเคชั่น", "category_raw": "office=company", "category_std": "office_professional", "category_std_th": "สำนักงานและบริการวิชาชีพ", "category_sub": "office=company", "category_sub_th": "บริษัท", "lat": 18.787804150675928, "lon": 98.963175182297476, "point_id": 35027, "side": "left", "pano_id": "eY1lzjYgpnbZ1bYnkjh_rw", "heading": 3.737, "poi_names": "ศูนย์แนะแนวศึกษาต่อต่างประเทศ โอเอสเอช โฮมิล เอ็ดดูเคชั่น", "categories": "office=company", "poi_count": 1 }, "geometry": { "type": "Point", "coordinates": [ 98.963175182297476, 18.787804150675928 ] } },
{ "type": "Feature", "properties": { "source": "sv", "poi_id": "35389_left", "poi_name": "Otig Reankham", "category_raw": "shop=yes", "category_std": "retail_commerce", "category_std_th": "การค้าปลีกและร้านค้า", "category_sub": "shop=yes", "category_sub_th": "ร้านค้าไม่ระบุประเภทย่อย", "lat": 18.807450619918438, "lon": 98.9839491892794, "point_id": 35389, "side": "left", "pano_id": "CAoSFkNJSE0wb2dLRUlDQWdJQ0UxLXVkRXc.", "heading": 188.371, "poi_names": "Otig Reankham", "categories": "shop=yes", "poi_count": 1 }, "geometry": { "type": "Point", "coordinates": [ 98.9839491892794, 18.807450619918438 ] } },
{ "type": "Feature", "properties": { "source": "sv", "poi_id": "35666_left", "poi_name": "Otrid Reankham", "category_raw": "shop=yes", "category_std": "retail_commerce", "category_std_th": "การค้าปลีกและร้านค้า", "category_sub": "shop=yes", "category_sub_th": "ร้านค้าไม่ระบุประเภทย่อย", "lat": 18.799456391242241, "lon": 98.950856570750858, "point_id": 35666, "side": "left", "pano_id": "CAoSF0NJSE0wb2dLRUlDQWdJQ3kwYV95OXdF", "heading": 264.532, "poi_names": "Otrid Reankham", "categories": "shop=yes", "poi_count": 1 }, "geometry": { "type": "Point", "coordinates": [ 98.950856570750858, 18.799456391242241 ] } },
{ "type": "Feature", "properties": { "source": "sv", "poi_id": "35688_right", "poi_name": "โรงพยาบาลเชียงใหม่ราม", "category_raw": "amenity=hospital", "category_std": "health", "category_std_th": "สุขภาพและการแพทย์", "category_sub": "amenity=hospital", "category_sub_th": "โรงพยาบาล", "lat": 18.809562543961817, "lon": 98.947159164534199, "point_id": 35688, "side": "right", "pano_id": "aZz8t_PZ3V6DZsDhaYoKig", "heading": 348.548, "poi_names": "โรงพยาบาลเชียงใหม่ราม", "categories": "amenity=hospital", "poi_count": 1 }, "geometry": { "type": "Point", "coordinates": [ 98.947159164534199, 18.809562543961817 ] } },
{ "type": "Feature", "properties": { "source": "sv", "poi_id": "35770_left", "poi_name": "มหาวิทยาลัยพายัพ", "category_raw": "amenity=university", "category_std": "education_religion", "category_std_th": "การศึกษาและศาสนา", "category_sub": "amenity=university", "category_sub_th": "มหาวิทยาลัย", "lat": 18.788952545470679, "lon": 99.00222021014244, "point_id": 35770, "side": "left", "pano_id": "z6238ywMNWSnqoDTLXXS6Q", "heading": 246.202, "poi_names": "มหาวิทยาลัยพายัพ", "categories": "amenity=university", "poi_count": 1 }, "geometry": { "type": "Point", "coordinates": [ 99.00222021014244, 18.788952545470679 ] } },
{ "type": "Feature", "properties": { "source": "sv", "poi_id": "35797_left", "poi_name": "มาสเตอร์ยนต์", "category_raw": "shop=car_repair", "category_std": "personal_service_repair", "category_std_th": "บริการส่วนบุคคลและงานซ่อม", "category_sub": "shop=car_repair", "category_sub_th": "อู่ซ่อมรถยนต์", "lat": 18.799347799150212, "lon": 98.992700966000299, "point_id": 35797, "side": "left", "pano_id": "-G7OyihcyNNFMEJT6pvLQw", "heading": 157.065, "poi_names": "มาสเตอร์ยนต์", "categories": "shop=car_repair", "poi_count": 1 }, "geometry": { "type": "Point", "coordinates": [ 98.992700966000299, 18.799347799150212 ] } },
{ "type": "Feature", "properties": { "source": "sv", "poi_id": "35797_right", "poi_name": "ไอเรียเฟอร์นิเจอร์", "category_raw": "shop=yes", "category_std": "retail_commerce", "category_std_th": "การค้าปลีกและร้านค้า", "category_sub": "shop=yes", "category_sub_th": "ร้านค้าไม่ระบุประเภทย่อย", "lat": 18.799514200841724, "lon": 98.992627033963402, "point_id": 35797, "side": "right", "pano_id": "-G7OyihcyNNFMEJT6pvLQw", "heading": 337.065, "poi_names": "ไอเรียเฟอร์นิเจอร์", "categories": "shop=yes", "poi_count": 1 }, "geometry": { "type": "Point", "coordinates": [ 98.992627033963402, 18.799514200841724 ] } },
{ "type": "Feature", "properties": { "source": "sv", "poi_id": "35835_left", "poi_name": "เชียงเซ่", "category_raw": "shop=yes", "category_std": "retail_commerce", "category_std_th": "การค้าปลีกและร้านค้า", "category_sub": "shop=yes", "category_sub_th": "ร้านค้าไม่ระบุประเภทย่อย", "lat": 18.802002796872959, "lon": 98.989910324142798, "point_id": 35835, "side": "left", "pano_id": "BUN5nBXkBI4oqLnJMACWPA", "heading": 100.332, "poi_names": "เชียงเซ่", "categories": "shop=yes", "poi_count": 1 }, "geometry": { "type": "Point", "coordinates": [ 98.989910324142798, 18.802002796872959 ] } },
{ "type": "Feature", "properties": { "source": "sv", "poi_id": "35838_right", "poi_name": "โรงพลศึกษา 2", "category_raw": "leisure=sports_centre", "category_std": "sport_recreation", "category_std_th": "กีฬาและนันทนาการ", "category_sub": "leisure=sports_centre", "category_sub_th": "ศูนย์กีฬา", "lat": 18.802324875515389, "lon": 98.99046446053076, "point_id": 35838, "side": "right", "pano_id": "A1aOkm4ROa_4qlA2nX2Xkg", "heading": 18.093, "poi_names": "โรงพลศึกษา 2", "categories": "leisure=sports_centre", "poi_count": 1 }, "geometry": { "type": "Point", "coordinates": [ 98.99046446053076, 18.802324875515389 ] } },
{ "type": "Feature", "properties": { "source": "sv", "poi_id": "35856_left", "poi_name": "กฤตยาเภสัช", "category_raw": "amenity=pharmacy", "category_std": "health", "category_std_th": "สุขภาพและการแพทย์", "category_sub": "amenity=pharmacy", "category_sub_th": "ร้านขายยา", "lat": 18.805633715431075, "lon": 98.993174578100167, "point_id": 35856, "side": "left", "pano_id": "42VPBZZ5gwyNBoSTpYW0nQ", "heading": 275.536, "poi_names": "กฤตยาเภสัช", "categories": "amenity=pharmacy", "poi_count": 1 }, "geometry": { "type": "Point", "coordinates": [ 98.993174578100167, 18.805633715431075 ] } },
{ "type": "Feature", "properties": { "source": "sv", "poi_id": "36191_left", "poi_name": "ชาบู อู๋เหมย", "category_raw": "amenity=restaurant", "category_std": "food_beverage", "category_std_th": "อาหารและเครื่องดื่ม", "category_sub": "amenity=restaurant", "category_sub_th": "ร้านอาหาร", "lat": 18.799476111440761, "lon": 99.013949805866361, "point_id": 36191, "side": "left", "pano_id": "fNNj0Za1lN6kpkAC4KHMbQ", "heading": 148.329, "poi_names": "ชาบู อู๋เหมย", "categories": "amenity=restaurant", "poi_count": 1 }, "geometry": { "type": "Point", "coordinates": [ 99.013949805866361, 18.799476111440761 ] } },
{ "type": "Feature", "properties": { "source": "sv", "poi_id": "36228_left", "poi_name": "เอื้ออาทรคอนโดมิเนียม", "category_raw": "tourism=hotel", "category_std": "tourism_culture", "category_std_th": "ที่พัก การท่องเที่ยว และวัฒนธรรม", "category_sub": "tourism=hotel", "category_sub_th": "โรงแรม", "lat": 18.785507516845257, "lon": 99.023228676074481, "point_id": 36228, "side": "left", "pano_id": "DYY-cDUdE3aQdjOSDjINsQ", "heading": 86.499, "poi_names": "เอื้ออาทรคอนโดมิเนียม", "categories": "tourism=hotel", "poi_count": 1 }, "geometry": { "type": "Point", "coordinates": [ 99.023228676074481, 18.785507516845257 ] } },
{ "type": "Feature", "properties": { "source": "sv", "poi_id": "36365_left", "poi_name": "วิทยาลัยนาฏศิลปเชียงใหม่", "category_raw": "amenity=university", "category_std": "education_religion", "category_std_th": "การศึกษาและศาสนา", "category_sub": "amenity=university", "category_sub_th": "มหาวิทยาลัย", "lat": 18.775325623713908, "lon": 98.991436657062081, "point_id": 36365, "side": "left", "pano_id": "WWBbCLAsPmePmfoQ8xfGTQ", "heading": 283.196, "poi_names": "วิทยาลัยนาฏศิลปเชียงใหม่", "categories": "amenity=university", "poi_count": 1 }, "geometry": { "type": "Point", "coordinates": [ 98.991436657062081, 18.775325623713908 ] } },
{ "type": "Feature", "properties": { "source": "sv", "poi_id": "36379_left", "poi_name": "แอร์พอร์ตลีลาศเรสเตอรองต์", "category_raw": "amenity=restaurant", "category_std": "food_beverage", "category_std_th": "อาหารและเครื่องดื่ม", "category_sub": "amenity=restaurant", "category_sub_th": "ร้านอาหาร", "lat": 18.768683835548387, "lon": 98.978873093141743, "point_id": 36379, "side": "left", "pano_id": "8vvZm0EMjAhp-EY33342rw", "heading": 258.401, "poi_names": "แอร์พอร์ตลีลาศเรสเตอรองต์", "categories": "amenity=restaurant", "poi_count": 1 }, "geometry": { "type": "Point", "coordinates": [ 98.978873093141743, 18.768683835548387 ] } },
{ "type": "Feature", "properties": { "source": "sv", "poi_id": "36457_left", "poi_name": "ศาลาชุมชนอินทนิล", "category_raw": "office=government", "category_std": "office_professional", "category_std_th": "สำนักงานและบริการวิชาชีพ", "category_sub": "office=government", "category_sub_th": "หน่วยงานราชการ", "lat": 18.781153118969364, "lon": 98.976066746192515, "point_id": 36457, "side": "left", "pano_id": "76mwBaW6xTPzDGxZfT803w", "heading": 276.431, "poi_names": "ศาลาชุมชนอินทนิล", "categories": "office=government", "poi_count": 1 }, "geometry": { "type": "Point", "coordinates": [ 98.976066746192515, 18.781153118969364 ] } },
{ "type": "Feature", "properties": { "source": "sv", "poi_id": "36632_left", "poi_name": "มูลนิธิดรุณาท", "category_raw": "office=company", "category_std": "office_professional", "category_std_th": "สำนักงานและบริการวิชาชีพ", "category_sub": "office=company", "category_sub_th": "บริษัท", "lat": 18.795388082327303, "lon": 99.015809803425995, "point_id": 36632, "side": "left", "pano_id": "aatH4V1wQPkNd-Tcr1e_zQ", "heading": 355.649, "poi_names": "มูลนิธิดรุณาท", "categories": "office=company", "poi_count": 1 }, "geometry": { "type": "Point", "coordinates": [ 99.015809803425995, 18.795388082327303 ] } },
{ "type": "Feature", "properties": { "source": "sv", "poi_id": "37072_left", "poi_name": "สอริโนส", "category_raw": "amenity=pharmacy", "category_std": "health", "category_std_th": "สุขภาพและการแพทย์", "category_sub": "amenity=pharmacy", "category_sub_th": "ร้านขายยา", "lat": 18.764877306835903, "lon": 99.006045317120837, "point_id": 37072, "side": "left", "pano_id": "B2TKgqb4AU_KIIlYv4aTNA", "heading": 358.379, "poi_names": "สอริโนส", "categories": "amenity=pharmacy", "poi_count": 1 }, "geometry": { "type": "Point", "coordinates": [ 99.006045317120837, 18.764877306835903 ] } },
{ "type": "Feature", "properties": { "source": "sv", "poi_id": "37166_right", "poi_name": "ศูนย์พัฒนาเด็กเล็ก", "category_raw": "amenity=school", "category_std": "education_religion", "category_std_th": "การศึกษาและศาสนา", "category_sub": "amenity=school", "category_sub_th": "โรงเรียน", "lat": 18.773199337404549, "lon": 99.004503346369916, "point_id": 37166, "side": "right", "pano_id": "l4JLbsFnHF7-PKRZ6jNAKQ", "heading": 33.498, "poi_names": "ศูนย์พัฒนาเด็กเล็ก", "categories": "amenity=school", "poi_count": 1 }, "geometry": { "type": "Point", "coordinates": [ 99.004503346369916, 18.773199337404549 ] } },
{ "type": "Feature", "properties": { "source": "sv", "poi_id": "37404_right", "poi_name": "aimnatr", "category_raw": "shop=yes", "category_std": "retail_commerce", "category_std_th": "การค้าปลีกและร้านค้า", "category_sub": "shop=yes", "category_sub_th": "ร้านค้าไม่ระบุประเภทย่อย", "lat": 18.764610657800961, "lon": 99.015602397269603, "point_id": 37404, "side": "right", "pano_id": "CDNYKKkBcP5p77AFz7KBCw", "heading": 179.76, "poi_names": "aimnatr", "categories": "shop=yes", "poi_count": 1 }, "geometry": { "type": "Point", "coordinates": [ 99.015602397269603, 18.764610657800961 ] } },
{ "type": "Feature", "properties": { "source": "sv", "poi_id": "37661_right", "poi_name": "ศรีพิฆเนศ", "category_raw": "tourism=attraction", "category_std": "tourism_culture", "category_std_th": "ที่พัก การท่องเที่ยว และวัฒนธรรม", "category_sub": "tourism=attraction", "category_sub_th": "แหล่งท่องเที่ยว", "lat": 18.80137339374134, "lon": 99.015949609220556, "point_id": 37661, "side": "right", "pano_id": "Tz-4OJxBRkqkTon8SHYulQ", "heading": 226.133, "poi_names": "ศรีพิฆเนศ", "categories": "tourism=attraction", "poi_count": 1 }, "geometry": { "type": "Point", "coordinates": [ 99.015949609220556, 18.80137339374134 ] } },
{ "type": "Feature", "properties": { "source": "sv", "poi_id": "37678_left", "poi_name": "A Campus", "category_raw": "amenity=university", "category_std": "education_religion", "category_std_th": "การศึกษาและศาสนา", "category_sub": "amenity=university", "category_sub_th": "มหาวิทยาลัย", "lat": 18.799697437343774, "lon": 98.990608379260294, "point_id": 37678, "side": "left", "pano_id": "bJeTTxDXLDBe-vTGuEylOQ", "heading": 11.788, "poi_names": "A Campus", "categories": "amenity=university", "poi_count": 1 }, "geometry": { "type": "Point", "coordinates": [ 98.990608379260294, 18.799697437343774 ] } },
{ "type": "Feature", "properties": { "source": "sv", "poi_id": "38001_right", "poi_name": "คลินิกทันตกรรม", "category_raw": "amenity=dentist", "category_std": "health", "category_std_th": "สุขภาพและการแพทย์", "category_sub": "amenity=dentist", "category_sub_th": "คลินิกทันตกรรม", "lat": 18.768255121242198, "lon": 98.977200101507236, "point_id": 38001, "side": "right", "pano_id": "laZz8wM6uOuniLHXsScrNQ", "heading": 134.107, "poi_names": "คลินิกทันตกรรม", "categories": "amenity=dentist", "poi_count": 1 }, "geometry": { "type": "Point", "coordinates": [ 98.977200101507236, 18.768255121242198 ] } },
{ "type": "Feature", "properties": { "source": "sv", "poi_id": "38005_left", "poi_name": "ชาครัว", "category_raw": "amenity=restaurant", "category_std": "food_beverage", "category_std_th": "อาหารและเครื่องดื่ม", "category_sub": "amenity=restaurant", "category_sub_th": "ร้านอาหาร", "lat": 18.768614294311281, "lon": 98.977528569400107, "point_id": 38005, "side": "left", "pano_id": "Vk9enuCwUQmTSu9iTidtMA", "heading": 345.073, "poi_names": "ชาครัว", "categories": "amenity=restaurant", "poi_count": 1 }, "geometry": { "type": "Point", "coordinates": [ 98.977528569400107, 18.768614294311281 ] } },
{ "type": "Feature", "properties": { "source": "sv", "poi_id": "38006_right", "poi_name": "the classy", "category_raw": "shop=yes", "category_std": "retail_commerce", "category_std_th": "การค้าปลีกและร้านค้า", "category_sub": "shop=yes", "category_sub_th": "ร้านค้าไม่ระบุประเภทย่อย", "lat": 18.768484426649721, "lon": 98.977750679993846, "point_id": 38006, "side": "right", "pano_id": "uZ1hM8qLugcE6G6YYxlhsw", "heading": 168.641, "poi_names": "the classy", "categories": "shop=yes", "poi_count": 1 }, "geometry": { "type": "Point", "coordinates": [ 98.977750679993846, 18.768484426649721 ] } },
{ "type": "Feature", "properties": { "source": "sv", "poi_id": "38007_left", "poi_name": "ศุภาลัย", "category_raw": "office=company", "category_std": "office_professional", "category_std_th": "สำนักงานและบริการวิชาชีพ", "category_sub": "office=company", "category_sub_th": "บริษัท", "lat": 18.768676635133428, "lon": 98.977795107383443, "point_id": 38007, "side": "left", "pano_id": "CmhBR8qqOOaAkPLlfRSUww", "heading": 343.528, "poi_names": "ศุภาลัย", "categories": "office=company", "poi_count": 1 }, "geometry": { "type": "Point", "coordinates": [ 98.977795107383443, 18.768676635133428 ] } },
{ "type": "Feature", "properties": { "source": "sv", "poi_id": "38058_right", "poi_name": "มหาวิทยาลัยการกีฬาแห่งชาติ", "category_raw": "amenity=university", "category_std": "education_religion", "category_std_th": "การศึกษาและศาสนา", "category_sub": "amenity=university", "category_sub_th": "มหาวิทยาลัย", "lat": 18.801286503378737, "lon": 98.991578065898153, "point_id": 38058, "side": "right", "pano_id": "f7BQLSvLWvIq7b0us8ZPWA", "heading": 101.167, "poi_names": "มหาวิทยาลัยการกีฬาแห่งชาติ", "categories": "amenity=university", "poi_count": 1 }, "geometry": { "type": "Point", "coordinates": [ 98.991578065898153, 18.801286503378737 ] } },
{ "type": "Feature", "properties": { "source": "sv", "poi_id": "38060_right", "poi_name": "วิทยาลัยพาณิชยการเชียงใหม่", "category_raw": "amenity=university", "category_std": "education_religion", "category_std_th": "การศึกษาและศาสนา", "category_sub": "amenity=university", "category_sub_th": "มหาวิทยาลัย", "lat": 18.801641503379411, "lon": 98.991651066093297, "point_id": 38060, "side": "right", "pano_id": "J7mCNVKta65UINcaqUbUeQ", "heading": 101.167, "poi_names": "วิทยาลัยพาณิชยการเชียงใหม่", "categories": "amenity=university", "poi_count": 1 }, "geometry": { "type": "Point", "coordinates": [ 98.991651066093297, 18.801641503379411 ] } },
{ "type": "Feature", "properties": { "source": "sv", "poi_id": "38144_left", "poi_name": "สำนักงานเครือทองธุรกิจการบัญชี", "category_raw": "office=accountant", "category_std": "office_professional", "category_std_th": "สำนักงานและบริการวิชาชีพ", "category_sub": "office=accountant", "category_sub_th": "สำนักงานบัญชี", "lat": 18.840088459930492, "lon": 98.977641483657607, "point_id": 38144, "side": "left", "pano_id": "gOBbAA9Z_sqzjfdeNw5d3A", "heading": 343.142, "poi_names": "สำนักงานเครือทองธุรกิจการบัญชี", "categories": "office=accountant", "poi_count": 1 }, "geometry": { "type": "Point", "coordinates": [ 98.977641483657607, 18.840088459930492 ] } },
{ "type": "Feature", "properties": { "source": "sv", "poi_id": "38223_left", "poi_name": "จริงใจ Farmers Market เชียงใหม่", "category_raw": "shop=yes", "category_std": "retail_commerce", "category_std_th": "การค้าปลีกและร้านค้า", "category_sub": "shop=yes", "category_sub_th": "ร้านค้าไม่ระบุประเภทย่อย", "lat": 18.806320155223709, "lon": 98.995299162246098, "point_id": 38223, "side": "left", "pano_id": "6u1-pZ3glaM3mFmnPqHZGA", "heading": 271.367, "poi_names": "จริงใจ Farmers Market เชียงใหม่", "categories": "shop=yes", "poi_count": 1 }, "geometry": { "type": "Point", "coordinates": [ 98.995299162246098, 18.806320155223709 ] } },
{ "type": "Feature", "properties": { "source": "sv", "poi_id": "38247_left", "poi_name": "วัดปาเป้า", "category_raw": "amenity=place_of_worship", "category_std": "education_religion", "category_std_th": "การศึกษาและศาสนา", "category_sub": "amenity=place_of_worship", "category_sub_th": "ศาสนสถาน", "lat": 18.795600760392968, "lon": 98.992432797740037, "point_id": 38247, "side": "left", "pano_id": "5Nzc-y3hi3SVVTTzUbngOw", "heading": 92.055, "poi_names": "วัดปาเป้า", "categories": "amenity=place_of_worship", "poi_count": 1 }, "geometry": { "type": "Point", "coordinates": [ 98.992432797740037, 18.795600760392968 ] } },
{ "type": "Feature", "properties": { "source": "sv", "poi_id": "38295_right", "poi_name": "นิ่มซี่เส็ง", "category_raw": "office=company", "category_std": "office_professional", "category_std_th": "สำนักงานและบริการวิชาชีพ", "category_sub": "office=company", "category_sub_th": "บริษัท", "lat": 18.768467862931999, "lon": 98.985294235970585, "point_id": 38295, "side": "right", "pano_id": "Dnm_JhT5orf-sPjJVUzUTg", "heading": 354.091, "poi_names": "นิ่มซี่เส็ง", "categories": "office=company", "poi_count": 1 }, "geometry": { "type": "Point", "coordinates": [ 98.985294235970585, 18.768467862931999 ] } },
{ "type": "Feature", "properties": { "source": "sv", "poi_id": "38310_left", "poi_name": "Skywash | Lotus", "category_raw": "shop=yes, shop=supermarket", "category_std": "retail_commerce", "category_std_th": "การค้าปลีกและร้านค้า", "category_sub": "shop=yes, shop=supermarket", "category_sub_th": "ร้านค้าไม่ระบุประเภทย่อย; ซูเปอร์มาร์เก็ต", "lat": 18.770946729306605, "lon": 98.985160654033962, "point_id": 38310, "side": "left", "pano_id": "HJd9yDb7CUl6cT2-844wkA", "heading": 86.364, "poi_names": "Skywash | Lotus", "categories": "shop=yes, shop=supermarket", "poi_count": 2 }, "geometry": { "type": "Point", "coordinates": [ 98.985160654033962, 18.770946729306605 ] } },
{ "type": "Feature", "properties": { "source": "sv", "poi_id": "38310_right", "poi_name": "โรงแรมอภิพล | โรงแรมบีพี", "category_raw": "tourism=hotel", "category_std": "tourism_culture", "category_std_th": "ที่พัก การท่องเที่ยว และวัฒนธรรม", "category_sub": "tourism=hotel", "category_sub_th": "โรงแรม", "lat": 18.770935270645456, "lon": 98.98497134597244, "point_id": 38310, "side": "right", "pano_id": "HJd9yDb7CUl6cT2-844wkA", "heading": 266.364, "poi_names": "โรงแรมอภิพล | โรงแรมบีพี", "categories": "tourism=hotel", "poi_count": 2 }, "geometry": { "type": "Point", "coordinates": [ 98.98497134597244, 18.770935270645456 ] } },
{ "type": "Feature", "properties": { "source": "sv", "poi_id": "38359_right", "poi_name": "ร้านน้องชัน", "category_raw": "shop=yes", "category_std": "retail_commerce", "category_std_th": "การค้าปลีกและร้านค้า", "category_sub": "shop=yes", "category_sub_th": "ร้านค้าไม่ระบุประเภทย่อย", "lat": 18.7913838926154, "lon": 98.999922157769646, "point_id": 38359, "side": "right", "pano_id": "PRT4MQgdktyUNW0J3vUp2g", "heading": 164.62, "poi_names": "ร้านน้องชัน", "categories": "shop=yes", "poi_count": 1 }, "geometry": { "type": "Point", "coordinates": [ 98.999922157769646, 18.7913838926154 ] } },
{ "type": "Feature", "properties": { "source": "sv", "poi_id": "38361_left", "poi_name": "พิงก์กี", "category_raw": "shop=yes", "category_std": "retail_commerce", "category_std_th": "การค้าปลีกและร้านค้า", "category_sub": "shop=yes", "category_sub_th": "ร้านค้าไม่ระบุประเภทย่อย", "lat": 18.791654107379514, "lon": 99.000237842190245, "point_id": 38361, "side": "left", "pano_id": "fRaxwQsg3VzKDyF0RgqtgA", "heading": 344.62, "poi_names": "พิงก์กี", "categories": "shop=yes", "poi_count": 1 }, "geometry": { "type": "Point", "coordinates": [ 99.000237842190245, 18.791654107379514 ] } },
{ "type": "Feature", "properties": { "source": "sv", "poi_id": "38393_right", "poi_name": "ห้องพักรายวัน", "category_raw": "tourism=guest_house", "category_std": "tourism_culture", "category_std_th": "ที่พัก การท่องเที่ยว และวัฒนธรรม", "category_sub": "tourism=guest_house", "category_sub_th": "เกสต์เฮาส์", "lat": 18.763569285463849, "lon": 99.009141384338434, "point_id": 38393, "side": "right", "pano_id": "l8j4L5JzkjKGofDKw2emdw", "heading": 2.045, "poi_names": "ห้องพักรายวัน", "categories": "tourism=guest_house", "poi_count": 1 }, "geometry": { "type": "Point", "coordinates": [ 99.009141384338434, 18.763569285463849 ] } },
{ "type": "Feature", "properties": { "source": "sv", "poi_id": "38410_left", "poi_name": "Tribal Steam Coffee", "category_raw": "amenity=cafe", "category_std": "food_beverage", "category_std_th": "อาหารและเครื่องดื่ม", "category_sub": "amenity=cafe", "category_sub_th": "ร้านกาแฟ", "lat": 18.775466137102999, "lon": 98.999067496728742, "point_id": 38410, "side": "left", "pano_id": "p8Hzrubswdtzbh7n15UkEw", "heading": 24.609, "poi_names": "Tribal Steam Coffee", "categories": "amenity=cafe", "poi_count": 1 }, "geometry": { "type": "Point", "coordinates": [ 98.999067496728742, 18.775466137102999 ] } },
{ "type": "Feature", "properties": { "source": "sv", "poi_id": "38468_left", "poi_name": "Thunnee Restaurant", "category_raw": "amenity=restaurant", "category_std": "food_beverage", "category_std_th": "อาหารและเครื่องดื่ม", "category_sub": "amenity=restaurant", "category_sub_th": "ร้านอาหาร", "lat": 18.790758259955854, "lon": 98.987270940176046, "point_id": 38468, "side": "left", "pano_id": "SXuHsd4fAKXrBvwY-WwFeg", "heading": 357.547, "poi_names": "Thunnee Restaurant", "categories": "amenity=restaurant", "poi_count": 1 }, "geometry": { "type": "Point", "coordinates": [ 98.987270940176046, 18.790758259955854 ] } },
{ "type": "Feature", "properties": { "source": "sv", "poi_id": "38470_left", "poi_name": "Coffea House", "category_raw": "amenity=cafe", "category_std": "food_beverage", "category_std_th": "อาหารและเครื่องดื่ม", "category_sub": "amenity=cafe", "category_sub_th": "ร้านกาแฟ", "lat": 18.7907742599557, "lon": 98.987649940175658, "point_id": 38470, "side": "left", "pano_id": "pIoBjfSMMbm9C0D_aIWRMA", "heading": 357.547, "poi_names": "Coffea House", "categories": "amenity=cafe", "poi_count": 1 }, "geometry": { "type": "Point", "coordinates": [ 98.987649940175658, 18.7907742599557 ] } },
{ "type": "Feature", "properties": { "source": "sv", "poi_id": "38487_left", "poi_name": "Chiangmai Womens Press", "category_raw": "office=company", "category_std": "office_professional", "category_std_th": "สำนักงานและบริการวิชาชีพ", "category_sub": "office=company", "category_sub_th": "บริษัท", "lat": 18.790308993825683, "lon": 98.9858799010144, "point_id": 38487, "side": "left", "pano_id": "w2RRmGJMjZ5QD-5EoRKSfg", "heading": 290.064, "poi_names": "Chiangmai Womens Press", "categories": "office=company", "poi_count": 1 }, "geometry": { "type": "Point", "coordinates": [ 98.9858799010144, 18.790308993825683 ] } },
{ "type": "Feature", "properties": { "source": "sv", "poi_id": "38508_left", "poi_name": "ก๋วยจั๊บน้ำข้นอนุสาวรีย์", "category_raw": "amenity=restaurant", "category_std": "food_beverage", "category_std_th": "อาหารและเครื่องดื่ม", "category_sub": "amenity=restaurant", "category_sub_th": "ร้านอาหาร", "lat": 18.791214649260525, "lon": 98.986097907532525, "point_id": 38508, "side": "left", "pano_id": "EL7Pb3qqOtw6gvJ7wqkW2A", "heading": 283.865, "poi_names": "ก๋วยจั๊บน้ำข้นอนุสาวรีย์", "categories": "amenity=restaurant", "poi_count": 1 }, "geometry": { "type": "Point", "coordinates": [ 98.986097907532525, 18.791214649260525 ] } },
{ "type": "Feature", "properties": { "source": "sv", "poi_id": "38543_left", "poi_name": "อาคารทาพรรณ", "category_raw": "office=company", "category_std": "office_professional", "category_std_th": "สำนักงานและบริการวิชาชีพ", "category_sub": "office=company", "category_sub_th": "บริษัท", "lat": 18.77972530464735, "lon": 99.027632965991842, "point_id": 38543, "side": "left", "pano_id": "0have4UEMj4q3wb3URhG-Q", "heading": 82.172, "poi_names": "อาคารทาพรรณ", "categories": "office=company", "poi_count": 1 }, "geometry": { "type": "Point", "coordinates": [ 99.027632965991842, 18.77972530464735 ] } },
{ "type": "Feature", "properties": { "source": "sv", "poi_id": "38580_left", "poi_name": "ข้าวราดแกงใต้", "category_raw": "amenity=restaurant", "category_std": "food_beverage", "category_std_th": "อาหารและเครื่องดื่ม", "category_sub": "amenity=restaurant", "category_sub_th": "ร้านอาหาร", "lat": 18.773629923395514, "lon": 99.028488016774446, "point_id": 38580, "side": "left", "pano_id": "Ry3vLQp8Xc9SjGWeEP7KMQ", "heading": 82.416, "poi_names": "ข้าวราดแกงใต้", "categories": "amenity=restaurant", "poi_count": 1 }, "geometry": { "type": "Point", "coordinates": [ 99.028488016774446, 18.773629923395514 ] } },
{ "type": "Feature", "properties": { "source": "sv", "poi_id": "38610_left", "poi_name": "The Canal", "category_raw": "amenity=restaurant", "category_std": "food_beverage", "category_std_th": "อาหารและเครื่องดื่ม", "category_sub": "amenity=restaurant", "category_sub_th": "ร้านอาหาร", "lat": 18.786935648174129, "lon": 98.9782617437846, "point_id": 38610, "side": "left", "pano_id": "Q8xGIms8QqHINlee_bM4ag", "heading": 92.761, "poi_names": "The Canal", "categories": "amenity=restaurant", "poi_count": 1 }, "geometry": { "type": "Point", "coordinates": [ 98.9782617437846, 18.786935648174129 ] } },
{ "type": "Feature", "properties": { "source": "sv", "poi_id": "38662_left", "poi_name": "ua massage", "category_raw": "shop=massage", "category_std": "personal_service_repair", "category_std_th": "บริการส่วนบุคคลและงานซ่อม", "category_sub": "shop=massage", "category_sub_th": "ร้านนวด", "lat": 18.784751711940871, "lon": 98.981856189835639, "point_id": 38662, "side": "left", "pano_id": "vy6yPvMB0MgbPrLsIDle6A", "heading": 6.775, "poi_names": "ua massage", "categories": "shop=massage", "poi_count": 1 }, "geometry": { "type": "Point", "coordinates": [ 98.981856189835639, 18.784751711940871 ] } },
{ "type": "Feature", "properties": { "source": "sv", "poi_id": "38721_left", "poi_name": "มั่งมีเครื่องนอน", "category_raw": "shop=yes", "category_std": "retail_commerce", "category_std_th": "การค้าปลีกและร้านค้า", "category_sub": "shop=yes", "category_sub_th": "ร้านค้าไม่ระบุประเภทย่อย", "lat": 18.788240789778371, "lon": 98.959954450015886, "point_id": 38721, "side": "left", "pano_id": "D-ONOTBuf7E_5Vjn3uL0GA", "heading": 107.529, "poi_names": "มั่งมีเครื่องนอน", "categories": "shop=yes", "poi_count": 1 }, "geometry": { "type": "Point", "coordinates": [ 98.959954450015886, 18.788240789778371 ] } },
{ "type": "Feature", "properties": { "source": "sv", "poi_id": "38793_left", "poi_name": "CNX Ink", "category_raw": "shop=yes", "category_std": "retail_commerce", "category_std_th": "การค้าปลีกและร้านค้า", "category_sub": "shop=yes", "category_sub_th": "ร้านค้าไม่ระบุประเภทย่อย", "lat": 18.783306652190262, "lon": 98.992780333955693, "point_id": 38793, "side": "left", "pano_id": "WMY2qSw7GQLMOg3AxoHBwA", "heading": 273.587, "poi_names": "CNX Ink", "categories": "shop=yes", "poi_count": 1 }, "geometry": { "type": "Point", "coordinates": [ 98.992780333955693, 18.783306652190262 ] } },
{ "type": "Feature", "properties": { "source": "sv", "poi_id": "38795_left", "poi_name": "เต้ยดนตรี", "category_raw": "shop=yes", "category_std": "retail_commerce", "category_std_th": "การค้าปลีกและร้านค้า", "category_sub": "shop=yes", "category_sub_th": "ร้านค้าไม่ระบุประเภทย่อย", "lat": 18.783528032971688, "lon": 98.99279535974118, "point_id": 38795, "side": "left", "pano_id": "JMNGNGwDcvQyg9yUahk3OQ", "heading": 273.829, "poi_names": "เต้ยดนตรี", "categories": "shop=yes", "poi_count": 1 }, "geometry": { "type": "Point", "coordinates": [ 98.99279535974118, 18.783528032971688 ] } },
{ "type": "Feature", "properties": { "source": "sv", "poi_id": "38798_left", "poi_name": "วังบูรพาแกรนด์", "category_raw": "tourism=hotel", "category_std": "tourism_culture", "category_std_th": "ที่พัก การท่องเที่ยว และวัฒนธรรม", "category_sub": "tourism=hotel", "category_sub_th": "โรงแรม", "lat": 18.783798641174084, "lon": 98.992812332956603, "point_id": 38798, "side": "left", "pano_id": "nj172b7R1l-xYcu6-CWUhQ", "heading": 273.58, "poi_names": "วังบูรพาแกรนด์", "categories": "tourism=hotel", "poi_count": 1 }, "geometry": { "type": "Point", "coordinates": [ 98.992812332956603, 18.783798641174084 ] } },
{ "type": "Feature", "properties": { "source": "sv", "poi_id": "38808_left", "poi_name": "Sompetch Clinic", "category_raw": "amenity=clinic", "category_std": "health", "category_std_th": "สุขภาพและการแพทย์", "category_sub": "amenity=clinic", "category_sub_th": "คลินิก", "lat": 18.790937239047825, "lon": 98.993288370333019, "point_id": 38808, "side": "left", "pano_id": "dA6EVtLo-UoWgFBZI9OQTA", "heading": 273.96, "poi_names": "Sompetch Clinic", "categories": "amenity=clinic", "poi_count": 1 }, "geometry": { "type": "Point", "coordinates": [ 98.993288370333019, 18.790937239047825 ] } },
{ "type": "Feature", "properties": { "source": "sv", "poi_id": "38812_left", "poi_name": "exchange", "category_raw": "amenity=bank", "category_std": "finance_insurance", "category_std_th": "การเงินและประกันภัย", "category_sub": "amenity=bank", "category_sub_th": "ธนาคาร", "lat": 18.791544278372164, "lon": 98.993332372861261, "point_id": 38812, "side": "left", "pano_id": "Qnr3kRTFtl2TeG8ukQoAsA", "heading": 273.985, "poi_names": "exchange", "categories": "amenity=bank", "poi_count": 1 }, "geometry": { "type": "Point", "coordinates": [ 98.993332372861261, 18.791544278372164 ] } },
{ "type": "Feature", "properties": { "source": "sv", "poi_id": "38816_left", "poi_name": "Iris Hostel", "category_raw": "tourism=hostel", "category_std": "tourism_culture", "category_std_th": "ที่พัก การท่องเที่ยว และวัฒนธรรม", "category_sub": "tourism=hostel", "category_sub_th": "โฮสเทล", "lat": 18.790122179681063, "lon": 98.993234203090879, "point_id": 38816, "side": "left", "pano_id": "LJAqOaiL_aetvTbKvHl3cQ", "heading": 272.017, "poi_names": "Iris Hostel", "categories": "tourism=hostel", "poi_count": 1 }, "geometry": { "type": "Point", "coordinates": [ 98.993234203090879, 18.790122179681063 ] } },
{ "type": "Feature", "properties": { "source": "sv", "poi_id": "38830_left", "poi_name": "Violet Clinic", "category_raw": "amenity=clinic", "category_std": "health", "category_std_th": "สุขภาพและการแพทย์", "category_sub": "amenity=clinic", "category_sub_th": "คลินิก", "lat": 18.790185691935463, "lon": 98.962730969380274, "point_id": 38830, "side": "left", "pano_id": "dqPBuhTxp2kY7wJ4FU2qhA", "heading": 197.188, "poi_names": "Violet Clinic", "categories": "amenity=clinic", "poi_count": 1 }, "geometry": { "type": "Point", "coordinates": [ 98.962730969380274, 18.790185691935463 ] } },
{ "type": "Feature", "properties": { "source": "sv", "poi_id": "38833_right", "poi_name": "พี.ธ. แอร์รถยนต์", "category_raw": "shop=car_repair", "category_std": "personal_service_repair", "category_std_th": "บริการส่วนบุคคลและงานซ่อม", "category_sub": "shop=car_repair", "category_sub_th": "อู่ซ่อมรถยนต์", "lat": 18.763312266880156, "lon": 98.995952215267778, "point_id": 38833, "side": "right", "pano_id": "dMkHV0hMqf9y60diaVHvVg", "heading": 12.307, "poi_names": "พี.ธ. แอร์รถยนต์", "categories": "shop=car_repair", "poi_count": 1 }, "geometry": { "type": "Point", "coordinates": [ 98.995952215267778, 18.763312266880156 ] } },
{ "type": "Feature", "properties": { "source": "sv", "poi_id": "38860_left", "poi_name": "ท่อไอเสีย", "category_raw": "shop=car_repair", "category_std": "personal_service_repair", "category_std_th": "บริการส่วนบุคคลและงานซ่อม", "category_sub": "shop=car_repair", "category_sub_th": "อู่ซ่อมรถยนต์", "lat": 18.762380347975785, "lon": 98.994847020620995, "point_id": 38860, "side": "left", "pano_id": "Ulz3DaWl_XlJEGzx5O9M0g", "heading": 40.84, "poi_names": "ท่อไอเสีย", "categories": "shop=car_repair", "poi_count": 1 }, "geometry": { "type": "Point", "coordinates": [ 98.994847020620995, 18.762380347975785 ] } },
{ "type": "Feature", "properties": { "source": "sv", "poi_id": "38865_left", "poi_name": "ริบบ์ปา", "category_raw": "shop=motorcycle_repair", "category_std": "personal_service_repair", "category_std_th": "บริการส่วนบุคคลและงานซ่อม", "category_sub": "shop=motorcycle_repair", "category_sub_th": "ร้านซ่อมรถจักรยานยนต์", "lat": 18.761883622549629, "lon": 98.995454685409953, "point_id": 38865, "side": "left", "pano_id": "Gp-auzbUrNsJizRr2mOeeg", "heading": 40.573, "poi_names": "ริบบ์ปา", "categories": "shop=motorcycle_repair", "poi_count": 1 }, "geometry": { "type": "Point", "coordinates": [ 98.995454685409953, 18.761883622549629 ] } },
{ "type": "Feature", "properties": { "source": "sv", "poi_id": "38870_left", "poi_name": "ฟาร์มาเมด | Eachother Hostel", "category_raw": "amenity=pharmacy, tourism=hostel", "category_std": "health; tourism_culture", "category_std_th": "สุขภาพและการแพทย์; ที่พัก การท่องเที่ยว และวัฒนธรรม", "category_sub": "amenity=pharmacy, tourism=hostel", "category_sub_th": "ร้านขายยา; โฮสเทล", "lat": 18.761409721934623, "lon": 98.9960355631911, "point_id": 38870, "side": "left", "pano_id": "EVRzokeLIc24c-42J_ZW2A", "heading": 40.476, "poi_names": "ฟาร์มาเมด | Eachother Hostel", "categories": "amenity=pharmacy, tourism=hostel", "poi_count": 2 }, "geometry": { "type": "Point", "coordinates": [ 98.9960355631911, 18.761409721934623 ] } },
{ "type": "Feature", "properties": { "source": "sv", "poi_id": "38878_left", "poi_name": "เดอะรูม", "category_raw": "tourism=hotel", "category_std": "tourism_culture", "category_std_th": "ที่พัก การท่องเที่ยว และวัฒนธรรม", "category_sub": "tourism=hotel", "category_sub_th": "โรงแรม", "lat": 18.761147315928856, "lon": 98.995822390329479, "point_id": 38878, "side": "left", "pano_id": "1fo-dJQ9H1a3X92G22tB6w", "heading": 220.513, "poi_names": "เดอะรูม", "categories": "tourism=hotel", "poi_count": 1 }, "geometry": { "type": "Point", "coordinates": [ 98.995822390329479, 18.761147315928856 ] } },
{ "type": "Feature", "properties": { "source": "sv", "poi_id": "38883_right", "poi_name": "เชียงใหม่โลหะภัณฑ์", "category_raw": "shop=yes", "category_std": "retail_commerce", "category_std_th": "การค้าปลีกและร้านค้า", "category_sub": "shop=yes", "category_sub_th": "ร้านค้าไม่ระบุประเภทย่อย", "lat": 18.761702836065432, "lon": 98.995424636683424, "point_id": 38883, "side": "right", "pano_id": "9TuZN69TLduh9HJQeQ9kSQ", "heading": 41.334, "poi_names": "เชียงใหม่โลหะภัณฑ์", "categories": "shop=yes", "poi_count": 1 }, "geometry": { "type": "Point", "coordinates": [ 98.995424636683424, 18.761702836065432 ] } },
{ "type": "Feature", "properties": { "source": "sv", "poi_id": "38910_left", "poi_name": "น้าปิงปศุสัตว์", "category_raw": "shop=yes", "category_std": "retail_commerce", "category_std_th": "การค้าปลีกและร้านค้า", "category_sub": "shop=yes", "category_sub_th": "ร้านค้าไม่ระบุประเภทย่อย", "lat": 18.789737999251589, "lon": 98.964541438869603, "point_id": 38910, "side": "left", "pano_id": "XU11t8jeA6m-VWbytYqj1w", "heading": 195.633, "poi_names": "น้าปิงปศุสัตว์", "categories": "shop=yes", "poi_count": 1 }, "geometry": { "type": "Point", "coordinates": [ 98.964541438869603, 18.789737999251589 ] } },
{ "type": "Feature", "properties": { "source": "sv", "poi_id": "38919_left", "poi_name": "บริษัทอาจารกรุ๊ป เชียงใหม่", "category_raw": "office=company", "category_std": "office_professional", "category_std_th": "สำนักงานและบริการวิชาชีพ", "category_sub": "office=company", "category_sub_th": "บริษัท", "lat": 18.789046000888224, "lon": 98.970378734484584, "point_id": 38919, "side": "left", "pano_id": "Rx3b9zQWBi_-k1Ayewia7g", "heading": 184.999, "poi_names": "บริษัทอาจารกรุ๊ป เชียงใหม่", "categories": "office=company", "poi_count": 1 }, "geometry": { "type": "Point", "coordinates": [ 98.970378734484584, 18.789046000888224 ] } },
{ "type": "Feature", "properties": { "source": "sv", "poi_id": "38922_left", "poi_name": "สวนดอกมินิมาร์ท", "category_raw": "shop=convenience", "category_std": "retail_commerce", "category_std_th": "การค้าปลีกและร้านค้า", "category_sub": "shop=convenience", "category_sub_th": "ร้านสะดวกซื้อ", "lat": 18.78906520282818, "lon": 98.970182591142361, "point_id": 38922, "side": "left", "pano_id": "JYF9fEN462JeqGCZ2TBU2g", "heading": 186.3, "poi_names": "สวนดอกมินิมาร์ท", "categories": "shop=convenience", "poi_count": 1 }, "geometry": { "type": "Point", "coordinates": [ 98.970182591142361, 18.78906520282818 ] } },
{ "type": "Feature", "properties": { "source": "sv", "poi_id": "38930_left", "poi_name": "แว่นท็อปเจริญ", "category_raw": "shop=yes", "category_std": "retail_commerce", "category_std_th": "การค้าปลีกและร้านค้า", "category_sub": "shop=yes", "category_sub_th": "ร้านค้าไม่ระบุประเภทย่อย", "lat": 18.788939734195083, "lon": 98.972889085777695, "point_id": 38930, "side": "left", "pano_id": "SdkNXkkWKq_bXAwOadVJ-A", "heading": 182.365, "poi_names": "แว่นท็อปเจริญ", "categories": "shop=yes", "poi_count": 1 }, "geometry": { "type": "Point", "coordinates": [ 98.972889085777695, 18.788939734195083 ] } },
{ "type": "Feature", "properties": { "source": "sv", "poi_id": "38948_left", "poi_name": "ธนาคารกสิกรไทย", "category_raw": "amenity=bank", "category_std": "finance_insurance", "category_std_th": "การเงินและประกันภัย", "category_sub": "amenity=bank", "category_sub_th": "ธนาคาร", "lat": 18.789673085620382, "lon": 98.964920199292521, "point_id": 38948, "side": "left", "pano_id": "JQOD5lcxDUqFjezTbxgjCA", "heading": 190.202, "poi_names": "ธนาคารกสิกรไทย", "categories": "amenity=bank", "poi_count": 1 }, "geometry": { "type": "Point", "coordinates": [ 98.964920199292521, 18.789673085620382 ] } },
{ "type": "Feature", "properties": { "source": "sv", "poi_id": "38953_left", "poi_name": "Irig Hostel", "category_raw": "tourism=hostel", "category_std": "tourism_culture", "category_std_th": "ที่พัก การท่องเที่ยว และวัฒนธรรม", "category_sub": "tourism=hostel", "category_sub_th": "โฮสเทล", "lat": 18.790226504539941, "lon": 98.993238262246436, "point_id": 38953, "side": "left", "pano_id": "i_S21qGJNu7VdNuOXcC9_w", "heading": 272.858, "poi_names": "Irig Hostel", "categories": "tourism=hostel", "poi_count": 1 }, "geometry": { "type": "Point", "coordinates": [ 98.993238262246436, 18.790226504539941 ] } },
{ "type": "Feature", "properties": { "source": "sv", "poi_id": "38954_left", "poi_name": "Bilix Tour", "category_raw": "office=company", "category_std": "office_professional", "category_std_th": "สำนักงานและบริการวิชาชีพ", "category_sub": "office=company", "category_sub_th": "บริษัท", "lat": 18.790406504539856, "lon": 98.9932472621458, "point_id": 38954, "side": "left", "pano_id": "RUkl9F8a1P2Rngm1jOhOBw", "heading": 272.858, "poi_names": "Bilix Tour", "categories": "office=company", "poi_count": 1 }, "geometry": { "type": "Point", "coordinates": [ 98.9932472621458, 18.790406504539856 ] } },
{ "type": "Feature", "properties": { "source": "sv", "poi_id": "38957_left", "poi_name": "หอพัก", "category_raw": "tourism=guest_house", "category_std": "tourism_culture", "category_std_th": "ที่พัก การท่องเที่ยว และวัฒนธรรม", "category_sub": "tourism=guest_house", "category_sub_th": "เกสต์เฮาส์", "lat": 18.78586767061212, "lon": 98.964699706110366, "point_id": 38957, "side": "left", "pano_id": "_-qKI9T-tmTGP4OxnFZKFg", "heading": 194.84, "poi_names": "หอพัก", "categories": "tourism=guest_house", "poi_count": 1 }, "geometry": { "type": "Point", "coordinates": [ 98.964699706110366, 18.78586767061212 ] } },
{ "type": "Feature", "properties": { "source": "sv", "poi_id": "38963_left", "poi_name": "วิทยาลัยสารพัดช่างเชียงใหม่", "category_raw": "amenity=school", "category_std": "education_religion", "category_std_th": "การศึกษาและศาสนา", "category_sub": "amenity=school", "category_sub_th": "โรงเรียน", "lat": 18.803064910477421, "lon": 98.964959188715937, "point_id": 38963, "side": "left", "pano_id": "iG5o847eQ63-y19-XpAY5A", "heading": 29.137, "poi_names": "วิทยาลัยสารพัดช่างเชียงใหม่", "categories": "amenity=school", "poi_count": 1 }, "geometry": { "type": "Point", "coordinates": [ 98.964959188715937, 18.803064910477421 ] } },
{ "type": "Feature", "properties": { "source": "sv", "poi_id": "38964_left", "poi_name": "วิทยาลัยสารพัดช่างเชียงใหม่", "category_raw": "amenity=university", "category_std": "education_religion", "category_std_th": "การศึกษาและศาสนา", "category_sub": "amenity=university", "category_sub_th": "มหาวิทยาลัย", "lat": 18.803013926594925, "lon": 98.965055158329605, "point_id": 38964, "side": "left", "pano_id": "4yWbplFkvyBPJsKbXDDuSQ", "heading": 29.116, "poi_names": "วิทยาลัยสารพัดช่างเชียงใหม่", "categories": "amenity=university", "poi_count": 1 }, "geometry": { "type": "Point", "coordinates": [ 98.965055158329605, 18.803013926594925 ] } },
{ "type": "Feature", "properties": { "source": "sv", "poi_id": "38967_left", "poi_name": "แม่จิน", "category_raw": "shop=yes", "category_std": "retail_commerce", "category_std_th": "การค้าปลีกและร้านค้า", "category_sub": "shop=yes", "category_sub_th": "ร้านค้าไม่ระบุประเภทย่อย", "lat": 18.802805918155723, "lon": 98.965446174183, "point_id": 38967, "side": "left", "pano_id": "stP41HpoV7gS0knq_BKr_w", "heading": 29.127, "poi_names": "แม่จิน", "categories": "shop=yes", "poi_count": 1 }, "geometry": { "type": "Point", "coordinates": [ 98.965446174183, 18.802805918155723 ] } },
{ "type": "Feature", "properties": { "source": "sv", "poi_id": "38989_left", "poi_name": "รินคา", "category_raw": "shop=yes", "category_std": "retail_commerce", "category_std_th": "การค้าปลีกและร้านค้า", "category_sub": "shop=yes", "category_sub_th": "ร้านค้าไม่ระบุประเภทย่อย", "lat": 18.801146737507889, "lon": 98.967961786517563, "point_id": 38989, "side": "left", "pano_id": "yhiZ8LEh4A7K-dfiwiPf_Q", "heading": 204.417, "poi_names": "รินคา", "categories": "shop=yes", "poi_count": 1 }, "geometry": { "type": "Point", "coordinates": [ 98.967961786517563, 18.801146737507889 ] } },
{ "type": "Feature", "properties": { "source": "sv", "poi_id": "39061_left", "poi_name": "ซิกตี้ดีกรี", "category_raw": "shop=yes", "category_std": "retail_commerce", "category_std_th": "การค้าปลีกและร้านค้า", "category_sub": "shop=yes", "category_sub_th": "ร้านค้าไม่ระบุประเภทย่อย", "lat": 18.781575451734614, "lon": 98.97731720643246, "point_id": 39061, "side": "left", "pano_id": "_vypdXLIMzKiL2Nt6Nj1DQ", "heading": 278.563, "poi_names": "ซิกตี้ดีกรี", "categories": "shop=yes", "poi_count": 1 }, "geometry": { "type": "Point", "coordinates": [ 98.97731720643246, 18.781575451734614 ] } },
{ "type": "Feature", "properties": { "source": "sv", "poi_id": "39141_left", "poi_name": "Deepal", "category_raw": "shop=yes", "category_std": "retail_commerce", "category_std_th": "การค้าปลีกและร้านค้า", "category_sub": "shop=yes", "category_sub_th": "ร้านค้าไม่ระบุประเภทย่อย", "lat": 18.796191192888305, "lon": 98.9773285822491, "point_id": 39141, "side": "left", "pano_id": "PFMbwWplifSItZ4y1gsOew", "heading": 206.562, "poi_names": "Deepal", "categories": "shop=yes", "poi_count": 1 }, "geometry": { "type": "Point", "coordinates": [ 98.9773285822491, 18.796191192888305 ] } },
{ "type": "Feature", "properties": { "source": "sv", "poi_id": "39173_right", "poi_name": "มหาวิทยาลัยเชียงใหม่", "category_raw": "amenity=university", "category_std": "education_religion", "category_std_th": "การศึกษาและศาสนา", "category_sub": "amenity=university", "category_sub_th": "มหาวิทยาลัย", "lat": 18.808227826163925, "lon": 98.9546564704373, "point_id": 39173, "side": "right", "pano_id": "FgxVPd8xV7hRvCPyFoSvqQ", "heading": 298.297, "poi_names": "มหาวิทยาลัยเชียงใหม่", "categories": "amenity=university", "poi_count": 1 }, "geometry": { "type": "Point", "coordinates": [ 98.9546564704373, 18.808227826163925 ] } },
{ "type": "Feature", "properties": { "source": "sv", "poi_id": "39217_left", "poi_name": "Laundry Press", "category_raw": "shop=yes", "category_std": "retail_commerce", "category_std_th": "การค้าปลีกและร้านค้า", "category_sub": "shop=yes", "category_sub_th": "ร้านค้าไม่ระบุประเภทย่อย", "lat": 18.791188152578496, "lon": 98.996587588313844, "point_id": 39217, "side": "left", "pano_id": "Q0t0zMNUhiCOdg_AMjKroQ", "heading": 57.039, "poi_names": "Laundry Press", "categories": "shop=yes", "poi_count": 1 }, "geometry": { "type": "Point", "coordinates": [ 98.996587588313844, 18.791188152578496 ] } },
{ "type": "Feature", "properties": { "source": "sv", "poi_id": "39221_left", "poi_name": "Friends for Asia", "category_raw": "office=company", "category_std": "office_professional", "category_std_th": "สำนักงานและบริการวิชาชีพ", "category_sub": "office=company", "category_sub_th": "บริษัท", "lat": 18.79082102673441, "lon": 98.996851959448762, "point_id": 39221, "side": "left", "pano_id": "gWF8hpIsawvkwVFm_PkNQQ", "heading": 45.762, "poi_names": "Friends for Asia", "categories": "office=company", "poi_count": 1 }, "geometry": { "type": "Point", "coordinates": [ 98.996851959448762, 18.79082102673441 ] } },
{ "type": "Feature", "properties": { "source": "sv", "poi_id": "39227_left", "poi_name": "ร้านรับซ่อมจักรเย็บผ้า", "category_raw": "shop=yes", "category_std": "retail_commerce", "category_std_th": "การค้าปลีกและร้านค้า", "category_sub": "shop=yes", "category_sub_th": "ร้านค้าไม่ระบุประเภทย่อย", "lat": 18.790314490775039, "lon": 98.997494169260875, "point_id": 39227, "side": "left", "pano_id": "cRzwhcZExU6TnYct-N2PCw", "heading": 35.564, "poi_names": "ร้านรับซ่อมจักรเย็บผ้า", "categories": "shop=yes", "poi_count": 1 }, "geometry": { "type": "Point", "coordinates": [ 98.997494169260875, 18.790314490775039 ] } },
{ "type": "Feature", "properties": { "source": "sv", "poi_id": "39231_left", "poi_name": "ซับเจริญนาฬิกา", "category_raw": "shop=yes", "category_std": "retail_commerce", "category_std_th": "การค้าปลีกและร้านค้า", "category_sub": "shop=yes", "category_sub_th": "ร้านค้าไม่ระบุประเภทย่อย", "lat": 18.803943476008183, "lon": 98.984406741561443, "point_id": 39231, "side": "left", "pano_id": "ozgKSrBaRwRWczXX32bEsw", "heading": 172.281, "poi_names": "ซับเจริญนาฬิกา", "categories": "shop=yes", "poi_count": 1 }, "geometry": { "type": "Point", "coordinates": [ 98.984406741561443, 18.803943476008183 ] } },
{ "type": "Feature", "properties": { "source": "sv", "poi_id": "39236_left", "poi_name": "ร้านนันท์บิวตี้", "category_raw": "shop=beauty", "category_std": "personal_service_repair", "category_std_th": "บริการส่วนบุคคลและงานซ่อม", "category_sub": "shop=beauty", "category_sub_th": "ร้านเสริมสวย", "lat": 18.803995250144489, "lon": 98.984806849057478, "point_id": 39236, "side": "left", "pano_id": "AhKQYuxpZ_hZFjW0cCtb8w", "heading": 173.433, "poi_names": "ร้านนันท์บิวตี้", "categories": "shop=beauty", "poi_count": 1 }, "geometry": { "type": "Point", "coordinates": [ 98.984806849057478, 18.803995250144489 ] } },
{ "type": "Feature", "properties": { "source": "sv", "poi_id": "39237_left", "poi_name": "คลินิกทันตกรรมทูธสไมล์", "category_raw": "amenity=dentist", "category_std": "health", "category_std_th": "สุขภาพและการแพทย์", "category_sub": "amenity=dentist", "category_sub_th": "คลินิกทันตกรรม", "lat": 18.806908870196398, "lon": 98.957214225869834, "point_id": 39237, "side": "left", "pano_id": "fo_kcUnXXSCvPDVX4ZKd7g", "heading": 208.85, "poi_names": "คลินิกทันตกรรมทูธสไมล์", "categories": "amenity=dentist", "poi_count": 1 }, "geometry": { "type": "Point", "coordinates": [ 98.957214225869834, 18.806908870196398 ] } },
{ "type": "Feature", "properties": { "source": "sv", "poi_id": "39238_left", "poi_name": "คลินิกทันตกรรมทูธ สไมล์", "category_raw": "amenity=dentist", "category_std": "health", "category_std_th": "สุขภาพและการแพทย์", "category_sub": "amenity=dentist", "category_sub_th": "คลินิกทันตกรรม", "lat": 18.80696052923404, "lon": 98.95711588051492, "point_id": 39238, "side": "left", "pano_id": "Zas6ANG9O2_908gRScV0Iw", "heading": 207.035, "poi_names": "คลินิกทันตกรรมทูธ สไมล์", "categories": "amenity=dentist", "poi_count": 1 }, "geometry": { "type": "Point", "coordinates": [ 98.95711588051492, 18.80696052923404 ] } },
{ "type": "Feature", "properties": { "source": "sv", "poi_id": "39243_left", "poi_name": "ณคฮินคลินิก", "category_raw": "amenity=clinic", "category_std": "health", "category_std_th": "สุขภาพและการแพทย์", "category_sub": "amenity=clinic", "category_sub_th": "คลินิก", "lat": 18.807353303130839, "lon": 98.956358410059181, "point_id": 39243, "side": "left", "pano_id": "WphOyg4-j6IymxNjlIgMRQ", "heading": 209.414, "poi_names": "ณคฮินคลินิก", "categories": "amenity=clinic", "poi_count": 1 }, "geometry": { "type": "Point", "coordinates": [ 98.956358410059181, 18.807353303130839 ] } },
{ "type": "Feature", "properties": { "source": "sv", "poi_id": "39244_left", "poi_name": "miemories", "category_raw": "shop=yes", "category_std": "retail_commerce", "category_std_th": "การค้าปลีกและร้านค้า", "category_sub": "shop=yes", "category_sub_th": "ร้านค้าไม่ระบุประเภทย่อย", "lat": 18.807442303131602, "lon": 98.956193410034686, "point_id": 39244, "side": "left", "pano_id": "dyfFrhPInPzug1LlDINrjQ", "heading": 209.414, "poi_names": "miemories", "categories": "shop=yes", "poi_count": 1 }, "geometry": { "type": "Point", "coordinates": [ 98.956193410034686, 18.807442303131602 ] } },
{ "type": "Feature", "properties": { "source": "sv", "poi_id": "39298_left", "poi_name": "บ้านมีสุขใจ", "category_raw": "tourism=guest_house", "category_std": "tourism_culture", "category_std_th": "ที่พัก การท่องเที่ยว และวัฒนธรรม", "category_sub": "tourism=guest_house", "category_sub_th": "เกสต์เฮาส์", "lat": 18.799673354224769, "lon": 98.960357358820559, "point_id": 39298, "side": "left", "pano_id": "VneqvVkvEttonTcYWQbuFQ", "heading": 252.846, "poi_names": "บ้านมีสุขใจ", "categories": "tourism=guest_house", "poi_count": 1 }, "geometry": { "type": "Point", "coordinates": [ 98.960357358820559, 18.799673354224769 ] } },
{ "type": "Feature", "properties": { "source": "sv", "poi_id": "39300_left", "poi_name": "ทำสี ไฮไลท์ ยึด คัด เคราติน", "category_raw": "shop=hairdresser", "category_std": "personal_service_repair", "category_std_th": "บริการส่วนบุคคลและงานซ่อม", "category_sub": "shop=hairdresser", "category_sub_th": "ร้านทำผม", "lat": 18.799856346692223, "lon": 98.960298361164519, "point_id": 39300, "side": "left", "pano_id": "cxwDQOBHxrepy-xL2BlMPg", "heading": 252.841, "poi_names": "ทำสี ไฮไลท์ ยึด คัด เคราติน", "categories": "shop=hairdresser", "poi_count": 1 }, "geometry": { "type": "Point", "coordinates": [ 98.960298361164519, 18.799856346692223 ] } },
{ "type": "Feature", "properties": { "source": "sv", "poi_id": "39302_left", "poi_name": "Namman Clinic", "category_raw": "amenity=clinic", "category_std": "health", "category_std_th": "สุขภาพและการแพทย์", "category_sub": "amenity=clinic", "category_sub_th": "คลินิก", "lat": 18.800201346693207, "lon": 98.960186360979833, "point_id": 39302, "side": "left", "pano_id": "e4MWCZG3GfUFFkhhFJUuRg", "heading": 252.841, "poi_names": "Namman Clinic", "categories": "amenity=clinic", "poi_count": 1 }, "geometry": { "type": "Point", "coordinates": [ 98.960186360979833, 18.800201346693207 ] } },
{ "type": "Feature", "properties": { "source": "sv", "poi_id": "39331_left", "poi_name": "Daiei", "category_raw": "shop=supermarket", "category_std": "retail_commerce", "category_std_th": "การค้าปลีกและร้านค้า", "category_sub": "shop=supermarket", "category_sub_th": "ซูเปอร์มาร์เก็ต", "lat": 18.800382310862357, "lon": 98.960610423027759, "point_id": 39331, "side": "left", "pano_id": "NQgiXhvdtfYj40K_IxUrbQ", "heading": 72.404, "poi_names": "Daiei", "categories": "shop=supermarket", "poi_count": 1 }, "geometry": { "type": "Point", "coordinates": [ 98.960610423027759, 18.800382310862357 ] } },
{ "type": "Feature", "properties": { "source": "sv", "poi_id": "39350_left", "poi_name": "ประเสริฐแลนด์", "category_raw": "shop=yes", "category_std": "retail_commerce", "category_std_th": "การค้าปลีกและร้านค้า", "category_sub": "shop=yes", "category_sub_th": "ร้านค้าไม่ระบุประเภทย่อย", "lat": 18.797544631469087, "lon": 98.961532961942083, "point_id": 39350, "side": "left", "pano_id": "G9QkaKqu1WFWMx8pfX-hwA", "heading": 73.518, "poi_names": "ประเสริฐแลนด์", "categories": "shop=yes", "poi_count": 1 }, "geometry": { "type": "Point", "coordinates": [ 98.961532961942083, 18.797544631469087 ] } },
{ "type": "Feature", "properties": { "source": "sv", "poi_id": "39351_left", "poi_name": "ประเสริฐแลนด์", "category_raw": "shop=yes", "category_std": "retail_commerce", "category_std_th": "การค้าปลีกและร้านค้า", "category_sub": "shop=yes", "category_sub_th": "ร้านค้าไม่ระบุประเภทย่อย", "lat": 18.797370631469558, "lon": 98.961586961848596, "point_id": 39351, "side": "left", "pano_id": "-ztw5sfnj2FdRfVf0vo-Mw", "heading": 73.518, "poi_names": "ประเสริฐแลนด์", "categories": "shop=yes", "poi_count": 1 }, "geometry": { "type": "Point", "coordinates": [ 98.961586961848596, 18.797370631469558 ] } },
{ "type": "Feature", "properties": { "source": "sv", "poi_id": "39359_left", "poi_name": "Fiavelodge", "category_raw": "tourism=guest_house", "category_std": "tourism_culture", "category_std_th": "ที่พัก การท่องเที่ยว และวัฒนธรรม", "category_sub": "tourism=guest_house", "category_sub_th": "เกสต์เฮาส์", "lat": 18.796564321984501, "lon": 98.961851077406664, "point_id": 39359, "side": "left", "pano_id": "0mgKZrFcjyfb0eGyNnam1Q", "heading": 71.73, "poi_names": "Fiavelodge", "categories": "tourism=guest_house", "poi_count": 1 }, "geometry": { "type": "Point", "coordinates": [ 98.961851077406664, 18.796564321984501 ] } },
{ "type": "Feature", "properties": { "source": "sv", "poi_id": "39376_right", "poi_name": "อาคารรวมวิจัย", "category_raw": "amenity=university", "category_std": "education_religion", "category_std_th": "การศึกษาและศาสนา", "category_sub": "amenity=university", "category_sub_th": "มหาวิทยาลัย", "lat": 18.794651618067903, "lon": 98.958275144004674, "point_id": 39376, "side": "right", "pano_id": "ZdehzIlWi5tn7YlbS01waQ", "heading": 270.392, "poi_names": "อาคารรวมวิจัย", "categories": "amenity=university", "poi_count": 1 }, "geometry": { "type": "Point", "coordinates": [ 98.958275144004674, 18.794651618067903 ] } },
{ "type": "Feature", "properties": { "source": "sv", "poi_id": "39388_left", "poi_name": "บัณฑิตวิทยาลัย", "category_raw": "amenity=university", "category_std": "education_religion", "category_std_th": "การศึกษาและศาสนา", "category_sub": "amenity=university", "category_sub_th": "มหาวิทยาลัย", "lat": 18.794101384073951, "lon": 98.958410229122521, "point_id": 39388, "side": "left", "pano_id": "H5lGppxKpKuUcsQeNJnHXA", "heading": 297.979, "poi_names": "บัณฑิตวิทยาลัย", "categories": "amenity=university", "poi_count": 1 }, "geometry": { "type": "Point", "coordinates": [ 98.958410229122521, 18.794101384073951 ] } },
{ "type": "Feature", "properties": { "source": "sv", "poi_id": "39408_left", "poi_name": "Anou Coffee", "category_raw": "amenity=cafe", "category_std": "food_beverage", "category_std_th": "อาหารและเครื่องดื่ม", "category_sub": "amenity=cafe", "category_sub_th": "ร้านกาแฟ", "lat": 18.789117893590689, "lon": 98.978413829331075, "point_id": 39408, "side": "left", "pano_id": "8hPcee5UEGyPa4IkbCb3fQ", "heading": 91.336, "poi_names": "Anou Coffee", "categories": "amenity=cafe", "poi_count": 1 }, "geometry": { "type": "Point", "coordinates": [ 98.978413829331075, 18.789117893590689 ] } },
{ "type": "Feature", "properties": { "source": "sv", "poi_id": "39476_left", "poi_name": "Denso", "category_raw": "shop=car_repair", "category_std": "personal_service_repair", "category_std_th": "บริการส่วนบุคคลและงานซ่อม", "category_sub": "shop=car_repair", "category_sub_th": "อู่ซ่อมรถยนต์", "lat": 18.781085707203101, "lon": 98.985374843628961, "point_id": 39476, "side": "left", "pano_id": "Sv7_hgL5NwGBDKKjzNgwdw", "heading": 181.907, "poi_names": "Denso", "categories": "shop=car_repair", "poi_count": 1 }, "geometry": { "type": "Point", "coordinates": [ 98.985374843628961, 18.781085707203101 ] } },
{ "type": "Feature", "properties": { "source": "sv", "poi_id": "39494_left", "poi_name": "kitcha dental", "category_raw": "amenity=dentist", "category_std": "health", "category_std_th": "สุขภาพและการแพทย์", "category_sub": "amenity=dentist", "category_sub_th": "คลินิกทันตกรรม", "lat": 18.781038707045361, "lon": 98.987154848593434, "point_id": 39494, "side": "left", "pano_id": "u6uo9_y2rTou9KQVrgOAtw", "heading": 181.904, "poi_names": "kitcha dental", "categories": "amenity=dentist", "poi_count": 1 }, "geometry": { "type": "Point", "coordinates": [ 98.987154848593434, 18.781038707045361 ] } },
{ "type": "Feature", "properties": { "source": "sv", "poi_id": "39517_left", "poi_name": "แว่นท็อปเจริญ", "category_raw": "shop=yes", "category_std": "retail_commerce", "category_std_th": "การค้าปลีกและร้านค้า", "category_sub": "shop=yes", "category_sub_th": "ร้านค้าไม่ระบุประเภทย่อย", "lat": 18.781544332294189, "lon": 98.987365448471294, "point_id": 39517, "side": "left", "pano_id": "uEakDKjzX0svbG2a0WatVg", "heading": 0.875, "poi_names": "แว่นท็อปเจริญ", "categories": "shop=yes", "poi_count": 1 }, "geometry": { "type": "Point", "coordinates": [ 98.987365448471294, 18.781544332294189 ] } },
{ "type": "Feature", "properties": { "source": "sv", "poi_id": "39520_left", "poi_name": "Lotus's", "category_raw": "shop=supermarket", "category_std": "retail_commerce", "category_std_th": "การค้าปลีกและร้านค้า", "category_sub": "shop=supermarket", "category_sub_th": "ซูเปอร์มาร์เก็ต", "lat": 18.781537330279875, "lon": 98.987779580891143, "point_id": 39520, "side": "left", "pano_id": "frlwCvs7lTK4h3IJ5_qqUg", "heading": 0.955, "poi_names": "Lotus's", "categories": "shop=supermarket", "poi_count": 1 }, "geometry": { "type": "Point", "coordinates": [ 98.987779580891143, 18.781537330279875 ] } },
{ "type": "Feature", "properties": { "source": "sv", "poi_id": "39547_left", "poi_name": "ร้านไอที | ร้านรับฝากมือถือโน้ตบุ้ค", "category_raw": "shop=electronics, shop=pawnbroker", "category_std": "retail_commerce", "category_std_th": "การค้าปลีกและร้านค้า", "category_sub": "shop=electronics, shop=pawnbroker", "category_sub_th": "ร้านเครื่องใช้ไฟฟ้าและอิเล็กทรอนิกส์; โรงรับจำนำ", "lat": 18.781612268265075, "lon": 98.984149852852354, "point_id": 39547, "side": "left", "pano_id": "tZVKiVvu7JMsZ5BDrnYlHw", "heading": 2.328, "poi_names": "ร้านไอที | ร้านรับฝากมือถือโน้ตบุ้ค", "categories": "shop=electronics, shop=pawnbroker", "poi_count": 2 }, "geometry": { "type": "Point", "coordinates": [ 98.984149852852354, 18.781612268265075 ] } },
{ "type": "Feature", "properties": { "source": "sv", "poi_id": "39571_right", "poi_name": "วน1 ริมตอย", "category_raw": "amenity=restaurant", "category_std": "food_beverage", "category_std_th": "อาหารและเครื่องดื่ม", "category_sub": "amenity=restaurant", "category_sub_th": "ร้านอาหาร", "lat": 18.799672141031799, "lon": 98.964379104799363, "point_id": 39571, "side": "right", "pano_id": "j1auAFJiqICHFrmnhX9WDw", "heading": 261.817, "poi_names": "วน1 ริมตอย", "categories": "amenity=restaurant", "poi_count": 1 }, "geometry": { "type": "Point", "coordinates": [ 98.964379104799363, 18.799672141031799 ] } },
{ "type": "Feature", "properties": { "source": "sv", "poi_id": "39587_left", "poi_name": "ไปรษณีย์เขต 5", "category_raw": "office=government", "category_std": "office_professional", "category_std_th": "สำนักงานและบริการวิชาชีพ", "category_sub": "office=government", "category_sub_th": "หน่วยงานราชการ", "lat": 18.780020816807014, "lon": 98.977079109338234, "point_id": 39587, "side": "left", "pano_id": "vcMd138ddlDMYLe3mp7bOQ", "heading": 278.156, "poi_names": "ไปรษณีย์เขต 5", "categories": "office=government", "poi_count": 1 }, "geometry": { "type": "Point", "coordinates": [ 98.977079109338234, 18.780020816807014 ] } },
{ "type": "Feature", "properties": { "source": "sv", "poi_id": "39598_left", "poi_name": "Tops", "category_raw": "shop=supermarket", "category_std": "retail_commerce", "category_std_th": "การค้าปลีกและร้านค้า", "category_sub": "shop=supermarket", "category_sub_th": "ซูเปอร์มาร์เก็ต", "lat": 18.769205150625961, "lon": 98.976623634306165, "point_id": 39598, "side": "left", "pano_id": "GM6jcyig9iwlIHDHrNmD1w", "heading": 207.89, "poi_names": "Tops", "categories": "shop=supermarket", "poi_count": 1 }, "geometry": { "type": "Point", "coordinates": [ 98.976623634306165, 18.769205150625961 ] } },
{ "type": "Feature", "properties": { "source": "sv", "poi_id": "39667_left", "poi_name": "อันทิพย มอเตอร์แวร์", "category_raw": "shop=motorcycle_repair", "category_std": "personal_service_repair", "category_std_th": "บริการส่วนบุคคลและงานซ่อม", "category_sub": "shop=motorcycle_repair", "category_sub_th": "ร้านซ่อมรถจักรยานยนต์", "lat": 18.789362768870262, "lon": 99.024673709986104, "point_id": 39667, "side": "left", "pano_id": "iNfW4MqReUmIC3HQXbuBLw", "heading": 241.411, "poi_names": "อันทิพย มอเตอร์แวร์", "categories": "shop=motorcycle_repair", "poi_count": 1 }, "geometry": { "type": "Point", "coordinates": [ 99.024673709986104, 18.789362768870262 ] } },
{ "type": "Feature", "properties": { "source": "sv", "poi_id": "39671_left", "poi_name": "บริษัท ชนะศิลปมอ", "category_raw": "shop=motorcycle_repair", "category_std": "personal_service_repair", "category_std_th": "บริการส่วนบุคคลและงานซ่อม", "category_sub": "shop=motorcycle_repair", "category_sub_th": "ร้านซ่อมรถจักรยานยนต์", "lat": 18.789836771267719, "lon": 99.02439688749908, "point_id": 39671, "side": "left", "pano_id": "WYoWsyO-iLYHjM13ZBy5yw", "heading": 239.958, "poi_names": "บริษัท ชนะศิลปมอ", "categories": "shop=motorcycle_repair", "poi_count": 1 }, "geometry": { "type": "Point", "coordinates": [ 99.02439688749908, 18.789836771267719 ] } },
{ "type": "Feature", "properties": { "source": "sv", "poi_id": "39720_left", "poi_name": "ปกรณ์โซลาร์เซลล์", "category_raw": "shop=electronics", "category_std": "retail_commerce", "category_std_th": "การค้าปลีกและร้านค้า", "category_sub": "shop=electronics", "category_sub_th": "ร้านเครื่องใช้ไฟฟ้าและอิเล็กทรอนิกส์", "lat": 18.796852933292289, "lon": 99.0208637229114, "point_id": 39720, "side": "left", "pano_id": "f9gQxq_WtaY_5NvwO7YVAA", "heading": 248.53, "poi_names": "ปกรณ์โซลาร์เซลล์", "categories": "shop=electronics", "poi_count": 1 }, "geometry": { "type": "Point", "coordinates": [ 99.0208637229114, 18.796852933292289 ] } },
{ "type": "Feature", "properties": { "source": "sv", "poi_id": "39722_left", "poi_name": "สาทรชัย อุปกรณ์ติดตั้งโซล่าร์เซลล์", "category_raw": "shop=electronics", "category_std": "retail_commerce", "category_std_th": "การค้าปลีกและร้านค้า", "category_sub": "shop=electronics", "category_sub_th": "ร้านเครื่องใช้ไฟฟ้าและอิเล็กทรอนิกส์", "lat": 18.79718893329348, "lon": 99.020724722736233, "point_id": 39722, "side": "left", "pano_id": "HvXkDsrwsMTM97naH2s33Q", "heading": 248.53, "poi_names": "สาทรชัย อุปกรณ์ติดตั้งโซล่าร์เซลล์", "categories": "shop=electronics", "poi_count": 1 }, "geometry": { "type": "Point", "coordinates": [ 99.020724722736233, 18.79718893329348 ] } },
{ "type": "Feature", "properties": { "source": "sv", "poi_id": "39730_right", "poi_name": "ยุวัน", "category_raw": "shop=yes", "category_std": "retail_commerce", "category_std_th": "การค้าปลีกและร้านค้า", "category_sub": "shop=yes", "category_sub_th": "ร้านค้าไม่ระบุประเภทย่อย", "lat": 18.798516043181099, "lon": 99.020381287647837, "point_id": 39730, "side": "right", "pano_id": "GHCmkPZaQ15wylSEuBi6Ug", "heading": 68.546, "poi_names": "ยุวัน", "categories": "shop=yes", "poi_count": 1 }, "geometry": { "type": "Point", "coordinates": [ 99.020381287647837, 18.798516043181099 ] } },
{ "type": "Feature", "properties": { "source": "sv", "poi_id": "39826_left", "poi_name": "สเด็ด!", "category_raw": "amenity=restaurant", "category_std": "food_beverage", "category_std_th": "อาหารและเครื่องดื่ม", "category_sub": "amenity=restaurant", "category_sub_th": "ร้านอาหาร", "lat": 18.780883288022213, "lon": 99.020950810419762, "point_id": 39826, "side": "left", "pano_id": "m4OdWsI7ISEfwLcQyb9csw", "heading": 186.775, "poi_names": "สเด็ด!", "categories": "amenity=restaurant", "poi_count": 1 }, "geometry": { "type": "Point", "coordinates": [ 99.020950810419762, 18.780883288022213 ] } },
{ "type": "Feature", "properties": { "source": "sv", "poi_id": "39917_left", "poi_name": "พรีมาดอนน่า คลินิก", "category_raw": "amenity=clinic", "category_std": "health", "category_std_th": "สุขภาพและการแพทย์", "category_sub": "amenity=clinic", "category_sub_th": "คลินิก", "lat": 18.797156174819506, "lon": 98.966220588021883, "point_id": 39917, "side": "left", "pano_id": "ZHr4lBkpDqt1hS0afBdyZg", "heading": 289.512, "poi_names": "พรีมาดอนน่า คลินิก", "categories": "amenity=clinic", "poi_count": 1 }, "geometry": { "type": "Point", "coordinates": [ 98.966220588021883, 18.797156174819506 ] } },
{ "type": "Feature", "properties": { "source": "sv", "poi_id": "39928_left", "poi_name": "ลาบศรจันทธ์", "category_raw": "amenity=restaurant", "category_std": "food_beverage", "category_std_th": "อาหารและเครื่องดื่ม", "category_sub": "amenity=restaurant", "category_sub_th": "ร้านอาหาร", "lat": 18.787146584799171, "lon": 98.993707708859887, "point_id": 39928, "side": "left", "pano_id": "pH9Ss6L1_PtcYiwvGHK-jg", "heading": 107.001, "poi_names": "ลาบศรจันทธ์", "categories": "amenity=restaurant", "poi_count": 1 }, "geometry": { "type": "Point", "coordinates": [ 98.993707708859887, 18.787146584799171 ] } },
{ "type": "Feature", "properties": { "source": "sv", "poi_id": "40032_right", "poi_name": "Tanwa Hotel", "category_raw": "tourism=hotel", "category_std": "tourism_culture", "category_std_th": "ที่พัก การท่องเที่ยว และวัฒนธรรม", "category_sub": "tourism=hotel", "category_sub_th": "โรงแรม", "lat": 18.772689265897451, "lon": 98.985385915501041, "point_id": 40032, "side": "right", "pano_id": "N-H0iuTkwbENW3cCtFaRZQ", "heading": 2.366, "poi_names": "Tanwa Hotel", "categories": "tourism=hotel", "poi_count": 1 }, "geometry": { "type": "Point", "coordinates": [ 98.985385915501041, 18.772689265897451 ] } },
{ "type": "Feature", "properties": { "source": "sv", "poi_id": "40061_right", "poi_name": "Thongyon Silver", "category_raw": "shop=clothes", "category_std": "retail_commerce", "category_std_th": "การค้าปลีกและร้านค้า", "category_sub": "shop=clothes", "category_sub_th": "ร้านเสื้อผ้า", "lat": 18.778561268085969, "lon": 98.984505614605197, "point_id": 40061, "side": "right", "pano_id": "CPd1IZPiQDUOT7kSu5c3nQ", "heading": 38.941, "poi_names": "Thongyon Silver", "categories": "shop=clothes", "poi_count": 1 }, "geometry": { "type": "Point", "coordinates": [ 98.984505614605197, 18.778561268085969 ] } },
{ "type": "Feature", "properties": { "source": "sv", "poi_id": "40153_left", "poi_name": "Omoda Jaecoo Rich Chiangmai", "category_raw": "shop=yes", "category_std": "retail_commerce", "category_std_th": "การค้าปลีกและร้านค้า", "category_sub": "shop=yes", "category_sub_th": "ร้านค้าไม่ระบุประเภทย่อย", "lat": 18.771007696623677, "lon": 99.028874903669205, "point_id": 40153, "side": "left", "pano_id": "uMHOy5oIVco6oDtC0qYbNA", "heading": 81.921, "poi_names": "Omoda Jaecoo Rich Chiangmai", "categories": "shop=yes", "poi_count": 1 }, "geometry": { "type": "Point", "coordinates": [ 99.028874903669205, 18.771007696623677 ] } },
{ "type": "Feature", "properties": { "source": "sv", "poi_id": "40208_right", "poi_name": "สมาคมศิษย์เก่า อรต", "category_raw": "office=company", "category_std": "office_professional", "category_std_th": "สำนักงานและบริการวิชาชีพ", "category_sub": "office=company", "category_sub_th": "บริษัท", "lat": 18.772743189162931, "lon": 98.99995326944854, "point_id": 40208, "side": "right", "pano_id": "ICn9ScjHalsqnLRGKRg-Bw", "heading": 51.541, "poi_names": "สมาคมศิษย์เก่า อรต", "categories": "office=company", "poi_count": 1 }, "geometry": { "type": "Point", "coordinates": [ 98.99995326944854, 18.772743189162931 ] } },
{ "type": "Feature", "properties": { "source": "sv", "poi_id": "40261_left", "poi_name": "รัชชาย คอมพิวเตอร์", "category_raw": "shop=electronics", "category_std": "retail_commerce", "category_std_th": "การค้าปลีกและร้านค้า", "category_sub": "shop=electronics", "category_sub_th": "ร้านเครื่องใช้ไฟฟ้าและอิเล็กทรอนิกส์", "lat": 18.796030288858645, "lon": 98.979763274129624, "point_id": 40261, "side": "left", "pano_id": "C-kilftzpKMpv1SpXTbiuw", "heading": 1.978, "poi_names": "รัชชาย คอมพิวเตอร์", "categories": "shop=electronics", "poi_count": 1 }, "geometry": { "type": "Point", "coordinates": [ 98.979763274129624, 18.796030288858645 ] } },
{ "type": "Feature", "properties": { "source": "sv", "poi_id": "40264_left", "poi_name": "ศูนย์ซ่อม มือถือ", "category_raw": "shop=mobile_phone", "category_std": "retail_commerce", "category_std_th": "การค้าปลีกและร้านค้า", "category_sub": "shop=mobile_phone", "category_sub_th": "ร้านโทรศัพท์มือถือ", "lat": 18.796014276401323, "lon": 98.980248633156435, "point_id": 40264, "side": "left", "pano_id": "b47ZhoxB1pCiYJ2XhaQhMA", "heading": 2.195, "poi_names": "ศูนย์ซ่อม มือถือ", "categories": "shop=mobile_phone", "poi_count": 1 }, "geometry": { "type": "Point", "coordinates": [ 98.980248633156435, 18.796014276401323 ] } },
{ "type": "Feature", "properties": { "source": "sv", "poi_id": "40273_left", "poi_name": "Pizza Hut", "category_raw": "amenity=fast_food", "category_std": "food_beverage", "category_std_th": "อาหารและเครื่องดื่ม", "category_sub": "amenity=fast_food", "category_sub_th": "อาหารจานด่วน", "lat": 18.795976308904152, "lon": 98.981342594003564, "point_id": 40273, "side": "left", "pano_id": "4M2oIcC0ptaEnq6hsgp90Q", "heading": 1.567, "poi_names": "Pizza Hut", "categories": "amenity=fast_food", "poi_count": 1 }, "geometry": { "type": "Point", "coordinates": [ 98.981342594003564, 18.795976308904152 ] } },
{ "type": "Feature", "properties": { "source": "sv", "poi_id": "40290_left", "poi_name": "ชา กมน", "category_raw": "amenity=cafe", "category_std": "food_beverage", "category_std_th": "อาหารและเครื่องดื่ม", "category_sub": "amenity=cafe", "category_sub_th": "ร้านกาแฟ", "lat": 18.799244965871587, "lon": 98.957580769342684, "point_id": 40290, "side": "left", "pano_id": "LEZy2EyPic4aN-gH8nnKqQ", "heading": 87.484, "poi_names": "ชา กมน", "categories": "amenity=cafe", "poi_count": 1 }, "geometry": { "type": "Point", "coordinates": [ 98.957580769342684, 18.799244965871587 ] } },
{ "type": "Feature", "properties": { "source": "sv", "poi_id": "40294_right", "poi_name": "อิงกิ", "category_raw": "shop=yes", "category_std": "retail_commerce", "category_std_th": "การค้าปลีกและร้านค้า", "category_sub": "shop=yes", "category_sub_th": "ร้านค้าไม่ระบุประเภทย่อย", "lat": 18.809573878140235, "lon": 99.008086428728916, "point_id": 40294, "side": "right", "pano_id": "msyqcd7WLzW0IYvp30wzqg", "heading": 279.479, "poi_names": "อิงกิ", "categories": "shop=yes", "poi_count": 1 }, "geometry": { "type": "Point", "coordinates": [ 99.008086428728916, 18.809573878140235 ] } },
{ "type": "Feature", "properties": { "source": "sv", "poi_id": "40337_right", "poi_name": "วันทนาคอรท", "category_raw": "tourism=hotel", "category_std": "tourism_culture", "category_std_th": "ที่พัก การท่องเที่ยว และวัฒนธรรม", "category_sub": "tourism=hotel", "category_sub_th": "โรงแรม", "lat": 18.798714176079745, "lon": 99.014686915503262, "point_id": 40337, "side": "right", "pano_id": "tXMbuCNdfcj3bsqklTynzQ", "heading": 148.251, "poi_names": "วันทนาคอรท", "categories": "tourism=hotel", "poi_count": 1 }, "geometry": { "type": "Point", "coordinates": [ 99.014686915503262, 18.798714176079745 ] } },
{ "type": "Feature", "properties": { "source": "sv", "poi_id": "40395_left", "poi_name": "ทาฟัน", "category_raw": "amenity=dentist", "category_std": "health", "category_std_th": "สุขภาพและการแพทย์", "category_sub": "amenity=dentist", "category_sub_th": "คลินิกทันตกรรม", "lat": 18.768341253446881, "lon": 98.977120169862033, "point_id": 40395, "side": "left", "pano_id": "b-W8nj1yfDVNPGE2fj8nVA", "heading": 123.411, "poi_names": "ทาฟัน", "categories": "amenity=dentist", "poi_count": 1 }, "geometry": { "type": "Point", "coordinates": [ 98.977120169862033, 18.768341253446881 ] } },
{ "type": "Feature", "properties": { "source": "sv", "poi_id": "40420_left", "poi_name": "Mai Hiang", "category_raw": "shop=yes", "category_std": "retail_commerce", "category_std_th": "การค้าปลีกและร้านค้า", "category_sub": "shop=yes", "category_sub_th": "ร้านค้าไม่ระบุประเภทย่อย", "lat": 18.780992686215225, "lon": 98.988287594882095, "point_id": 40420, "side": "left", "pano_id": "5rXdgxJI9CO0nCQHrkKaLg", "heading": 181.453, "poi_names": "Mai Hiang", "categories": "shop=yes", "poi_count": 1 }, "geometry": { "type": "Point", "coordinates": [ 98.988287594882095, 18.780992686215225 ] } },
{ "type": "Feature", "properties": { "source": "sv", "poi_id": "40447_left", "poi_name": "เซ็นทรัล ออดีโอ | อิตาชิ | ซัมซุง", "category_raw": "shop=electronics", "category_std": "retail_commerce", "category_std_th": "การค้าปลีกและร้านค้า", "category_sub": "shop=electronics", "category_sub_th": "ร้านเครื่องใช้ไฟฟ้าและอิเล็กทรอนิกส์", "lat": 18.777528446978391, "lon": 98.977025928562995, "point_id": 40447, "side": "left", "pano_id": "_VNrkws7brgaEakHBC51Rw", "heading": 97.987, "poi_names": "เซ็นทรัล ออดีโอ | อิตาชิ | ซัมซุง", "categories": "shop=electronics", "poi_count": 3 }, "geometry": { "type": "Point", "coordinates": [ 98.977025928562995, 18.777528446978391 ] } },
{ "type": "Feature", "properties": { "source": "sv", "poi_id": "40447_right", "poi_name": "Quik 1153", "category_raw": "shop=convenience", "category_std": "retail_commerce", "category_std_th": "การค้าปลีกและร้านค้า", "category_sub": "shop=convenience", "category_sub_th": "ร้านสะดวกซื้อ", "lat": 18.777553552974386, "lon": 98.976838071423074, "point_id": 40447, "side": "right", "pano_id": "_VNrkws7brgaEakHBC51Rw", "heading": 277.987, "poi_names": "Quik 1153", "categories": "shop=convenience", "poi_count": 1 }, "geometry": { "type": "Point", "coordinates": [ 98.976838071423074, 18.777553552974386 ] } },
{ "type": "Feature", "properties": { "source": "sv", "poi_id": "40544_left", "poi_name": "กะทิสด ความหอมของมะพร้าว", "category_raw": "amenity=restaurant", "category_std": "food_beverage", "category_std_th": "อาหารและเครื่องดื่ม", "category_sub": "amenity=restaurant", "category_sub_th": "ร้านอาหาร", "lat": 18.782547074568704, "lon": 98.977437245080921, "point_id": 40544, "side": "left", "pano_id": "_uYQnfY726at1bhIxpIlFQ", "heading": 272.585, "poi_names": "กะทิสด ความหอมของมะพร้าว", "categories": "amenity=restaurant", "poi_count": 1 }, "geometry": { "type": "Point", "coordinates": [ 98.977437245080921, 18.782547074568704 ] } },
{ "type": "Feature", "properties": { "source": "sv", "poi_id": "40583_left", "poi_name": "Amazon", "category_raw": "amenity=cafe", "category_std": "food_beverage", "category_std_th": "อาหารและเครื่องดื่ม", "category_sub": "amenity=cafe", "category_sub_th": "ร้านกาแฟ", "lat": 18.773869814345812, "lon": 98.980706384659243, "point_id": 40583, "side": "left", "pano_id": "0SlQLvOxQ0uLI5-7Ic-nNg", "heading": 105.528, "poi_names": "Amazon", "categories": "amenity=cafe", "poi_count": 1 }, "geometry": { "type": "Point", "coordinates": [ 98.980706384659243, 18.773869814345812 ] } },
{ "type": "Feature", "properties": { "source": "sv", "poi_id": "40650_left", "poi_name": "สุสานเสาหิน", "category_raw": "amenity=place_of_worship", "category_std": "education_religion", "category_std_th": "การศึกษาและศาสนา", "category_sub": "amenity=place_of_worship", "category_sub_th": "ศาสนสถาน", "lat": 18.757377079908377, "lon": 99.003724473792275, "point_id": 40650, "side": "left", "pano_id": "RI-uYJETh_Aru4DDLJkzGA", "heading": 317.945, "poi_names": "สุสานเสาหิน", "categories": "amenity=place_of_worship", "poi_count": 1 }, "geometry": { "type": "Point", "coordinates": [ 99.003724473792275, 18.757377079908377 ] } },
{ "type": "Feature", "properties": { "source": "sv", "poi_id": "40686_left", "poi_name": "นพรัตน์เภสัช", "category_raw": "amenity=pharmacy", "category_std": "health", "category_std_th": "สุขภาพและการแพทย์", "category_sub": "amenity=pharmacy", "category_sub_th": "ร้านขายยา", "lat": 18.757545599682889, "lon": 99.005798008116102, "point_id": 40686, "side": "left", "pano_id": "6kfMonyyBfvdFp_oe6sa6w", "heading": 165.336, "poi_names": "นพรัตน์เภสัช", "categories": "amenity=pharmacy", "poi_count": 1 }, "geometry": { "type": "Point", "coordinates": [ 99.005798008116102, 18.757545599682889 ] } },
{ "type": "Feature", "properties": { "source": "sv", "poi_id": "40692_left", "poi_name": "บริษัท ส.วิวัฒน์พานิช จำกัด", "category_raw": "office=company", "category_std": "office_professional", "category_std_th": "สำนักงานและบริการวิชาชีพ", "category_sub": "office=company", "category_sub_th": "บริษัท", "lat": 18.757318499544979, "lon": 99.004871602720286, "point_id": 40692, "side": "left", "pano_id": "f-MKRjm5QERMWMxGv-Kh0g", "heading": 165.589, "poi_names": "บริษัท ส.วิวัฒน์พานิช จำกัด", "categories": "office=company", "poi_count": 1 }, "geometry": { "type": "Point", "coordinates": [ 99.004871602720286, 18.757318499544979 ] } },
{ "type": "Feature", "properties": { "source": "sv", "poi_id": "40747_left", "poi_name": "สบทา กรอบรูป", "category_raw": "shop=yes", "category_std": "retail_commerce", "category_std_th": "การค้าปลีกและร้านค้า", "category_sub": "shop=yes", "category_sub_th": "ร้านค้าไม่ระบุประเภทย่อย", "lat": 18.780947691906789, "lon": 98.99044936982034, "point_id": 40747, "side": "left", "pano_id": "OPI-SuIHr4vvm-PzrkHiiw", "heading": 181.589, "poi_names": "สบทา กรอบรูป", "categories": "shop=yes", "poi_count": 1 }, "geometry": { "type": "Point", "coordinates": [ 98.99044936982034, 18.780947691906789 ] } },
{ "type": "Feature", "properties": { "source": "sv", "poi_id": "40755_left", "poi_name": "เอเชียการยางเชียงใหม่ | มิชลิน", "category_raw": "shop=car_repair", "category_std": "personal_service_repair", "category_std_th": "บริการส่วนบุคคลและงานซ่อม", "category_sub": "shop=car_repair", "category_sub_th": "อู่ซ่อมรถยนต์", "lat": 18.781481298843197, "lon": 98.99081695948118, "point_id": 40755, "side": "left", "pano_id": "FpHMy99ZDNOc4_4S60ytXA", "heading": 1.788, "poi_names": "เอเชียการยางเชียงใหม่ | มิชลิน", "categories": "shop=car_repair", "poi_count": 2 }, "geometry": { "type": "Point", "coordinates": [ 98.99081695948118, 18.781481298843197 ] } },
{ "type": "Feature", "properties": { "source": "sv", "poi_id": "40794_right", "poi_name": "เจียทัง เฮง", "category_raw": "amenity=restaurant", "category_std": "food_beverage", "category_std_th": "อาหารและเครื่องดื่ม", "category_sub": "amenity=restaurant", "category_sub_th": "ร้านอาหาร", "lat": 18.781296044573423, "lon": 99.001355299019423, "point_id": 40794, "side": "right", "pano_id": "oDfqHPCRbAzpWFPBNPn-AQ", "heading": 355.343, "poi_names": "เจียทัง เฮง", "categories": "amenity=restaurant", "poi_count": 1 }, "geometry": { "type": "Point", "coordinates": [ 99.001355299019423, 18.781296044573423 ] } },
{ "type": "Feature", "properties": { "source": "sv", "poi_id": "40897_right", "poi_name": "Chiang Mai Hostel", "category_raw": "tourism=hostel", "category_std": "tourism_culture", "category_std_th": "ที่พัก การท่องเที่ยว และวัฒนธรรม", "category_sub": "tourism=hostel", "category_sub_th": "โฮสเทล", "lat": 18.794633277975542, "lon": 98.98926659011272, "point_id": 40897, "side": "right", "pano_id": "GTiffAy-wixvaOA60UuOLg", "heading": 2.169, "poi_names": "Chiang Mai Hostel", "categories": "tourism=hostel", "poi_count": 1 }, "geometry": { "type": "Point", "coordinates": [ 98.98926659011272, 18.794633277975542 ] } },
{ "type": "Feature", "properties": { "source": "sv", "poi_id": "40907_right", "poi_name": "วัดพระสิงห์วรมหาวิหาร", "category_raw": "amenity=place_of_worship", "category_std": "education_religion", "category_std_th": "การศึกษาและศาสนา", "category_sub": "amenity=place_of_worship", "category_sub_th": "ศาสนสถาน", "lat": 18.789355153671242, "lon": 98.982397709800239, "point_id": 40907, "side": "right", "pano_id": "Dz3Ar5iLsyWSbgYS-YfxPA", "heading": 263.743, "poi_names": "วัดพระสิงห์วรมหาวิหาร", "categories": "amenity=place_of_worship", "poi_count": 1 }, "geometry": { "type": "Point", "coordinates": [ 98.982397709800239, 18.789355153671242 ] } },
{ "type": "Feature", "properties": { "source": "sv", "poi_id": "40945_right", "poi_name": "The Relax | ครัวชาบู", "category_raw": "amenity=restaurant", "category_std": "food_beverage", "category_std_th": "อาหารและเครื่องดื่ม", "category_sub": "amenity=restaurant", "category_sub_th": "ร้านอาหาร", "lat": 18.783500333193448, "lon": 98.977516383931516, "point_id": 40945, "side": "right", "pano_id": "l5Tc-rDO_vaO09oR0AFj9Q", "heading": 0.836, "poi_names": "The Relax | ครัวชาบู", "categories": "amenity=restaurant", "poi_count": 2 }, "geometry": { "type": "Point", "coordinates": [ 98.977516383931516, 18.783500333193448 ] } },
{ "type": "Feature", "properties": { "source": "sv", "poi_id": "40975_left", "poi_name": "Cash Accessories", "category_raw": "shop=yes", "category_std": "retail_commerce", "category_std_th": "การค้าปลีกและร้านค้า", "category_sub": "shop=yes", "category_sub_th": "ร้านค้าไม่ระบุประเภทย่อย", "lat": 18.787571320101549, "lon": 98.980392689639245, "point_id": 40975, "side": "left", "pano_id": "Jw5pZnFPgDle_LaQdNPhzA", "heading": 86.624, "poi_names": "Cash Accessories", "categories": "shop=yes", "poi_count": 1 }, "geometry": { "type": "Point", "coordinates": [ 98.980392689639245, 18.787571320101549 ] } },
{ "type": "Feature", "properties": { "source": "sv", "poi_id": "41018_left", "poi_name": "ร้านดอกไม้เกษวราง", "category_raw": "shop=yes", "category_std": "retail_commerce", "category_std_th": "การค้าปลีกและร้านค้า", "category_sub": "shop=yes", "category_sub_th": "ร้านค้าไม่ระบุประเภทย่อย", "lat": 18.788930696030427, "lon": 98.973128220759122, "point_id": 41018, "side": "left", "pano_id": "9U0aV8VrTRUrEOVGXxUCLQ", "heading": 181.679, "poi_names": "ร้านดอกไม้เกษวราง", "categories": "shop=yes", "poi_count": 1 }, "geometry": { "type": "Point", "coordinates": [ 98.973128220759122, 18.788930696030427 ] } },
{ "type": "Feature", "properties": { "source": "sv", "poi_id": "41062_left", "poi_name": "เลิศวัฒนา", "category_raw": "shop=yes", "category_std": "retail_commerce", "category_std_th": "การค้าปลีกและร้านค้า", "category_sub": "shop=yes", "category_sub_th": "ร้านค้าไม่ระบุประเภทย่อย", "lat": 18.795622285154469, "lon": 98.992859384978445, "point_id": 41062, "side": "left", "pano_id": "OxMsC8332fUsI-wJLf0izA", "heading": 2.045, "poi_names": "เลิศวัฒนา", "categories": "shop=yes", "poi_count": 1 }, "geometry": { "type": "Point", "coordinates": [ 98.992859384978445, 18.795622285154469 ] } },
{ "type": "Feature", "properties": { "source": "sv", "poi_id": "41098_left", "poi_name": "Thar food drinks", "category_raw": "amenity=restaurant", "category_std": "food_beverage", "category_std_th": "อาหารและเครื่องดื่ม", "category_sub": "amenity=restaurant", "category_sub_th": "ร้านอาหาร", "lat": 18.795204629413394, "lon": 98.986622971232379, "point_id": 41098, "side": "left", "pano_id": "NmosPz4UJFOj7BIiEFFMxw", "heading": 239.854, "poi_names": "Thar food drinks", "categories": "amenity=restaurant", "poi_count": 1 }, "geometry": { "type": "Point", "coordinates": [ 98.986622971232379, 18.795204629413394 ] } },
{ "type": "Feature", "properties": { "source": "sv", "poi_id": "41114_left", "poi_name": "นัยจักกษุคลินิก", "category_raw": "amenity=clinic", "category_std": "health", "category_std_th": "สุขภาพและการแพทย์", "category_sub": "amenity=clinic", "category_sub_th": "คลินิก", "lat": 18.79522971338892, "lon": 98.988123658047797, "point_id": 41114, "side": "left", "pano_id": "h1oOuTq4lojxDViaFrcZ4w", "heading": 182.019, "poi_names": "นัยจักกษุคลินิก", "categories": "amenity=clinic", "poi_count": 1 }, "geometry": { "type": "Point", "coordinates": [ 98.988123658047797, 18.79522971338892 ] } },
{ "type": "Feature", "properties": { "source": "sv", "poi_id": "41133_left", "poi_name": "เฮียบแสง", "category_raw": "shop=yes", "category_std": "retail_commerce", "category_std_th": "การค้าปลีกและร้านค้า", "category_sub": "shop=yes", "category_sub_th": "ร้านค้าไม่ระบุประเภทย่อย", "lat": 18.795083709727308, "lon": 98.992632768908763, "point_id": 41133, "side": "left", "pano_id": "GsGVnQ9i1sXxIRLtRlUf3g", "heading": 181.952, "poi_names": "เฮียบแสง", "categories": "shop=yes", "poi_count": 1 }, "geometry": { "type": "Point", "coordinates": [ 98.992632768908763, 18.795083709727308 ] } },
{ "type": "Feature", "properties": { "source": "sv", "poi_id": "41151_left", "poi_name": "ห้างทองไทยสวัสดิ์", "category_raw": "shop=yes", "category_std": "retail_commerce", "category_std_th": "การค้าปลีกและร้านค้า", "category_sub": "shop=yes", "category_sub_th": "ร้านค้าไม่ระบุประเภทย่อย", "lat": 18.792475047765699, "lon": 98.993388291185326, "point_id": 41151, "side": "left", "pano_id": "POoAnq6tTt6mbbmHVcEaxg", "heading": 273.203, "poi_names": "ห้างทองไทยสวัสดิ์", "categories": "shop=yes", "poi_count": 1 }, "geometry": { "type": "Point", "coordinates": [ 98.993388291185326, 18.792475047765699 ] } },
{ "type": "Feature", "properties": { "source": "sv", "poi_id": "41155_left", "poi_name": "ท็อปเจริญ", "category_raw": "shop=yes", "category_std": "retail_commerce", "category_std_th": "การค้าปลีกและร้านค้า", "category_sub": "shop=yes", "category_sub_th": "ร้านค้าไม่ระบุประเภทย่อย", "lat": 18.791817061934829, "lon": 98.993349292386881, "point_id": 41155, "side": "left", "pano_id": "kIPksuYY12X-pLS3fHzd0Q", "heading": 273.212, "poi_names": "ท็อปเจริญ", "categories": "shop=yes", "poi_count": 1 }, "geometry": { "type": "Point", "coordinates": [ 98.993349292386881, 18.791817061934829 ] } },
{ "type": "Feature", "properties": { "source": "sv", "poi_id": "41156_left", "poi_name": "แว่นท็อบเจริญ", "category_raw": "shop=yes", "category_std": "retail_commerce", "category_std_th": "การค้าปลีกและร้านค้า", "category_sub": "shop=yes", "category_sub_th": "ร้านค้าไม่ระบุประเภทย่อย", "lat": 18.791997061934719, "lon": 98.993360292286241, "point_id": 41156, "side": "left", "pano_id": "U4A3uZZLeNVr47br5d-J7w", "heading": 273.212, "poi_names": "แว่นท็อบเจริญ", "categories": "shop=yes", "poi_count": 1 }, "geometry": { "type": "Point", "coordinates": [ 98.993360292286241, 18.791997061934719 ] } },
{ "type": "Feature", "properties": { "source": "sv", "poi_id": "41159_left", "poi_name": "เชนจ์มาสสาจ", "category_raw": "shop=massage", "category_std": "personal_service_repair", "category_std_th": "บริการส่วนบุคคลและงานซ่อม", "category_sub": "shop=massage", "category_sub_th": "ร้านนวด", "lat": 18.792271580128563, "lon": 98.993376265098306, "point_id": 41159, "side": "left", "pano_id": "Mrdkcopr-dKUDaEcLqGf4w", "heading": 272.906, "poi_names": "เชนจ์มาสสาจ", "categories": "shop=massage", "poi_count": 1 }, "geometry": { "type": "Point", "coordinates": [ 98.993376265098306, 18.792271580128563 ] } },
{ "type": "Feature", "properties": { "source": "sv", "poi_id": "41160_left", "poi_name": "เซ้นส์มาสสอจสมเพชร | ห้างทองไทยสวัสดิ์ตราช้าง", "category_raw": "shop=massage, shop=yes", "category_std": "personal_service_repair; retail_commerce", "category_std_th": "บริการส่วนบุคคลและงานซ่อม; การค้าปลีกและร้านค้า", "category_sub": "shop=massage, shop=yes", "category_sub_th": "ร้านนวด; ร้านค้าไม่ระบุประเภทย่อย", "lat": 18.792390674216229, "lon": 98.993382330333233, "point_id": 41160, "side": "left", "pano_id": "nPjjculytxPNBZxIFsSaNg", "heading": 273.601, "poi_names": "เซ้นส์มาสสอจสมเพชร | ห้างทองไทยสวัสดิ์ตราช้าง", "categories": "shop=massage, shop=yes", "poi_count": 2 }, "geometry": { "type": "Point", "coordinates": [ 98.993382330333233, 18.792390674216229 ] } },
{ "type": "Feature", "properties": { "source": "sv", "poi_id": "41206_left", "poi_name": "chang chang hostel", "category_raw": "tourism=hostel", "category_std": "tourism_culture", "category_std_th": "ที่พัก การท่องเที่ยว และวัฒนธรรม", "category_sub": "tourism=hostel", "category_sub_th": "โฮสเทล", "lat": 18.795274721020924, "lon": 98.985898437998756, "point_id": 41206, "side": "left", "pano_id": "hHpeD2_RW0Ri2W5PtU0zxQ", "heading": 182.152, "poi_names": "chang chang hostel", "categories": "tourism=hostel", "poi_count": 1 }, "geometry": { "type": "Point", "coordinates": [ 98.985898437998756, 18.795274721020924 ] } },
{ "type": "Feature", "properties": { "source": "sv", "poi_id": "41239_right", "poi_name": "cafe' bar", "category_raw": "amenity=cafe", "category_std": "food_beverage", "category_std_th": "อาหารและเครื่องดื่ม", "category_sub": "amenity=cafe", "category_sub_th": "ร้านกาแฟ", "lat": 18.806348401853288, "lon": 98.980996797489382, "point_id": 41239, "side": "right", "pano_id": "nnB9GAZ6NT4z_oXJYO4hiw", "heading": 87.842, "poi_names": "cafe' bar", "categories": "amenity=cafe", "poi_count": 1 }, "geometry": { "type": "Point", "coordinates": [ 98.980996797489382, 18.806348401853288 ] } },
{ "type": "Feature", "properties": { "source": "sv", "poi_id": "41272_right", "poi_name": "Lotus's", "category_raw": "shop=supermarket", "category_std": "retail_commerce", "category_std_th": "การค้าปลีกและร้านค้า", "category_sub": "shop=supermarket", "category_sub_th": "ซูเปอร์มาร์เก็ต", "lat": 18.816372458467853, "lon": 98.982334910499844, "point_id": 41272, "side": "right", "pano_id": "3BrDUPju1I9vG2GDzq7zHQ", "heading": 248.206, "poi_names": "Lotus's", "categories": "shop=supermarket", "poi_count": 1 }, "geometry": { "type": "Point", "coordinates": [ 98.982334910499844, 18.816372458467853 ] } },
{ "type": "Feature", "properties": { "source": "sv", "poi_id": "41286_left", "poi_name": "ซ่อมรถปะยาง รายมตํ รถมอเตอร์ไซค์", "category_raw": "shop=motorcycle_repair", "category_std": "personal_service_repair", "category_std_th": "บริการส่วนบุคคลและงานซ่อม", "category_sub": "shop=motorcycle_repair", "category_sub_th": "ร้านซ่อมรถจักรยานยนต์", "lat": 18.814572342647619, "lon": 98.983266358511244, "point_id": 41286, "side": "left", "pano_id": "0R3VdPZ142yS6MecmHY8pg", "heading": 70.375, "poi_names": "ซ่อมรถปะยาง รายมตํ รถมอเตอร์ไซค์", "categories": "shop=motorcycle_repair", "poi_count": 1 }, "geometry": { "type": "Point", "coordinates": [ 98.983266358511244, 18.814572342647619 ] } },
{ "type": "Feature", "properties": { "source": "sv", "poi_id": "41355_right", "poi_name": "ที่นอนปีนัง เชียงใหม่", "category_raw": "shop=yes", "category_std": "retail_commerce", "category_std_th": "การค้าปลีกและร้านค้า", "category_sub": "shop=yes", "category_sub_th": "ร้านค้าไม่ระบุประเภทย่อย", "lat": 18.800463732135871, "lon": 98.995153901915273, "point_id": 41355, "side": "right", "pano_id": "uJYnfLQGat3_YujwQPeLIQ", "heading": 101.666, "poi_names": "ที่นอนปีนัง เชียงใหม่", "categories": "shop=yes", "poi_count": 1 }, "geometry": { "type": "Point", "coordinates": [ 98.995153901915273, 18.800463732135871 ] } },
{ "type": "Feature", "properties": { "source": "sv", "poi_id": "41356_left", "poi_name": "เสื้อผ้าแฟชั่น", "category_raw": "shop=clothes", "category_std": "retail_commerce", "category_std_th": "การค้าปลีกและร้านค้า", "category_sub": "shop=clothes", "category_sub_th": "ร้านเสื้อผ้า", "lat": 18.800677267817509, "lon": 98.995007097967559, "point_id": 41356, "side": "left", "pano_id": "wyqseyv_jKw8xzi2WJDR9w", "heading": 281.666, "poi_names": "เสื้อผ้าแฟชั่น", "categories": "shop=clothes", "poi_count": 1 }, "geometry": { "type": "Point", "coordinates": [ 98.995007097967559, 18.800677267817509 ] } },
{ "type": "Feature", "properties": { "source": "sv", "poi_id": "41384_left", "poi_name": "Haphae Nails", "category_raw": "shop=beauty", "category_std": "personal_service_repair", "category_std_th": "บริการส่วนบุคคลและงานซ่อม", "category_sub": "shop=beauty", "category_sub_th": "ร้านเสริมสวย", "lat": 18.788041052358249, "lon": 98.993667165849644, "point_id": 41384, "side": "left", "pano_id": "yVsjZezO8u0Mw7Oivf1yKw", "heading": 71.91, "poi_names": "Haphae Nails", "categories": "shop=beauty", "poi_count": 1 }, "geometry": { "type": "Point", "coordinates": [ 98.993667165849644, 18.788041052358249 ] } },
{ "type": "Feature", "properties": { "source": "sv", "poi_id": "41397_left", "poi_name": "เชียงใหม่อาหารเช้า", "category_raw": "amenity=restaurant", "category_std": "food_beverage", "category_std_th": "อาหารและเครื่องดื่ม", "category_sub": "amenity=restaurant", "category_sub_th": "ร้านอาหาร", "lat": 18.784179418989744, "lon": 98.991706154079395, "point_id": 41397, "side": "left", "pano_id": "g4tMytRom8Z3eM7RkFuxCA", "heading": 335.824, "poi_names": "เชียงใหม่อาหารเช้า", "categories": "amenity=restaurant", "poi_count": 1 }, "geometry": { "type": "Point", "coordinates": [ 98.991706154079395, 18.784179418989744 ] } },
{ "type": "Feature", "properties": { "source": "sv", "poi_id": "41541_right", "poi_name": "fruit smoothies", "category_raw": "amenity=cafe", "category_std": "food_beverage", "category_std_th": "อาหารและเครื่องดื่ม", "category_sub": "amenity=cafe", "category_sub_th": "ร้านกาแฟ", "lat": 18.791797859826289, "lon": 98.993230542419525, "point_id": 41541, "side": "right", "pano_id": "nxTG8I56Pv0yQ0tWmhcuXg", "heading": 20.064, "poi_names": "fruit smoothies", "categories": "amenity=cafe", "poi_count": 1 }, "geometry": { "type": "Point", "coordinates": [ 98.993230542419525, 18.791797859826289 ] } },
{ "type": "Feature", "properties": { "source": "sv", "poi_id": "41544_right", "poi_name": "massage", "category_raw": "shop=massage", "category_std": "personal_service_repair", "category_std_th": "บริการส่วนบุคคลและงานซ่อม", "category_sub": "shop=massage", "category_sub_th": "ร้านนวด", "lat": 18.791972361397068, "lon": 98.992747941050084, "point_id": 41544, "side": "right", "pano_id": "ItPH7bG4E8k1wg0rxU2NEQ", "heading": 20.966, "poi_names": "massage", "categories": "shop=massage", "poi_count": 1 }, "geometry": { "type": "Point", "coordinates": [ 98.992747941050084, 18.791972361397068 ] } },
{ "type": "Feature", "properties": { "source": "sv", "poi_id": "41586_left", "poi_name": "บลูเอ้าส์", "category_raw": "shop=yes", "category_std": "retail_commerce", "category_std_th": "การค้าปลีกและร้านค้า", "category_sub": "shop=yes", "category_sub_th": "ร้านค้าไม่ระบุประเภทย่อย", "lat": 18.798257546292881, "lon": 98.979286232430553, "point_id": 41586, "side": "left", "pano_id": "vJUalVKO-C6Ut-mNZvHKHw", "heading": 204.122, "poi_names": "บลูเอ้าส์", "categories": "shop=yes", "poi_count": 1 }, "geometry": { "type": "Point", "coordinates": [ 98.979286232430553, 18.798257546292881 ] } },
{ "type": "Feature", "properties": { "source": "sv", "poi_id": "41599_left", "poi_name": "Niara Apartment", "category_raw": "tourism=hotel", "category_std": "tourism_culture", "category_std_th": "ที่พัก การท่องเที่ยว และวัฒนธรรม", "category_sub": "tourism=hotel", "category_sub_th": "โรงแรม", "lat": 18.798660546474551, "lon": 98.978002999641646, "point_id": 41599, "side": "left", "pano_id": "STVsMlba0Kp-PdLJ2VUX0w", "heading": 288.42, "poi_names": "Niara Apartment", "categories": "tourism=hotel", "poi_count": 1 }, "geometry": { "type": "Point", "coordinates": [ 98.978002999641646, 18.798660546474551 ] } },
{ "type": "Feature", "properties": { "source": "sv", "poi_id": "41615_right", "poi_name": "Manilla Cosmetic", "category_raw": "shop=beauty", "category_std": "personal_service_repair", "category_std_th": "บริการส่วนบุคคลและงานซ่อม", "category_sub": "shop=beauty", "category_sub_th": "ร้านเสริมสวย", "lat": 18.805169137721187, "lon": 98.981214441498594, "point_id": 41615, "side": "right", "pano_id": "zQeFiOo2QfehmJ3qeQaURg", "heading": 9.368, "poi_names": "Manilla Cosmetic", "categories": "shop=beauty", "poi_count": 1 }, "geometry": { "type": "Point", "coordinates": [ 98.981214441498594, 18.805169137721187 ] } },
{ "type": "Feature", "properties": { "source": "sv", "poi_id": "41622_left", "poi_name": "โสภณ แมนชั่น", "category_raw": "tourism=hotel", "category_std": "tourism_culture", "category_std_th": "ที่พัก การท่องเที่ยว และวัฒนธรรม", "category_sub": "tourism=hotel", "category_sub_th": "โรงแรม", "lat": 18.80519485894435, "lon": 98.979880579736403, "point_id": 41622, "side": "left", "pano_id": "M3hVwarEG005TOoTUnrKVA", "heading": 189.355, "poi_names": "โสภณ แมนชั่น", "categories": "tourism=hotel", "poi_count": 1 }, "geometry": { "type": "Point", "coordinates": [ 98.979880579736403, 18.80519485894435 ] } },
{ "type": "Feature", "properties": { "source": "sv", "poi_id": "41638_left", "poi_name": "cannabee", "category_raw": "shop=yes", "category_std": "retail_commerce", "category_std_th": "การค้าปลีกและร้านค้า", "category_sub": "shop=yes", "category_sub_th": "ร้านค้าไม่ระบุประเภทย่อย", "lat": 18.791119585179214, "lon": 98.993834742911275, "point_id": 41638, "side": "left", "pano_id": "l1NTY2vnOSzUzqtzMY70dg", "heading": 92.801, "poi_names": "cannabee", "categories": "shop=yes", "poi_count": 1 }, "geometry": { "type": "Point", "coordinates": [ 98.993834742911275, 18.791119585179214 ] } },
{ "type": "Feature", "properties": { "source": "sv", "poi_id": "41668_right", "poi_name": "New Valentino", "category_raw": "shop=clothes", "category_std": "retail_commerce", "category_std_th": "การค้าปลีกและร้านค้า", "category_sub": "shop=clothes", "category_sub_th": "ร้านเสื้อผ้า", "lat": 18.789237898981838, "lon": 98.992029109728605, "point_id": 41668, "side": "right", "pano_id": "EMQIdxboHepum6F-NC0xuQ", "heading": 349.743, "poi_names": "New Valentino", "categories": "shop=clothes", "poi_count": 1 }, "geometry": { "type": "Point", "coordinates": [ 98.992029109728605, 18.789237898981838 ] } },
{ "type": "Feature", "properties": { "source": "sv", "poi_id": "41687_left", "poi_name": "Pharmacy", "category_raw": "amenity=pharmacy", "category_std": "health", "category_std_th": "สุขภาพและการแพทย์", "category_sub": "amenity=pharmacy", "category_sub_th": "ร้านขายยา", "lat": 18.795840327491991, "lon": 98.98611973993782, "point_id": 41687, "side": "left", "pano_id": "v-zHjCVFSsme2DanEH4XIw", "heading": 1.051, "poi_names": "Pharmacy", "categories": "amenity=pharmacy", "poi_count": 1 }, "geometry": { "type": "Point", "coordinates": [ 98.98611973993782, 18.795840327491991 ] } },
{ "type": "Feature", "properties": { "source": "sv", "poi_id": "41709_left", "poi_name": "ธรัชชัยรการ", "category_raw": "shop=car_repair", "category_std": "personal_service_repair", "category_std_th": "บริการส่วนบุคคลและงานซ่อม", "category_sub": "shop=car_repair", "category_sub_th": "อู่ซ่อมรถยนต์", "lat": 18.795156717114509, "lon": 98.990762548850157, "point_id": 41709, "side": "left", "pano_id": "e3Vsm7BpS6hqsFFUEtSHHA", "heading": 182.085, "poi_names": "ธรัชชัยรการ", "categories": "shop=car_repair", "poi_count": 1 }, "geometry": { "type": "Point", "coordinates": [ 98.990762548850157, 18.795156717114509 ] } },
{ "type": "Feature", "properties": { "source": "sv", "poi_id": "41742_left", "poi_name": "Torern Fried Chicken | ไทช่าน", "category_raw": "amenity=fast_food, shop=yes", "category_std": "food_beverage; retail_commerce", "category_std_th": "อาหารและเครื่องดื่ม; การค้าปลีกและร้านค้า", "category_sub": "amenity=fast_food, shop=yes", "category_sub_th": "อาหารจานด่วน; ร้านค้าไม่ระบุประเภทย่อย", "lat": 18.795870290480519, "lon": 98.984607224487675, "point_id": 41742, "side": "left", "pano_id": "7DNyz9o_lBBD_gi8MjW6rQ", "heading": 1.948, "poi_names": "Torern Fried Chicken | ไทช่าน", "categories": "amenity=fast_food, shop=yes", "poi_count": 2 }, "geometry": { "type": "Point", "coordinates": [ 98.984607224487675, 18.795870290480519 ] } },
{ "type": "Feature", "properties": { "source": "sv", "poi_id": "41745_left", "poi_name": "B2 | วีนัส", "category_raw": "tourism=hotel, shop=yes", "category_std": "tourism_culture; retail_commerce", "category_std_th": "ที่พัก การท่องเที่ยว และวัฒนธรรม; การค้าปลีกและร้านค้า", "category_sub": "tourism=hotel, shop=yes", "category_sub_th": "โรงแรม; ร้านค้าไม่ระบุประเภทย่อย", "lat": 18.795856331816111, "lon": 98.985034471769325, "point_id": 41745, "side": "left", "pano_id": "5hTjSwVzZC5dRSMw36T_YQ", "heading": 0.889, "poi_names": "B2 | วีนัส", "categories": "tourism=hotel, shop=yes", "poi_count": 2 }, "geometry": { "type": "Point", "coordinates": [ 98.985034471769325, 18.795856331816111 ] } },
{ "type": "Feature", "properties": { "source": "sv", "poi_id": "41756_right", "poi_name": "Hu Hostel", "category_raw": "tourism=hostel", "category_std": "tourism_culture", "category_std_th": "ที่พัก การท่องเที่ยว และวัฒนธรรม", "category_sub": "tourism=hostel", "category_sub_th": "โฮสเทล", "lat": 18.797353679410826, "lon": 98.986420600107635, "point_id": 41756, "side": "right", "pano_id": "Qco1SxT47c-5AM_U9sWiKA", "heading": 85.76, "poi_names": "Hu Hostel", "categories": "tourism=hostel", "poi_count": 1 }, "geometry": { "type": "Point", "coordinates": [ 98.986420600107635, 18.797353679410826 ] } },
{ "type": "Feature", "properties": { "source": "sv", "poi_id": "41792_right", "poi_name": "ไทยพาณิชย์", "category_raw": "amenity=bank", "category_std": "finance_insurance", "category_std_th": "การเงินและประกันภัย", "category_sub": "amenity=bank", "category_sub_th": "ธนาคาร", "lat": 18.791894171266826, "lon": 98.997907533125783, "point_id": 41792, "side": "right", "pano_id": "b6oqXNM4-_vanNrTzE9rog", "heading": 59.265, "poi_names": "ไทยพาณิชย์", "categories": "amenity=bank", "poi_count": 1 }, "geometry": { "type": "Point", "coordinates": [ 98.997907533125783, 18.791894171266826 ] } },
{ "type": "Feature", "properties": { "source": "sv", "poi_id": "41795_left", "poi_name": "ธานินทร์วิทยุ", "category_raw": "shop=electronics", "category_std": "retail_commerce", "category_std_th": "การค้าปลีกและร้านค้า", "category_sub": "shop=electronics", "category_sub_th": "ร้านเครื่องใช้ไฟฟ้าและอิเล็กทรอนิกส์", "lat": 18.792219984444326, "lon": 98.997497955517119, "point_id": 41795, "side": "left", "pano_id": "0SzCgep5q_FHxR8qREznJA", "heading": 243.709, "poi_names": "ธานินทร์วิทยุ", "categories": "shop=electronics", "poi_count": 1 }, "geometry": { "type": "Point", "coordinates": [ 98.997497955517119, 18.792219984444326 ] } },
{ "type": "Feature", "properties": { "source": "sv", "poi_id": "41800_right", "poi_name": "ออมสิน", "category_raw": "amenity=bank", "category_std": "finance_insurance", "category_std_th": "การเงินและประกันภัย", "category_sub": "amenity=bank", "category_sub_th": "ธนาคาร", "lat": 18.79430867795471, "lon": 98.996759688736375, "point_id": 41800, "side": "right", "pano_id": "xCuddYJlWN_6M1vhqTS7Kw", "heading": 66.047, "poi_names": "ออมสิน", "categories": "amenity=bank", "poi_count": 1 }, "geometry": { "type": "Point", "coordinates": [ 98.996759688736375, 18.79430867795471 ] } },
{ "type": "Feature", "properties": { "source": "sv", "poi_id": "41822_left", "poi_name": "Samsung Customer Service", "category_raw": "shop=electronics", "category_std": "retail_commerce", "category_std_th": "การค้าปลีกและร้านค้า", "category_sub": "shop=electronics", "category_sub_th": "ร้านเครื่องใช้ไฟฟ้าและอิเล็กทรอนิกส์", "lat": 18.795887279564681, "lon": 98.984073545469741, "point_id": 41822, "side": "left", "pano_id": "7WQjTiUSkvNj2GZSPWG25A", "heading": 2.142, "poi_names": "Samsung Customer Service", "categories": "shop=electronics", "poi_count": 1 }, "geometry": { "type": "Point", "coordinates": [ 98.984073545469741, 18.795887279564681 ] } },
{ "type": "Feature", "properties": { "source": "sv", "poi_id": "41823_left", "poi_name": "ABC หมูกระทะ", "category_raw": "amenity=restaurant", "category_std": "food_beverage", "category_std_th": "อาหารและเครื่องดื่ม", "category_sub": "amenity=restaurant", "category_sub_th": "ร้านอาหาร", "lat": 18.795882332251761, "lon": 98.984225441972242, "point_id": 41823, "side": "left", "pano_id": "D_0hsjm9-5mZYRaQ8BmquA", "heading": 0.871, "poi_names": "ABC หมูกระทะ", "categories": "amenity=restaurant", "poi_count": 1 }, "geometry": { "type": "Point", "coordinates": [ 98.984225441972242, 18.795882332251761 ] } },
{ "type": "Feature", "properties": { "source": "sv", "poi_id": "41849_left", "poi_name": "เสื้อผ้ามือสอง", "category_raw": "shop=clothes", "category_std": "retail_commerce", "category_std_th": "การค้าปลีกและร้านค้า", "category_sub": "shop=clothes", "category_sub_th": "ร้านเสื้อผ้า", "lat": 18.778308881966485, "lon": 98.984609458967142, "point_id": 41849, "side": "left", "pano_id": "w9SjyCSpWUUd6NK8aiQe5w", "heading": 204.638, "poi_names": "เสื้อผ้ามือสอง", "categories": "shop=clothes", "poi_count": 1 }, "geometry": { "type": "Point", "coordinates": [ 98.984609458967142, 18.778308881966485 ] } },
{ "type": "Feature", "properties": { "source": "sv", "poi_id": "41917_left", "poi_name": "อรรถแก้วสังฆภัณฑ์", "category_raw": "shop=yes", "category_std": "retail_commerce", "category_std_th": "การค้าปลีกและร้านค้า", "category_sub": "shop=yes", "category_sub_th": "ร้านค้าไม่ระบุประเภทย่อย", "lat": 18.77837937914051, "lon": 98.996556421071446, "point_id": 41917, "side": "left", "pano_id": "IuXXQRssB11E2p-7d6RRYQ", "heading": 143.498, "poi_names": "อรรถแก้วสังฆภัณฑ์", "categories": "shop=yes", "poi_count": 1 }, "geometry": { "type": "Point", "coordinates": [ 98.996556421071446, 18.77837937914051 ] } },
{ "type": "Feature", "properties": { "source": "sv", "poi_id": "41921_right", "poi_name": "รัมบิมา เซรามิก", "category_raw": "shop=yes", "category_std": "retail_commerce", "category_std_th": "การค้าปลีกและร้านค้า", "category_sub": "shop=yes", "category_sub_th": "ร้านค้าไม่ระบุประเภทย่อย", "lat": 18.778082095544931, "lon": 98.99591223037848, "point_id": 41921, "side": "right", "pano_id": "_ZVsQvOPTIFgmbLiRxVG5w", "heading": 316.099, "poi_names": "รัมบิมา เซรามิก", "categories": "shop=yes", "poi_count": 1 }, "geometry": { "type": "Point", "coordinates": [ 98.99591223037848, 18.778082095544931 ] } },
{ "type": "Feature", "properties": { "source": "sv", "poi_id": "41935_left", "poi_name": "ผ้ามือสอง", "category_raw": "shop=clothes", "category_std": "retail_commerce", "category_std_th": "การค้าปลีกและร้านค้า", "category_sub": "shop=clothes", "category_sub_th": "ร้านเสื้อผ้า", "lat": 18.757094037144, "lon": 99.00235470981842, "point_id": 41935, "side": "left", "pano_id": "yTZ88mS3Au2WeZyZ-WU_vQ", "heading": 347.027, "poi_names": "ผ้ามือสอง", "categories": "shop=clothes", "poi_count": 1 }, "geometry": { "type": "Point", "coordinates": [ 99.00235470981842, 18.757094037144 ] } },
{ "type": "Feature", "properties": { "source": "sv", "poi_id": "41965_left", "poi_name": "ดำรงอ้อมเมือง", "category_raw": "shop=car_repair", "category_std": "personal_service_repair", "category_std_th": "บริการส่วนบุคคลและงานซ่อม", "category_sub": "shop=car_repair", "category_sub_th": "อู่ซ่อมรถยนต์", "lat": 18.768855886494688, "lon": 98.97856947802164, "point_id": 41965, "side": "left", "pano_id": "vVngg_vrIoisZGKGmuL4JQ", "heading": 354.238, "poi_names": "ดำรงอ้อมเมือง", "categories": "shop=car_repair", "poi_count": 1 }, "geometry": { "type": "Point", "coordinates": [ 98.97856947802164, 18.768855886494688 ] } },
{ "type": "Feature", "properties": { "source": "sv", "poi_id": "41987_left", "poi_name": "กกท", "category_raw": "office=government", "category_std": "office_professional", "category_std_th": "สำนักงานและบริการวิชาชีพ", "category_sub": "office=government", "category_sub_th": "หน่วยงานราชการ", "lat": 18.792428477203018, "lon": 98.998070341528944, "point_id": 41987, "side": "left", "pano_id": "B63IVLjdZO-wdtLeruYfzQ", "heading": 59.039, "poi_names": "กกท", "categories": "office=government", "poi_count": 1 }, "geometry": { "type": "Point", "coordinates": [ 98.998070341528944, 18.792428477203018 ] } },
{ "type": "Feature", "properties": { "source": "sv", "poi_id": "41987_right", "poi_name": "Tesco Lotus", "category_raw": "shop=supermarket", "category_std": "retail_commerce", "category_std_th": "การค้าปลีกและร้านค้า", "category_sub": "shop=supermarket", "category_sub_th": "ซูเปอร์มาร์เก็ต", "lat": 18.792335522761309, "lon": 98.997907658515686, "point_id": 41987, "side": "right", "pano_id": "B63IVLjdZO-wdtLeruYfzQ", "heading": 239.039, "poi_names": "Tesco Lotus", "categories": "shop=supermarket", "poi_count": 1 }, "geometry": { "type": "Point", "coordinates": [ 98.997907658515686, 18.792335522761309 ] } },
{ "type": "Feature", "properties": { "source": "sv", "poi_id": "42124_right", "poi_name": "B2", "category_raw": "tourism=hotel", "category_std": "tourism_culture", "category_std_th": "ที่พัก การท่องเที่ยว และวัฒนธรรม", "category_sub": "tourism=hotel", "category_sub_th": "โรงแรม", "lat": 18.794110883786768, "lon": 99.001497796769954, "point_id": 42124, "side": "right", "pano_id": "GeJSoXsrlNttRpzzdzdjrA", "heading": 151.132, "poi_names": "B2", "categories": "tourism=hotel", "poi_count": 1 }, "geometry": { "type": "Point", "coordinates": [ 99.001497796769954, 18.794110883786768 ] } },
{ "type": "Feature", "properties": { "source": "sv", "poi_id": "42143_left", "poi_name": "มันตรี | machine tools", "category_raw": "shop=yes", "category_std": "retail_commerce", "category_std_th": "การค้าปลีกและร้านค้า", "category_sub": "shop=yes", "category_sub_th": "ร้านค้าไม่ระบุประเภทย่อย", "lat": 18.811614467658387, "lon": 98.984422104266514, "point_id": 42143, "side": "left", "pano_id": "AvhtNi9ln6pLq6HmBY1nWw", "heading": 191.489, "poi_names": "มันตรี | machine tools", "categories": "shop=yes", "poi_count": 2 }, "geometry": { "type": "Point", "coordinates": [ 98.984422104266514, 18.811614467658387 ] } },
{ "type": "Feature", "properties": { "source": "sv", "poi_id": "42176_left", "poi_name": "The Warehouse Chiang Mai", "category_raw": "shop=yes", "category_std": "retail_commerce", "category_std_th": "การค้าปลีกและร้านค้า", "category_sub": "shop=yes", "category_sub_th": "ร้านค้าไม่ระบุประเภทย่อย", "lat": 18.793144993886131, "lon": 98.996575068358325, "point_id": 42176, "side": "left", "pano_id": "fOphSkxDfPFKApDzVRFwQw", "heading": 338.392, "poi_names": "The Warehouse Chiang Mai", "categories": "shop=yes", "poi_count": 1 }, "geometry": { "type": "Point", "coordinates": [ 98.996575068358325, 18.793144993886131 ] } },
{ "type": "Feature", "properties": { "source": "sv", "poi_id": "42203_left", "poi_name": "ภัษาสัตว์", "category_raw": "amenity=veterinary", "category_std": "health", "category_std_th": "สุขภาพและการแพทย์", "category_sub": "amenity=veterinary", "category_sub_th": "คลินิกสัตวแพทย์", "lat": 18.811310093656623, "lon": 98.992490151519377, "point_id": 42203, "side": "left", "pano_id": "KIzIBwYCE-Kc9pDNDPojxw", "heading": 190.23, "poi_names": "ภัษาสัตว์", "categories": "amenity=veterinary", "poi_count": 1 }, "geometry": { "type": "Point", "coordinates": [ 98.992490151519377, 18.811310093656623 ] } },
{ "type": "Feature", "properties": { "source": "sv", "poi_id": "42211_left", "poi_name": "บริษัท ศูนย์แหนบเชียงใหม่ จำกัด", "category_raw": "shop=car_repair", "category_std": "personal_service_repair", "category_std_th": "บริการส่วนบุคคลและงานซ่อม", "category_sub": "shop=car_repair", "category_sub_th": "อู่ซ่อมรถยนต์", "lat": 18.811532140517642, "lon": 98.99121488108274, "point_id": 42211, "side": "left", "pano_id": "Vw52npQNfNFuaC_-pQ4c8A", "heading": 190.396, "poi_names": "บริษัท ศูนย์แหนบเชียงใหม่ จำกัด", "categories": "shop=car_repair", "poi_count": 1 }, "geometry": { "type": "Point", "coordinates": [ 98.99121488108274, 18.811532140517642 ] } },
{ "type": "Feature", "properties": { "source": "sv", "poi_id": "42241_right", "poi_name": "หจก. อิ่มบุญเบฟเวอร์เรจ", "category_raw": "office=company", "category_std": "office_professional", "category_std_th": "สำนักงานและบริการวิชาชีพ", "category_sub": "office=company", "category_sub_th": "บริษัท", "lat": 18.802173506717079, "lon": 98.999381875147677, "point_id": 42241, "side": "right", "pano_id": "E4D6-I_MiQhj1VocnHlfsQ", "heading": 104.417, "poi_names": "หจก. อิ่มบุญเบฟเวอร์เรจ", "categories": "office=company", "poi_count": 1 }, "geometry": { "type": "Point", "coordinates": [ 98.999381875147677, 18.802173506717079 ] } },
{ "type": "Feature", "properties": { "source": "sv", "poi_id": "42261_right", "poi_name": "ธนาคารไทยพาณิชย์", "category_raw": "amenity=bank", "category_std": "finance_insurance", "category_std_th": "การเงินและประกันภัย", "category_sub": "amenity=bank", "category_sub_th": "ธนาคาร", "lat": 18.787394096060428, "lon": 99.000845663486416, "point_id": 42261, "side": "right", "pano_id": "EzYOgoMJCmznLDVq_V-CcQ", "heading": 280.263, "poi_names": "ธนาคารไทยพาณิชย์", "categories": "amenity=bank", "poi_count": 1 }, "geometry": { "type": "Point", "coordinates": [ 99.000845663486416, 18.787394096060428 ] } },
{ "type": "Feature", "properties": { "source": "sv", "poi_id": "42271_left", "poi_name": "แอสตร้า สกายริเวอร์ | คอนโดอรสิริน", "category_raw": "tourism=hotel, shop=yes", "category_std": "tourism_culture; retail_commerce", "category_std_th": "ที่พัก การท่องเที่ยว และวัฒนธรรม; การค้าปลีกและร้านค้า", "category_sub": "tourism=hotel, shop=yes", "category_sub_th": "โรงแรม; ร้านค้าไม่ระบุประเภทย่อย", "lat": 18.799648446330728, "lon": 98.971352051475563, "point_id": 42271, "side": "left", "pano_id": "0IJ9YRs7SPNrKvbJRMaPLg", "heading": 29.736, "poi_names": "แอสตร้า สกายริเวอร์ | คอนโดอรสิริน", "categories": "tourism=hotel, shop=yes", "poi_count": 2 }, "geometry": { "type": "Point", "coordinates": [ 98.971352051475563, 18.799648446330728 ] } },
{ "type": "Feature", "properties": { "source": "sv", "poi_id": "42289_left", "poi_name": "บริษัทหลักทรัพย์ เอเอสแอล", "category_raw": "office=financial", "category_std": "finance_insurance", "category_std_th": "การเงินและประกันภัย", "category_sub": "office=financial", "category_sub_th": "บริการทางการเงิน", "lat": 18.800243605374209, "lon": 98.97024975806724, "point_id": 42289, "side": "left", "pano_id": "OTRfT6QH2ubTwXF51wTnaA", "heading": 29.532, "poi_names": "บริษัทหลักทรัพย์ เอเอสแอล", "categories": "office=financial", "poi_count": 1 }, "geometry": { "type": "Point", "coordinates": [ 98.97024975806724, 18.800243605374209 ] } },
{ "type": "Feature", "properties": { "source": "sv", "poi_id": "42335_left", "poi_name": "สมเยานนา", "category_raw": "shop=yes", "category_std": "retail_commerce", "category_std_th": "การค้าปลีกและร้านค้า", "category_sub": "shop=yes", "category_sub_th": "ร้านค้าไม่ระบุประเภทย่อย", "lat": 18.798132582000047, "lon": 98.973658781752476, "point_id": 42335, "side": "left", "pano_id": "r0lmwIjm53_OJXcyVqinqQ", "heading": 208.469, "poi_names": "สมเยานนา", "categories": "shop=yes", "poi_count": 1 }, "geometry": { "type": "Point", "coordinates": [ 98.973658781752476, 18.798132582000047 ] } },
{ "type": "Feature", "properties": { "source": "sv", "poi_id": "42360_right", "poi_name": "จริงใจ แกลเลอรี่ | ตลาดจริงใจ", "category_raw": "tourism=attraction, shop=yes", "category_std": "tourism_culture; retail_commerce", "category_std_th": "ที่พัก การท่องเที่ยว และวัฒนธรรม; การค้าปลีกและร้านค้า", "category_sub": "tourism=attraction, shop=yes", "category_sub_th": "แหล่งท่องเที่ยว; ร้านค้าไม่ระบุประเภทย่อย", "lat": 18.805017167946573, "lon": 98.994837791651122, "point_id": 42360, "side": "right", "pano_id": "gWBjyLURikgUSfRqNUJfCQ", "heading": 193.539, "poi_names": "จริงใจ แกลเลอรี่ | ตลาดจริงใจ", "categories": "tourism=attraction, shop=yes", "poi_count": 2 }, "geometry": { "type": "Point", "coordinates": [ 98.994837791651122, 18.805017167946573 ] } },
{ "type": "Feature", "properties": { "source": "sv", "poi_id": "42361_left", "poi_name": "คำเที่ยง", "category_raw": "shop=yes", "category_std": "retail_commerce", "category_std_th": "การค้าปลีกและร้านค้า", "category_sub": "shop=yes", "category_sub_th": "ร้านค้าไม่ระบุประเภทย่อย", "lat": 18.8047996776587, "lon": 98.996257783390462, "point_id": 42361, "side": "left", "pano_id": "9kVkbwLACpGk4Gld85f22w", "heading": 188.619, "poi_names": "คำเที่ยง", "categories": "shop=yes", "poi_count": 1 }, "geometry": { "type": "Point", "coordinates": [ 98.996257783390462, 18.8047996776587 ] } },
{ "type": "Feature", "properties": { "source": "sv", "poi_id": "42363_right", "poi_name": "วัฒนาอาหารทะเล", "category_raw": "shop=supermarket", "category_std": "retail_commerce", "category_std_th": "การค้าปลีกและร้านค้า", "category_sub": "shop=supermarket", "category_sub_th": "ซูเปอร์มาร์เก็ต", "lat": 18.805010305731344, "lon": 98.996069331206002, "point_id": 42363, "side": "right", "pano_id": "M5rwB4Ovd6b5rXTH32uVMw", "heading": 8.689, "poi_names": "วัฒนาอาหารทะเล", "categories": "shop=supermarket", "poi_count": 1 }, "geometry": { "type": "Point", "coordinates": [ 98.996069331206002, 18.805010305731344 ] } },
{ "type": "Feature", "properties": { "source": "sv", "poi_id": "42391_right", "poi_name": "ปิษลา", "category_raw": "shop=yes", "category_std": "retail_commerce", "category_std_th": "การค้าปลีกและร้านค้า", "category_sub": "shop=yes", "category_sub_th": "ร้านค้าไม่ระบุประเภทย่อย", "lat": 18.805361718459849, "lon": 98.99513411243592, "point_id": 42391, "side": "right", "pano_id": "AXIz6grRT2Sklu99EqTolQ", "heading": 101.028, "poi_names": "ปิษลา", "categories": "shop=yes", "poi_count": 1 }, "geometry": { "type": "Point", "coordinates": [ 98.99513411243592, 18.805361718459849 ] } },
{ "type": "Feature", "properties": { "source": "sv", "poi_id": "42394_left", "poi_name": "จริงใจ วิลเลจ | จริงใจ มาร์เก็ต | จริงใจ แกลเลอรี", "category_raw": "tourism=attraction, shop=yes, tourism=museum", "category_std": "tourism_culture; retail_commerce", "category_std_th": "ที่พัก การท่องเที่ยว และวัฒนธรรม; การค้าปลีกและร้านค้า", "category_sub": "tourism=attraction, shop=yes, tourism=museum", "category_sub_th": "แหล่งท่องเที่ยว; ร้านค้าไม่ระบุประเภทย่อย; พิพิธภัณฑ์", "lat": 18.804960019865309, "lon": 98.994858834665393, "point_id": 42394, "side": "left", "pano_id": "IhtxH23bOifwd1mXZHLLYA", "heading": 280.859, "poi_names": "จริงใจ วิลเลจ | จริงใจ มาร์เก็ต | จริงใจ แกลเลอรี", "categories": "tourism=attraction, shop=yes, tourism=museum", "poi_count": 3 }, "geometry": { "type": "Point", "coordinates": [ 98.994858834665393, 18.804960019865309 ] } },
{ "type": "Feature", "properties": { "source": "sv", "poi_id": "42402_left", "poi_name": "หมิงยู", "category_raw": "shop=yes", "category_std": "retail_commerce", "category_std_th": "การค้าปลีกและร้านค้า", "category_sub": "shop=yes", "category_sub_th": "ร้านค้าไม่ระบุประเภทย่อย", "lat": 18.801749673798192, "lon": 98.995241179364797, "point_id": 42402, "side": "left", "pano_id": "CwQCFLdQvL4XNRCjkNdQqA", "heading": 271.696, "poi_names": "หมิงยู", "categories": "shop=yes", "poi_count": 1 }, "geometry": { "type": "Point", "coordinates": [ 98.995241179364797, 18.801749673798192 ] } },
{ "type": "Feature", "properties": { "source": "sv", "poi_id": "42499_left", "poi_name": "โรงแรม", "category_raw": "tourism=hotel", "category_std": "tourism_culture", "category_std_th": "ที่พัก การท่องเที่ยว และวัฒนธรรม", "category_sub": "tourism=hotel", "category_sub_th": "โรงแรม", "lat": 18.804878626539399, "lon": 98.961050813429864, "point_id": 42499, "side": "left", "pano_id": "YcBxZ76_0ILM0TI0bX02Fw", "heading": 209.829, "poi_names": "โรงแรม", "categories": "tourism=hotel", "poi_count": 1 }, "geometry": { "type": "Point", "coordinates": [ 98.961050813429864, 18.804878626539399 ] } },
{ "type": "Feature", "properties": { "source": "sv", "poi_id": "42502_left", "poi_name": "โชคไพศาลแก๊ส", "category_raw": "shop=yes", "category_std": "retail_commerce", "category_std_th": "การค้าปลีกและร้านค้า", "category_sub": "shop=yes", "category_sub_th": "ร้านค้าไม่ระบุประเภทย่อย", "lat": 18.805093626541211, "lon": 98.960655813369925, "point_id": 42502, "side": "left", "pano_id": "fOq4eRhRtp4CHQddFITi2w", "heading": 209.829, "poi_names": "โชคไพศาลแก๊ส", "categories": "shop=yes", "poi_count": 1 }, "geometry": { "type": "Point", "coordinates": [ 98.960655813369925, 18.805093626541211 ] } },
{ "type": "Feature", "properties": { "source": "sv", "poi_id": "42546_left", "poi_name": "Lotus's go fresh", "category_raw": "shop=convenience", "category_std": "retail_commerce", "category_std_th": "การค้าปลีกและร้านค้า", "category_sub": "shop=convenience", "category_sub_th": "ร้านสะดวกซื้อ", "lat": 18.816572852411319, "lon": 98.982087339106513, "point_id": 42546, "side": "left", "pano_id": "va7ytqBkV1mezgzklqc7fQ", "heading": 249.155, "poi_names": "Lotus's go fresh", "categories": "shop=convenience", "poi_count": 1 }, "geometry": { "type": "Point", "coordinates": [ 98.982087339106513, 18.816572852411319 ] } },
{ "type": "Feature", "properties": { "source": "sv", "poi_id": "42550_left", "poi_name": "เมืองไทย แคปปิตอล", "category_raw": "office=financial", "category_std": "finance_insurance", "category_std_th": "การเงินและประกันภัย", "category_sub": "office=financial", "category_sub_th": "บริการทางการเงิน", "lat": 18.815852646033239, "lon": 98.982387256712727, "point_id": 42550, "side": "left", "pano_id": "6UpZQ9eOEAPVvIQV3KQBvA", "heading": 247.65, "poi_names": "เมืองไทย แคปปิตอล", "categories": "office=financial", "poi_count": 1 }, "geometry": { "type": "Point", "coordinates": [ 98.982387256712727, 18.815852646033239 ] } },
{ "type": "Feature", "properties": { "source": "sv", "poi_id": "42560_left", "poi_name": "ราดหน้าข่วงสิงห์ | เอเซียแก๊ส", "category_raw": "amenity=restaurant, shop=yes", "category_std": "food_beverage; retail_commerce", "category_std_th": "อาหารและเครื่องดื่ม; การค้าปลีกและร้านค้า", "category_sub": "amenity=restaurant, shop=yes", "category_sub_th": "ร้านอาหาร; ร้านค้าไม่ระบุประเภทย่อย", "lat": 18.813728570932788, "lon": 98.983217305618567, "point_id": 42560, "side": "left", "pano_id": "oLQ1HEucQEIyXqbBrn-bFw", "heading": 250.989, "poi_names": "ราดหน้าข่วงสิงห์ | เอเซียแก๊ส", "categories": "amenity=restaurant, shop=yes", "poi_count": 2 }, "geometry": { "type": "Point", "coordinates": [ 98.983217305618567, 18.813728570932788 ] } },
{ "type": "Feature", "properties": { "source": "sv", "poi_id": "42561_left", "poi_name": "บริษัท เอส.ที. มอเตอร์เชียงใหม่ จำกัด", "category_raw": "shop=motorcycle_repair", "category_std": "personal_service_repair", "category_std_th": "บริการส่วนบุคคลและงานซ่อม", "category_sub": "shop=motorcycle_repair", "category_sub_th": "ร้านซ่อมรถจักรยานยนต์", "lat": 18.813899570933327, "lon": 98.983155305527916, "point_id": 42561, "side": "left", "pano_id": "iB7vaBfS0tnr7z67qpgIRg", "heading": 250.989, "poi_names": "บริษัท เอส.ที. มอเตอร์เชียงใหม่ จำกัด", "categories": "shop=motorcycle_repair", "poi_count": 1 }, "geometry": { "type": "Point", "coordinates": [ 98.983155305527916, 18.813899570933327 ] } },
{ "type": "Feature", "properties": { "source": "sv", "poi_id": "42562_left", "poi_name": "ข่วงสิงห์การค้า | รับยาทินี (สิทธิบัตรทอง 30 บาท)", "category_raw": "shop=yes, amenity=pharmacy", "category_std": "retail_commerce; health", "category_std_th": "การค้าปลีกและร้านค้า; สุขภาพและการแพทย์", "category_sub": "shop=yes, amenity=pharmacy", "category_sub_th": "ร้านค้าไม่ระบุประเภทย่อย; ร้านขายยา", "lat": 18.814070570933868, "lon": 98.983094305437263, "point_id": 42562, "side": "left", "pano_id": "guT9AnvcbIrf2mA3GEY8UQ", "heading": 250.989, "poi_names": "ข่วงสิงห์การค้า | รับยาทินี (สิทธิบัตรทอง 30 บาท)", "categories": "shop=yes, amenity=pharmacy", "poi_count": 2 }, "geometry": { "type": "Point", "coordinates": [ 98.983094305437263, 18.814070570933868 ] } },
{ "type": "Feature", "properties": { "source": "sv", "poi_id": "42570_left", "poi_name": "ตลาดศิริบูรณ์", "category_raw": "shop=supermarket", "category_std": "retail_commerce", "category_std_th": "การค้าปลีกและร้านค้า", "category_sub": "shop=supermarket", "category_sub_th": "ซูเปอร์มาร์เก็ต", "lat": 18.815250194537256, "lon": 98.982640203833, "point_id": 42570, "side": "left", "pano_id": "Y-MYsyXZwLGGpcEmhTNvoQ", "heading": 249.387, "poi_names": "ตลาดศิริบูรณ์", "categories": "shop=supermarket", "poi_count": 1 }, "geometry": { "type": "Point", "coordinates": [ 98.982640203833, 18.815250194537256 ] } },
{ "type": "Feature", "properties": { "source": "sv", "poi_id": "42683_left", "poi_name": "โตเกียวมารีน", "category_raw": "office=insurance", "category_std": "finance_insurance", "category_std_th": "การเงินและประกันภัย", "category_sub": "office=insurance", "category_sub_th": "บริษัทประกันภัย", "lat": 18.811341208593078, "lon": 98.982197462889602, "point_id": 42683, "side": "left", "pano_id": "PlW72cr7zL1Lo0XpTG5QZQ", "heading": 173.668, "poi_names": "โตเกียวมารีน", "categories": "office=insurance", "poi_count": 1 }, "geometry": { "type": "Point", "coordinates": [ 98.982197462889602, 18.811341208593078 ] } },
{ "type": "Feature", "properties": { "source": "sv", "poi_id": "42702_left", "poi_name": "SME Bank", "category_raw": "amenity=bank", "category_std": "finance_insurance", "category_std_th": "การเงินและประกันภัย", "category_sub": "amenity=bank", "category_sub_th": "ธนาคาร", "lat": 18.811805185370098, "lon": 98.986103240726024, "point_id": 42702, "side": "left", "pano_id": "2y4F11RAuG5BShyFJIrmww", "heading": 173.803, "poi_names": "SME Bank", "categories": "amenity=bank", "poi_count": 1 }, "geometry": { "type": "Point", "coordinates": [ 98.986103240726024, 18.811805185370098 ] } },
{ "type": "Feature", "properties": { "source": "sv", "poi_id": "42703_left", "poi_name": "ซ่อมแอร์ ไดชาร์จ", "category_raw": "shop=car_repair", "category_std": "personal_service_repair", "category_std_th": "บริการส่วนบุคคลและงานซ่อม", "category_sub": "shop=car_repair", "category_sub_th": "อู่ซ่อมรถยนต์", "lat": 18.811786185369915, "lon": 98.985914240724881, "point_id": 42703, "side": "left", "pano_id": "MD1mblt6-KYIIhV9n8FDiA", "heading": 173.803, "poi_names": "ซ่อมแอร์ ไดชาร์จ", "categories": "shop=car_repair", "poi_count": 1 }, "geometry": { "type": "Point", "coordinates": [ 98.985914240724881, 18.811786185369915 ] } },
{ "type": "Feature", "properties": { "source": "sv", "poi_id": "42706_left", "poi_name": "พรศักดิ์ โฮมเซ็นเตอร์", "category_raw": "shop=yes", "category_std": "retail_commerce", "category_std_th": "การค้าปลีกและร้านค้า", "category_sub": "shop=yes", "category_sub_th": "ร้านค้าไม่ระบุประเภทย่อย", "lat": 18.811789860286986, "lon": 98.989577646656514, "point_id": 42706, "side": "left", "pano_id": "ZN4Vzc2sXgFxqXydtsn1PA", "heading": 183.84, "poi_names": "พรศักดิ์ โฮมเซ็นเตอร์", "categories": "shop=yes", "poi_count": 1 }, "geometry": { "type": "Point", "coordinates": [ 98.989577646656514, 18.811789860286986 ] } },
{ "type": "Feature", "properties": { "source": "sv", "poi_id": "42779_left", "poi_name": "เบเกอรี่", "category_raw": "shop=bakery", "category_std": "retail_commerce", "category_std_th": "การค้าปลีกและร้านค้า", "category_sub": "shop=bakery", "category_sub_th": "ร้านเบเกอรี", "lat": 18.838635613401905, "lon": 98.974504884013015, "point_id": 42779, "side": "left", "pano_id": "0Uh2XlIkZTXuKrSl1VOR6w", "heading": 69.517, "poi_names": "เบเกอรี่", "categories": "shop=bakery", "poi_count": 1 }, "geometry": { "type": "Point", "coordinates": [ 98.974504884013015, 18.838635613401905 ] } },
{ "type": "Feature", "properties": { "source": "sv", "poi_id": "42788_left", "poi_name": "มาณชตนาการยาง", "category_raw": "shop=car_repair", "category_std": "personal_service_repair", "category_std_th": "บริการส่วนบุคคลและงานซ่อม", "category_sub": "shop=car_repair", "category_sub_th": "อู่ซ่อมรถยนต์", "lat": 18.837333598635023, "lon": 98.975015889121522, "point_id": 42788, "side": "left", "pano_id": "O4W2cUMjhPRHYWdwGO3_Eg", "heading": 69.527, "poi_names": "มาณชตนาการยาง", "categories": "shop=car_repair", "poi_count": 1 }, "geometry": { "type": "Point", "coordinates": [ 98.975015889121522, 18.837333598635023 ] } },
{ "type": "Feature", "properties": { "source": "sv", "poi_id": "42844_left", "poi_name": "บ้านฝาไส", "category_raw": "tourism=guest_house", "category_std": "tourism_culture", "category_std_th": "ที่พัก การท่องเที่ยว และวัฒนธรรม", "category_sub": "tourism=guest_house", "category_sub_th": "เกสต์เฮาส์", "lat": 18.799511410516416, "lon": 98.996236354441365, "point_id": 42844, "side": "left", "pano_id": "lHERxv9fXO90Q8MBJqpcNA", "heading": 282.407, "poi_names": "บ้านฝาไส", "categories": "tourism=guest_house", "poi_count": 1 }, "geometry": { "type": "Point", "coordinates": [ 98.996236354441365, 18.799511410516416 ] } },
{ "type": "Feature", "properties": { "source": "sv", "poi_id": "42916_left", "poi_name": "เทียมศิริค้าวัสดุ", "category_raw": "shop=yes", "category_std": "retail_commerce", "category_std_th": "การค้าปลีกและร้านค้า", "category_sub": "shop=yes", "category_sub_th": "ร้านค้าไม่ระบุประเภทย่อย", "lat": 18.811317834867676, "lon": 98.984450252505141, "point_id": 42916, "side": "left", "pano_id": "FfGsLQXrAcaSaiFpGYD5CQ", "heading": 72.055, "poi_names": "เทียมศิริค้าวัสดุ", "categories": "shop=yes", "poi_count": 1 }, "geometry": { "type": "Point", "coordinates": [ 98.984450252505141, 18.811317834867676 ] } },
{ "type": "Feature", "properties": { "source": "sv", "poi_id": "42916_right", "poi_name": "ธนาคารทิสโก้", "category_raw": "amenity=bank", "category_std": "finance_insurance", "category_std_th": "การเงินและประกันภัย", "category_sub": "amenity=bank", "category_sub_th": "ธนาคาร", "lat": 18.8112621650886, "lon": 98.984269747524536, "point_id": 42916, "side": "right", "pano_id": "FfGsLQXrAcaSaiFpGYD5CQ", "heading": 252.055, "poi_names": "ธนาคารทิสโก้", "categories": "amenity=bank", "poi_count": 1 }, "geometry": { "type": "Point", "coordinates": [ 98.984269747524536, 18.8112621650886 ] } },
{ "type": "Feature", "properties": { "source": "sv", "poi_id": "42934_left", "poi_name": "ธนาคารทิสโก้", "category_raw": "amenity=bank", "category_std": "finance_insurance", "category_std_th": "การเงินและประกันภัย", "category_sub": "amenity=bank", "category_sub_th": "ธนาคาร", "lat": 18.811073299753019, "lon": 98.984243405641919, "point_id": 42934, "side": "left", "pano_id": "7TpdJ_UX6n2RA29gp8Hvcw", "heading": 250.807, "poi_names": "ธนาคารทิสโก้", "categories": "amenity=bank", "poi_count": 1 }, "geometry": { "type": "Point", "coordinates": [ 98.984243405641919, 18.811073299753019 ] } },
{ "type": "Feature", "properties": { "source": "sv", "poi_id": "42959_left", "poi_name": "นันทพรการแพทย์ | ร้านขายยา", "category_raw": "amenity=clinic, amenity=pharmacy", "category_std": "health", "category_std_th": "สุขภาพและการแพทย์", "category_sub": "amenity=clinic, amenity=pharmacy", "category_sub_th": "คลินิก; ร้านขายยา", "lat": 18.803977044912521, "lon": 98.985432228323219, "point_id": 42959, "side": "left", "pano_id": "xrAMsAOJwjVNtPhPyR7t5A", "heading": 230.096, "poi_names": "นันทพรการแพทย์ | ร้านขายยา", "categories": "amenity=clinic, amenity=pharmacy", "poi_count": 2 }, "geometry": { "type": "Point", "coordinates": [ 98.985432228323219, 18.803977044912521 ] } },
{ "type": "Feature", "properties": { "source": "sv", "poi_id": "42962_left", "poi_name": "เพื่อนเกษตร", "category_raw": "shop=yes", "category_std": "retail_commerce", "category_std_th": "การค้าปลีกและร้านค้า", "category_sub": "shop=yes", "category_sub_th": "ร้านค้าไม่ระบุประเภทย่อย", "lat": 18.804324928330608, "lon": 98.985328615828877, "point_id": 42962, "side": "left", "pano_id": "XvmgMVXzyJHOJbjWVCozOQ", "heading": 264.237, "poi_names": "เพื่อนเกษตร", "categories": "shop=yes", "poi_count": 1 }, "geometry": { "type": "Point", "coordinates": [ 98.985328615828877, 18.804324928330608 ] } },
{ "type": "Feature", "properties": { "source": "sv", "poi_id": "42963_left", "poi_name": "ห้างทองดีเยาวราช", "category_raw": "shop=yes", "category_std": "retail_commerce", "category_std_th": "การค้าปลีกและร้านค้า", "category_sub": "shop=yes", "category_sub_th": "ร้านค้าไม่ระบุประเภทย่อย", "lat": 18.804504928330783, "lon": 98.985309615728525, "point_id": 42963, "side": "left", "pano_id": "WLWdU6Niijpnu9_4PV5dXA", "heading": 264.237, "poi_names": "ห้างทองดีเยาวราช", "categories": "shop=yes", "poi_count": 1 }, "geometry": { "type": "Point", "coordinates": [ 98.985309615728525, 18.804504928330783 ] } },
{ "type": "Feature", "properties": { "source": "sv", "poi_id": "42968_left", "poi_name": "โขตนาคลินิก", "category_raw": "amenity=clinic", "category_std": "health", "category_std_th": "สุขภาพและการแพทย์", "category_sub": "amenity=clinic", "category_sub_th": "คลินิก", "lat": 18.805215928331471, "lon": 98.985233615332078, "point_id": 42968, "side": "left", "pano_id": "Y61QhNfR3w5gRjDGU-1qTQ", "heading": 264.237, "poi_names": "โขตนาคลินิก", "categories": "amenity=clinic", "poi_count": 1 }, "geometry": { "type": "Point", "coordinates": [ 98.985233615332078, 18.805215928331471 ] } },
{ "type": "Feature", "properties": { "source": "sv", "poi_id": "42970_left", "poi_name": "ป้าย ไวนิล พลาสวูด สติกเกอร์", "category_raw": "shop=yes", "category_std": "retail_commerce", "category_std_th": "การค้าปลีกและร้านค้า", "category_sub": "shop=yes", "category_sub_th": "ร้านค้าไม่ระบุประเภทย่อย", "lat": 18.805174810213884, "lon": 98.985514303151035, "point_id": 42970, "side": "left", "pano_id": "XiWs2no3XDPRiJarNS3_ng", "heading": 83.766, "poi_names": "ป้าย ไวนิล พลาสวูด สติกเกอร์", "categories": "shop=yes", "poi_count": 1 }, "geometry": { "type": "Point", "coordinates": [ 98.985514303151035, 18.805174810213884 ] } },
{ "type": "Feature", "properties": { "source": "sv", "poi_id": "42975_left", "poi_name": "ศูนย์รองเท้ามือสองเชียงใหม่", "category_raw": "shop=clothes", "category_std": "retail_commerce", "category_std_th": "การค้าปลีกและร้านค้า", "category_sub": "shop=clothes", "category_sub_th": "ร้านเสื้อผ้า", "lat": 18.804487821186704, "lon": 98.985593301509084, "point_id": 42975, "side": "left", "pano_id": "nIspop5Nz4PfKdx8yI68Ng", "heading": 83.759, "poi_names": "ศูนย์รองเท้ามือสองเชียงใหม่", "categories": "shop=clothes", "poi_count": 1 }, "geometry": { "type": "Point", "coordinates": [ 98.985593301509084, 18.804487821186704 ] } },
{ "type": "Feature", "properties": { "source": "sv", "poi_id": "42976_left", "poi_name": "JobsDB | เงินสดทันใจ", "category_raw": "office=company, office=financial", "category_std": "office_professional; finance_insurance", "category_std_th": "สำนักงานและบริการวิชาชีพ; การเงินและประกันภัย", "category_sub": "office=company, office=financial", "category_sub_th": "บริษัท; บริการทางการเงิน", "lat": 18.804307821186882, "lon": 98.985614301408802, "point_id": 42976, "side": "left", "pano_id": "_MIQ3ZskO_uqfgbR8kOziw", "heading": 83.759, "poi_names": "JobsDB | เงินสดทันใจ", "categories": "office=company, office=financial", "poi_count": 2 }, "geometry": { "type": "Point", "coordinates": [ 98.985614301408802, 18.804307821186882 ] } },
{ "type": "Feature", "properties": { "source": "sv", "poi_id": "43038_left", "poi_name": "โรงเรียนวัดป่าตัน", "category_raw": "amenity=school", "category_std": "education_religion", "category_std_th": "การศึกษาและศาสนา", "category_sub": "amenity=school", "category_sub_th": "โรงเรียน", "lat": 18.81058005103781, "lon": 99.001411614844258, "point_id": 43038, "side": "left", "pano_id": "YuhkXDXTXr0WQ0I-V1KLqA", "heading": 4.604, "poi_names": "โรงเรียนวัดป่าตัน", "categories": "amenity=school", "poi_count": 1 }, "geometry": { "type": "Point", "coordinates": [ 99.001411614844258, 18.81058005103781 ] } },
{ "type": "Feature", "properties": { "source": "sv", "poi_id": "43083_left", "poi_name": "เสิโรส ไข่กระทะ", "category_raw": "amenity=restaurant", "category_std": "food_beverage", "category_std_th": "อาหารและเครื่องดื่ม", "category_sub": "amenity=restaurant", "category_sub_th": "ร้านอาหาร", "lat": 18.833161234010788, "lon": 98.986677644780727, "point_id": 43083, "side": "left", "pano_id": "H69V7W5OBn4ViOzYoem9BQ", "heading": 2.806, "poi_names": "เสิโรส ไข่กระทะ", "categories": "amenity=restaurant", "poi_count": 1 }, "geometry": { "type": "Point", "coordinates": [ 98.986677644780727, 18.833161234010788 ] } },
{ "type": "Feature", "properties": { "source": "sv", "poi_id": "43095_left", "poi_name": "ประพทนิช", "category_raw": "shop=yes", "category_std": "retail_commerce", "category_std_th": "การค้าปลีกและร้านค้า", "category_sub": "shop=yes", "category_sub_th": "ร้านค้าไม่ระบุประเภทย่อย", "lat": 18.807103868281647, "lon": 99.016447127493578, "point_id": 43095, "side": "left", "pano_id": "AX-lyhc3BfmQ3bfXX43Feg", "heading": 45.902, "poi_names": "ประพทนิช", "categories": "shop=yes", "poi_count": 1 }, "geometry": { "type": "Point", "coordinates": [ 99.016447127493578, 18.807103868281647 ] } },
{ "type": "Feature", "properties": { "source": "sv", "poi_id": "43099_left", "poi_name": "วีระพานิช", "category_raw": "shop=yes", "category_std": "retail_commerce", "category_std_th": "การค้าปลีกและร้านค้า", "category_sub": "shop=yes", "category_sub_th": "ร้านค้าไม่ระบุประเภทย่อย", "lat": 18.808216994946129, "lon": 99.015103895931006, "point_id": 43099, "side": "left", "pano_id": "ALv0fbBUdBC5slQQVRTPvQ", "heading": 36.101, "poi_names": "วีระพานิช", "categories": "shop=yes", "poi_count": 1 }, "geometry": { "type": "Point", "coordinates": [ 99.015103895931006, 18.808216994946129 ] } },
{ "type": "Feature", "properties": { "source": "sv", "poi_id": "43112_left", "poi_name": "วีระพานิช", "category_raw": "shop=yes", "category_std": "retail_commerce", "category_std_th": "การค้าปลีกและร้านค้า", "category_sub": "shop=yes", "category_sub_th": "ร้านค้าไม่ระบุประเภทย่อย", "lat": 18.808284228789788, "lon": 99.015002074589873, "point_id": 43112, "side": "left", "pano_id": "92PPDc9Ip8g9m4R-TsfbIg", "heading": 34.751, "poi_names": "วีระพานิช", "categories": "shop=yes", "poi_count": 1 }, "geometry": { "type": "Point", "coordinates": [ 99.015002074589873, 18.808284228789788 ] } },
{ "type": "Feature", "properties": { "source": "sv", "poi_id": "43186_left", "poi_name": "Coody Autocare", "category_raw": "shop=car_repair", "category_std": "personal_service_repair", "category_std_th": "บริการส่วนบุคคลและงานซ่อม", "category_sub": "shop=car_repair", "category_sub_th": "อู่ซ่อมรถยนต์", "lat": 18.809365968941307, "lon": 99.010648239539762, "point_id": 43186, "side": "left", "pano_id": "HErs1GvyQL0U9aQbzEa9Fw", "heading": 147.308, "poi_names": "Coody Autocare", "categories": "shop=car_repair", "poi_count": 1 }, "geometry": { "type": "Point", "coordinates": [ 99.010648239539762, 18.809365968941307 ] } },
{ "type": "Feature", "properties": { "source": "sv", "poi_id": "43212_left", "poi_name": "ยูวัน ที่นอน", "category_raw": "shop=yes", "category_std": "retail_commerce", "category_std_th": "การค้าปลีกและร้านค้า", "category_sub": "shop=yes", "category_sub_th": "ร้านค้าไม่ระบุประเภทย่อย", "lat": 18.798636293979868, "lon": 99.020831183768024, "point_id": 43212, "side": "left", "pano_id": "EZF1W6j3utV59_xa5dEtWw", "heading": 68.375, "poi_names": "ยูวัน ที่นอน", "categories": "shop=yes", "poi_count": 1 }, "geometry": { "type": "Point", "coordinates": [ 99.020831183768024, 18.798636293979868 ] } },
{ "type": "Feature", "properties": { "source": "sv", "poi_id": "43288_right", "poi_name": "ชนาภา รีสอร์ท แอนด์ สปา", "category_raw": "tourism=hotel", "category_std": "tourism_culture", "category_std_th": "ที่พัก การท่องเที่ยว และวัฒนธรรม", "category_sub": "tourism=hotel", "category_sub_th": "โรงแรม", "lat": 18.828297310565866, "lon": 98.991858314120805, "point_id": 43288, "side": "right", "pano_id": "9CfsiQsWEQxKTkTf3RuqYA", "heading": 133.066, "poi_names": "ชนาภา รีสอร์ท แอนด์ สปา", "categories": "tourism=hotel", "poi_count": 1 }, "geometry": { "type": "Point", "coordinates": [ 98.991858314120805, 18.828297310565866 ] } },
{ "type": "Feature", "properties": { "source": "sv", "poi_id": "43296_left", "poi_name": "เวียงพิงค์การยาง | นิมซีเส็ง", "category_raw": "shop=car_repair", "category_std": "personal_service_repair", "category_std_th": "บริการส่วนบุคคลและงานซ่อม", "category_sub": "shop=car_repair", "category_sub_th": "อู่ซ่อมรถยนต์", "lat": 18.809304989773764, "lon": 99.01028187040724, "point_id": 43296, "side": "left", "pano_id": "tDkcQ_rN4ovvhcWlCWvORQ", "heading": 184.916, "poi_names": "เวียงพิงค์การยาง | นิมซีเส็ง", "categories": "shop=car_repair", "poi_count": 2 }, "geometry": { "type": "Point", "coordinates": [ 99.01028187040724, 18.809304989773764 ] } },
{ "type": "Feature", "properties": { "source": "sv", "poi_id": "43312_left", "poi_name": "วัดถวาย", "category_raw": "amenity=place_of_worship", "category_std": "education_religion", "category_std_th": "การศึกษาและศาสนา", "category_sub": "amenity=place_of_worship", "category_sub_th": "ศาสนสถาน", "lat": 18.809003107778601, "lon": 99.01198803280856, "point_id": 43312, "side": "left", "pano_id": "FWJGf9HEaf_dySxEX2MqBQ", "heading": 195.886, "poi_names": "วัดถวาย", "categories": "amenity=place_of_worship", "poi_count": 1 }, "geometry": { "type": "Point", "coordinates": [ 99.01198803280856, 18.809003107778601 ] } },
{ "type": "Feature", "properties": { "source": "sv", "poi_id": "43330_left", "poi_name": "รวอ เวเบอร์ | สีเคมี", "category_raw": "office=company, shop=yes", "category_std": "office_professional; retail_commerce", "category_std_th": "สำนักงานและบริการวิชาชีพ; การค้าปลีกและร้านค้า", "category_sub": "office=company, shop=yes", "category_sub_th": "บริษัท; ร้านค้าไม่ระบุประเภทย่อย", "lat": 18.807903228900582, "lon": 99.014453338023841, "point_id": 43330, "side": "left", "pano_id": "_2n-U0YcKUmxBepjycyftQ", "heading": 212.996, "poi_names": "รวอ เวเบอร์ | สีเคมี", "categories": "office=company, shop=yes", "poi_count": 2 }, "geometry": { "type": "Point", "coordinates": [ 99.014453338023841, 18.807903228900582 ] } },
{ "type": "Feature", "properties": { "source": "sv", "poi_id": "43339_left", "poi_name": "วนัสนันท์", "category_raw": "shop=yes", "category_std": "retail_commerce", "category_std_th": "การค้าปลีกและร้านค้า", "category_sub": "shop=yes", "category_sub_th": "ร้านค้าไม่ระบุประเภทย่อย", "lat": 18.80770799770745, "lon": 99.014768767049304, "point_id": 43339, "side": "left", "pano_id": "TAbqiq0uDfsIWDzA2PlS6Q", "heading": 220.201, "poi_names": "วนัสนันท์", "categories": "shop=yes", "poi_count": 1 }, "geometry": { "type": "Point", "coordinates": [ 99.014768767049304, 18.80770799770745 ] } },
{ "type": "Feature", "properties": { "source": "sv", "poi_id": "43349_left", "poi_name": "วันพลัส คอนโด", "category_raw": "tourism=hotel", "category_std": "tourism_culture", "category_std_th": "ที่พัก การท่องเที่ยว และวัฒนธรรม", "category_sub": "tourism=hotel", "category_sub_th": "โรงแรม", "lat": 18.804107562472261, "lon": 99.01779273925402, "point_id": 43349, "side": "left", "pano_id": "F4BhfCTyYVaT8tHlKTE1Xg", "heading": 246.905, "poi_names": "วันพลัส คอนโด", "categories": "tourism=hotel", "poi_count": 1 }, "geometry": { "type": "Point", "coordinates": [ 99.01779273925402, 18.804107562472261 ] } },
{ "type": "Feature", "properties": { "source": "sv", "poi_id": "43358_left", "poi_name": "Barcelona Motor", "category_raw": "shop=car_repair", "category_std": "personal_service_repair", "category_std_th": "บริการส่วนบุคคลและงานซ่อม", "category_sub": "shop=car_repair", "category_sub_th": "อู่ซ่อมรถยนต์", "lat": 18.805144877235385, "lon": 99.017201714302317, "point_id": 43358, "side": "left", "pano_id": "h-TIjG3tHM8JcYGSQewJcg", "heading": 237.814, "poi_names": "Barcelona Motor", "categories": "shop=car_repair", "poi_count": 1 }, "geometry": { "type": "Point", "coordinates": [ 99.017201714302317, 18.805144877235385 ] } },
{ "type": "Feature", "properties": { "source": "sv", "poi_id": "43360_left", "poi_name": "BMW Service Mobile", "category_raw": "shop=car_repair", "category_std": "personal_service_repair", "category_std_th": "บริการส่วนบุคคลและงานซ่อม", "category_sub": "shop=car_repair", "category_sub_th": "อู่ซ่อมรถยนต์", "lat": 18.805450877236964, "lon": 99.016998714157197, "point_id": 43360, "side": "left", "pano_id": "O1l2VdfXHIn1VDKNrSh54Q", "heading": 237.814, "poi_names": "BMW Service Mobile", "categories": "shop=car_repair", "poi_count": 1 }, "geometry": { "type": "Point", "coordinates": [ 99.016998714157197, 18.805450877236964 ] } },
{ "type": "Feature", "properties": { "source": "sv", "poi_id": "43371_left", "poi_name": "ศาลเยาวชนและครอบครัวจังหวัดเชียงใหม่", "category_raw": "office=government", "category_std": "office_professional", "category_std_th": "สำนักงานและบริการวิชาชีพ", "category_sub": "office=government", "category_sub_th": "หน่วยงานราชการ", "lat": 18.802639946519427, "lon": 99.018436714441407, "point_id": 43371, "side": "left", "pano_id": "8UMVhCqV1wHsxfNfzbw2gw", "heading": 248.539, "poi_names": "ศาลเยาวชนและครอบครัวจังหวัดเชียงใหม่", "categories": "office=government", "poi_count": 1 }, "geometry": { "type": "Point", "coordinates": [ 99.018436714441407, 18.802639946519427 ] } },
{ "type": "Feature", "properties": { "source": "sv", "poi_id": "43380_left", "poi_name": "อะไหล่ยนต์", "category_raw": "shop=car_repair", "category_std": "personal_service_repair", "category_std_th": "บริการส่วนบุคคลและงานซ่อม", "category_sub": "shop=car_repair", "category_sub_th": "อู่ซ่อมรถยนต์", "lat": 18.799171666407702, "lon": 99.019899832437019, "point_id": 43380, "side": "left", "pano_id": "7_rRg7ThLgiq2rDe21EBiA", "heading": 248.348, "poi_names": "อะไหล่ยนต์", "categories": "shop=car_repair", "poi_count": 1 }, "geometry": { "type": "Point", "coordinates": [ 99.019899832437019, 18.799171666407702 ] } },
{ "type": "Feature", "properties": { "source": "sv", "poi_id": "43454_right", "poi_name": "กุศิริการแพทย์", "category_raw": "amenity=clinic", "category_std": "health", "category_std_th": "สุขภาพและการแพทย์", "category_sub": "amenity=clinic", "category_sub_th": "คลินิก", "lat": 18.779500371813917, "lon": 98.977124043854545, "point_id": 43454, "side": "right", "pano_id": "8SG5SX_ic-3_0Whkx2zV_Q", "heading": 277.871, "poi_names": "กุศิริการแพทย์", "categories": "amenity=clinic", "poi_count": 1 }, "geometry": { "type": "Point", "coordinates": [ 98.977124043854545, 18.779500371813917 ] } },
{ "type": "Feature", "properties": { "source": "sv", "poi_id": "43468_left", "poi_name": "Mac DD", "category_raw": "shop=mobile_phone", "category_std": "retail_commerce", "category_std_th": "การค้าปลีกและร้านค้า", "category_sub": "shop=mobile_phone", "category_sub_th": "ร้านโทรศัพท์มือถือ", "lat": 18.805582002598118, "lon": 98.970798735178505, "point_id": 43468, "side": "left", "pano_id": "5VDZxtDqTzo6MhJSP5WXgQ", "heading": 129.939, "poi_names": "Mac DD", "categories": "shop=mobile_phone", "poi_count": 1 }, "geometry": { "type": "Point", "coordinates": [ 98.970798735178505, 18.805582002598118 ] } },
{ "type": "Feature", "properties": { "source": "sv", "poi_id": "43478_left", "poi_name": "อินทรประกันภัย", "category_raw": "office=insurance", "category_std": "finance_insurance", "category_std_th": "การเงินและประกันภัย", "category_sub": "office=insurance", "category_sub_th": "บริษัทประกันภัย", "lat": 18.810291791278296, "lon": 98.998152017276055, "point_id": 43478, "side": "left", "pano_id": "Yo9r5eLMuKXxkWYPeMzxgA", "heading": 189.087, "poi_names": "อินทรประกันภัย", "categories": "office=insurance", "poi_count": 1 }, "geometry": { "type": "Point", "coordinates": [ 98.998152017276055, 18.810291791278296 ] } },
{ "type": "Feature", "properties": { "source": "sv", "poi_id": "43498_right", "poi_name": "ชามข้าว | noo", "category_raw": "amenity=restaurant", "category_std": "food_beverage", "category_std_th": "อาหารและเครื่องดื่ม", "category_sub": "amenity=restaurant", "category_sub_th": "ร้านอาหาร", "lat": 18.791136367016023, "lon": 98.980388170157084, "point_id": 43498, "side": "right", "pano_id": "Pm6iqbyQJBKbvlPcKHHDqg", "heading": 342.939, "poi_names": "ชามข้าว | noo", "categories": "amenity=restaurant", "poi_count": 2 }, "geometry": { "type": "Point", "coordinates": [ 98.980388170157084, 18.791136367016023 ] } },
{ "type": "Feature", "properties": { "source": "sv", "poi_id": "43509_left", "poi_name": "ตัดผมชาย", "category_raw": "shop=hairdresser", "category_std": "personal_service_repair", "category_std_th": "บริการส่วนบุคคลและงานซ่อม", "category_sub": "shop=hairdresser", "category_sub_th": "ร้านทำผม", "lat": 18.791374675654183, "lon": 98.981970086306916, "point_id": 43509, "side": "left", "pano_id": "IItv_bFQkoOrCaqcw9T-oQ", "heading": 181.156, "poi_names": "ตัดผมชาย", "categories": "shop=hairdresser", "poi_count": 1 }, "geometry": { "type": "Point", "coordinates": [ 98.981970086306916, 18.791374675654183 ] } },
{ "type": "Feature", "properties": { "source": "sv", "poi_id": "43515_right", "poi_name": "ptdrug", "category_raw": "amenity=pharmacy", "category_std": "health", "category_std_th": "สุขภาพและการแพทย์", "category_sub": "amenity=pharmacy", "category_sub_th": "ร้านขายยา", "lat": 18.78171082420328, "lon": 98.980603715642118, "point_id": 43515, "side": "right", "pano_id": "8gLuVNhi628pVU2nMJKT8Q", "heading": 86.939, "poi_names": "ptdrug", "categories": "amenity=pharmacy", "poi_count": 1 }, "geometry": { "type": "Point", "coordinates": [ 98.980603715642118, 18.78171082420328 ] } },
{ "type": "Feature", "properties": { "source": "sv", "poi_id": "43577_right", "poi_name": "Coffee", "category_raw": "amenity=cafe", "category_std": "food_beverage", "category_std_th": "อาหารและเครื่องดื่ม", "category_sub": "amenity=cafe", "category_sub_th": "ร้านกาแฟ", "lat": 18.799891490027701, "lon": 99.017211643954099, "point_id": 43577, "side": "right", "pano_id": "nVFdOIMC-zu5zZ4sBxpn3g", "heading": 145.563, "poi_names": "Coffee", "categories": "amenity=cafe", "poi_count": 1 }, "geometry": { "type": "Point", "coordinates": [ 99.017211643954099, 18.799891490027701 ] } },
{ "type": "Feature", "properties": { "source": "sv", "poi_id": "43615_left", "poi_name": "Supercheap", "category_raw": "shop=supermarket", "category_std": "retail_commerce", "category_std_th": "การค้าปลีกและร้านค้า", "category_sub": "shop=supermarket", "category_sub_th": "ซูเปอร์มาร์เก็ต", "lat": 18.803348956874292, "lon": 99.017301050843074, "point_id": 43615, "side": "left", "pano_id": "gcaIaUnOrLzCYCOZDo5mvw", "heading": 323.858, "poi_names": "Supercheap", "categories": "shop=supermarket", "poi_count": 1 }, "geometry": { "type": "Point", "coordinates": [ 99.017301050843074, 18.803348956874292 ] } },
{ "type": "Feature", "properties": { "source": "sv", "poi_id": "43676_left", "poi_name": "โจ๊กหมู", "category_raw": "amenity=restaurant", "category_std": "food_beverage", "category_std_th": "อาหารและเครื่องดื่ม", "category_sub": "amenity=restaurant", "category_sub_th": "ร้านอาหาร", "lat": 18.799554110132739, "lon": 99.016859863709684, "point_id": 43676, "side": "left", "pano_id": "CcMw17HHlCAfWbX80hclVQ", "heading": 233.38, "poi_names": "โจ๊กหมู", "categories": "amenity=restaurant", "poi_count": 1 }, "geometry": { "type": "Point", "coordinates": [ 99.016859863709684, 18.799554110132739 ] } },
{ "type": "Feature", "properties": { "source": "sv", "poi_id": "43754_right", "poi_name": "เฮียโม ไก่สด", "category_raw": "shop=yes", "category_std": "retail_commerce", "category_std_th": "การค้าปลีกและร้านค้า", "category_sub": "shop=yes", "category_sub_th": "ร้านค้าไม่ระบุประเภทย่อย", "lat": 18.798487604668249, "lon": 98.996799822111882, "point_id": 43754, "side": "right", "pano_id": "8pAlhuNgTJv9VgulsMuNhA", "heading": 113.757, "poi_names": "เฮียโม ไก่สด", "categories": "shop=yes", "poi_count": 1 }, "geometry": { "type": "Point", "coordinates": [ 98.996799822111882, 18.798487604668249 ] } },
{ "type": "Feature", "properties": { "source": "sv", "poi_id": "43755_right", "poi_name": "เฮียโม ไก่สด", "category_raw": "shop=yes", "category_std": "retail_commerce", "category_std_th": "การค้าปลีกและร้านค้า", "category_sub": "shop=yes", "category_sub_th": "ร้านค้าไม่ระบุประเภทย่อย", "lat": 18.798653604668896, "lon": 98.996875822196984, "point_id": 43755, "side": "right", "pano_id": "huYOtAKQYX16b2UUp3XadQ", "heading": 113.757, "poi_names": "เฮียโม ไก่สด", "categories": "shop=yes", "poi_count": 1 }, "geometry": { "type": "Point", "coordinates": [ 98.996875822196984, 18.798653604668896 ] } },
{ "type": "Feature", "properties": { "source": "sv", "poi_id": "43756_right", "poi_name": "สริสิทธิกฎการ", "category_raw": "office=lawyer", "category_std": "office_professional", "category_std_th": "สำนักงานและบริการวิชาชีพ", "category_sub": "office=lawyer", "category_sub_th": "สำนักงานกฎหมาย", "lat": 18.798818604669545, "lon": 98.996952822281557, "point_id": 43756, "side": "right", "pano_id": "VTjXYWhM1dVSn0qGt4QCMQ", "heading": 113.757, "poi_names": "สริสิทธิกฎการ", "categories": "office=lawyer", "poi_count": 1 }, "geometry": { "type": "Point", "coordinates": [ 98.996952822281557, 18.798818604669545 ] } },
{ "type": "Feature", "properties": { "source": "sv", "poi_id": "43767_left", "poi_name": "เมืองใหม่สหคลินิก", "category_raw": "amenity=clinic", "category_std": "health", "category_std_th": "สุขภาพและการแพทย์", "category_sub": "amenity=clinic", "category_sub_th": "คลินิก", "lat": 18.799984489045325, "lon": 98.998749372361019, "point_id": 43767, "side": "left", "pano_id": "AzAetuE9icAc9hFR2UvhIQ", "heading": 282.458, "poi_names": "เมืองใหม่สหคลินิก", "categories": "amenity=clinic", "poi_count": 1 }, "geometry": { "type": "Point", "coordinates": [ 98.998749372361019, 18.799984489045325 ] } },
{ "type": "Feature", "properties": { "source": "sv", "poi_id": "43775_left", "poi_name": "รัมซ่อมเครื่องใช้ไฟฟ้า", "category_raw": "shop=electronics", "category_std": "retail_commerce", "category_std_th": "การค้าปลีกและร้านค้า", "category_sub": "shop=electronics", "category_sub_th": "ร้านเครื่องใช้ไฟฟ้าและอิเล็กทรอนิกส์", "lat": 18.800983456016937, "lon": 98.999034981908224, "point_id": 43775, "side": "left", "pano_id": "43VUkgdp79GLd-888CE-MA", "heading": 286.366, "poi_names": "รัมซ่อมเครื่องใช้ไฟฟ้า", "categories": "shop=electronics", "poi_count": 1 }, "geometry": { "type": "Point", "coordinates": [ 98.999034981908224, 18.800983456016937 ] } },
{ "type": "Feature", "properties": { "source": "sv", "poi_id": "43821_right", "poi_name": "สหกรณ์นครเชียงใหม่เดินรถ จำกัด", "category_raw": "office=company", "category_std": "office_professional", "category_std_th": "สำนักงานและบริการวิชาชีพ", "category_sub": "office=company", "category_sub_th": "บริษัท", "lat": 18.791972524491239, "lon": 99.000093714777904, "point_id": 43821, "side": "right", "pano_id": "O9QLwB125mxWeG2rovVAYA", "heading": 161.107, "poi_names": "สหกรณ์นครเชียงใหม่เดินรถ จำกัด", "categories": "office=company", "poi_count": 1 }, "geometry": { "type": "Point", "coordinates": [ 99.000093714777904, 18.791972524491239 ] } },
{ "type": "Feature", "properties": { "source": "sv", "poi_id": "43822_left", "poi_name": "อินทรีทอง ค้าทองแท่ง", "category_raw": "shop=pawnbroker", "category_std": "retail_commerce", "category_std_th": "การค้าปลีกและร้านค้า", "category_sub": "shop=pawnbroker", "category_sub_th": "โรงรับจำนำ", "lat": 18.792202475502396, "lon": 99.000211285180399, "point_id": 43822, "side": "left", "pano_id": "nNn5YKYWivnPsGHpZ1qyOA", "heading": 341.107, "poi_names": "อินทรีทอง ค้าทองแท่ง", "categories": "shop=pawnbroker", "poi_count": 1 }, "geometry": { "type": "Point", "coordinates": [ 99.000211285180399, 18.792202475502396 ] } },
{ "type": "Feature", "properties": { "source": "sv", "poi_id": "43836_left", "poi_name": "ไดมอนด์ฮิลล์เพลส", "category_raw": "tourism=hotel", "category_std": "tourism_culture", "category_std_th": "ที่พัก การท่องเที่ยว และวัฒนธรรม", "category_sub": "tourism=hotel", "category_sub_th": "โรงแรม", "lat": 18.788763044212558, "lon": 99.012137229953282, "point_id": 43836, "side": "left", "pano_id": "-zv5JGPm6a5vV0h1f6BFgQ", "heading": 185.305, "poi_names": "ไดมอนด์ฮิลล์เพลส", "categories": "tourism=hotel", "poi_count": 1 }, "geometry": { "type": "Point", "coordinates": [ 99.012137229953282, 18.788763044212558 ] } },
{ "type": "Feature", "properties": { "source": "sv", "poi_id": "43953_left", "poi_name": "พิมสรัตน์ | ร้านรสแซ่บ | ข้าวหมูกรอบ | เย็นตาโฟ | ข้าวมันไก่ | ก๋วยเตี๋ยวต้มยำ", "category_raw": "shop=yes, amenity=restaurant, amenity=fast_food", "category_std": "retail_commerce; food_beverage", "category_std_th": "การค้าปลีกและร้านค้า; อาหารและเครื่องดื่ม", "category_sub": "shop=yes, amenity=restaurant, amenity=fast_food", "category_sub_th": "ร้านค้าไม่ระบุประเภทย่อย; ร้านอาหาร; อาหารจานด่วน", "lat": 18.791997900371527, "lon": 98.957690429233324, "point_id": 43953, "side": "left", "pano_id": "CWSHE6VCdvwN36CNXzVqLA", "heading": 318.728, "poi_names": "พิมสรัตน์ | ร้านรสแซ่บ | ข้าวหมูกรอบ | เย็นตาโฟ | ข้าวมันไก่ | ก๋วยเตี๋ยวต้มยำ", "categories": "shop=yes, amenity=restaurant, amenity=fast_food", "poi_count": 6 }, "geometry": { "type": "Point", "coordinates": [ 98.957690429233324, 18.791997900371527 ] } },
{ "type": "Feature", "properties": { "source": "sv", "poi_id": "44045_left", "poi_name": "คณะเศรษฐศาสตร์", "category_raw": "amenity=university", "category_std": "education_religion", "category_std_th": "การศึกษาและศาสนา", "category_sub": "amenity=university", "category_sub_th": "มหาวิทยาลัย", "lat": 18.801238277433452, "lon": 98.950044603488465, "point_id": 44045, "side": "left", "pano_id": "5puwb1ZMOzb-5DuYAagCVw", "heading": 2.177, "poi_names": "คณะเศรษฐศาสตร์", "categories": "amenity=university", "poi_count": 1 }, "geometry": { "type": "Point", "coordinates": [ 98.950044603488465, 18.801238277433452 ] } },
{ "type": "Feature", "properties": { "source": "sv", "poi_id": "44081_right", "poi_name": "สึงน้อยเบเกอรี่", "category_raw": "shop=bakery", "category_std": "retail_commerce", "category_std_th": "การค้าปลีกและร้านค้า", "category_sub": "shop=bakery", "category_sub_th": "ร้านเบเกอรี", "lat": 18.811079748466675, "lon": 98.987697257155915, "point_id": 44081, "side": "right", "pano_id": "mKVyp9AycajFgXbS56UA2A", "heading": 177.428, "poi_names": "สึงน้อยเบเกอรี่", "categories": "shop=bakery", "poi_count": 1 }, "geometry": { "type": "Point", "coordinates": [ 98.987697257155915, 18.811079748466675 ] } },
{ "type": "Feature", "properties": { "source": "sv", "poi_id": "44139_right", "poi_name": "วัดกู่เด้า", "category_raw": "amenity=place_of_worship", "category_std": "education_religion", "category_std_th": "การศึกษาและศาสนา", "category_sub": "amenity=place_of_worship", "category_sub_th": "ศาสนสถาน", "lat": 18.802598657428241, "lon": 98.988069102651281, "point_id": 44139, "side": "right", "pano_id": "Ch6mYzQnqtDePGpyIsamTQ", "heading": 179.938, "poi_names": "วัดกู่เด้า", "categories": "amenity=place_of_worship", "poi_count": 1 }, "geometry": { "type": "Point", "coordinates": [ 98.988069102651281, 18.802598657428241 ] } },
{ "type": "Feature", "properties": { "source": "sv", "poi_id": "44172_left", "poi_name": "รักษาผัดไทย", "category_raw": "amenity=restaurant", "category_std": "food_beverage", "category_std_th": "อาหารและเครื่องดื่ม", "category_sub": "amenity=restaurant", "category_sub_th": "ร้านอาหาร", "lat": 18.805151000741056, "lon": 98.990579755140843, "point_id": 44172, "side": "left", "pano_id": "qRfpoKT1RWq9wgCSwEnxrg", "heading": 355.014, "poi_names": "รักษาผัดไทย", "categories": "amenity=restaurant", "poi_count": 1 }, "geometry": { "type": "Point", "coordinates": [ 98.990579755140843, 18.805151000741056 ] } },
{ "type": "Feature", "properties": { "source": "sv", "poi_id": "44172_right", "poi_name": "กินเส้น", "category_raw": "amenity=restaurant", "category_std": "food_beverage", "category_std_th": "อาหารและเครื่องดื่ม", "category_sub": "amenity=restaurant", "category_sub_th": "ร้านอาหาร", "lat": 18.804970999257723, "lon": 98.990596244850394, "point_id": 44172, "side": "right", "pano_id": "qRfpoKT1RWq9wgCSwEnxrg", "heading": 175.014, "poi_names": "กินเส้น", "categories": "amenity=restaurant", "poi_count": 1 }, "geometry": { "type": "Point", "coordinates": [ 98.990596244850394, 18.804970999257723 ] } },
{ "type": "Feature", "properties": { "source": "sv", "poi_id": "44183_right", "poi_name": "The Tower Computer", "category_raw": "shop=electronics", "category_std": "retail_commerce", "category_std_th": "การค้าปลีกและร้านค้า", "category_sub": "shop=electronics", "category_sub_th": "ร้านเครื่องใช้ไฟฟ้าและอิเล็กทรอนิกส์", "lat": 18.805164563582707, "lon": 98.992264402530125, "point_id": 44183, "side": "right", "pano_id": "zV_EgpVY_-OlV1cWW9FYaQ", "heading": 171.878, "poi_names": "The Tower Computer", "categories": "shop=electronics", "poi_count": 1 }, "geometry": { "type": "Point", "coordinates": [ 98.992264402530125, 18.805164563582707 ] } },
{ "type": "Feature", "properties": { "source": "sv", "poi_id": "44185_left", "poi_name": "แว่นตาอินเทรนด์", "category_raw": "shop=yes", "category_std": "retail_commerce", "category_std_th": "การค้าปลีกและร้านค้า", "category_sub": "shop=yes", "category_sub_th": "ร้านค้าไม่ระบุประเภทย่อย", "lat": 18.805389533270063, "lon": 98.992582330523845, "point_id": 44185, "side": "left", "pano_id": "EBbt-AJBn_OfycDpLA2vMA", "heading": 352.325, "poi_names": "แว่นตาอินเทรนด์", "categories": "shop=yes", "poi_count": 1 }, "geometry": { "type": "Point", "coordinates": [ 98.992582330523845, 18.805389533270063 ] } },
{ "type": "Feature", "properties": { "source": "sv", "poi_id": "44186_left", "poi_name": "แว่นตาอินเทรนส์", "category_raw": "shop=yes", "category_std": "retail_commerce", "category_std_th": "การค้าปลีกและร้านค้า", "category_sub": "shop=yes", "category_sub_th": "ร้านค้าไม่ระบุประเภทย่อย", "lat": 18.805413533269835, "lon": 98.992770330522035, "point_id": 44186, "side": "left", "pano_id": "mwZBejoDRp3_qo3ZixZDOQ", "heading": 352.325, "poi_names": "แว่นตาอินเทรนส์", "categories": "shop=yes", "poi_count": 1 }, "geometry": { "type": "Point", "coordinates": [ 98.992770330522035, 18.805413533269835 ] } },
{ "type": "Feature", "properties": { "source": "sv", "poi_id": "44272_left", "poi_name": "The Cosy Hua Kaew", "category_raw": "tourism=hotel", "category_std": "tourism_culture", "category_std_th": "ที่พัก การท่องเที่ยว และวัฒนธรรม", "category_sub": "tourism=hotel", "category_sub_th": "โรงแรม", "lat": 18.799701254064185, "lon": 98.973454564591322, "point_id": 44272, "side": "left", "pano_id": "MXJe0uqWeNDjY3q8quw8rg", "heading": 112.619, "poi_names": "The Cosy Hua Kaew", "categories": "tourism=hotel", "poi_count": 1 }, "geometry": { "type": "Point", "coordinates": [ 98.973454564591322, 18.799701254064185 ] } },
{ "type": "Feature", "properties": { "source": "sv", "poi_id": "44277_left", "poi_name": "The Dome Residence", "category_raw": "tourism=hotel", "category_std": "tourism_culture", "category_std_th": "ที่พัก การท่องเที่ยว และวัฒนธรรม", "category_sub": "tourism=hotel", "category_sub_th": "โรงแรม", "lat": 18.798991167670302, "lon": 98.973123650448116, "point_id": 44277, "side": "left", "pano_id": "kVh2NJmodp-MkcyCk7Esig", "heading": 115.457, "poi_names": "The Dome Residence", "categories": "tourism=hotel", "poi_count": 1 }, "geometry": { "type": "Point", "coordinates": [ 98.973123650448116, 18.798991167670302 ] } },
{ "type": "Feature", "properties": { "source": "sv", "poi_id": "44326_left", "poi_name": "พ่องศรี", "category_raw": "shop=yes", "category_std": "retail_commerce", "category_std_th": "การค้าปลีกและร้านค้า", "category_sub": "shop=yes", "category_sub_th": "ร้านค้าไม่ระบุประเภทย่อย", "lat": 18.803196726058705, "lon": 98.976921238290842, "point_id": 44326, "side": "left", "pano_id": "3vY83RRhuxSBQcDUwN1bTg", "heading": 278.739, "poi_names": "พ่องศรี", "categories": "shop=yes", "poi_count": 1 }, "geometry": { "type": "Point", "coordinates": [ 98.976921238290842, 18.803196726058705 ] } },
{ "type": "Feature", "properties": { "source": "sv", "poi_id": "44331_right", "poi_name": "ศิริวัฒน์", "category_raw": "shop=yes", "category_std": "retail_commerce", "category_std_th": "การค้าปลีกและร้านค้า", "category_sub": "shop=yes", "category_sub_th": "ร้านค้าไม่ระบุประเภทย่อย", "lat": 18.803444248545198, "lon": 98.97786105718292, "point_id": 44331, "side": "right", "pano_id": "_G_6VhIR1FmGVDxgXDtlMg", "heading": 97.474, "poi_names": "ศิริวัฒน์", "categories": "shop=yes", "poi_count": 1 }, "geometry": { "type": "Point", "coordinates": [ 98.97786105718292, 18.803444248545198 ] } },
{ "type": "Feature", "properties": { "source": "sv", "poi_id": "44332_left", "poi_name": "Lulin Bakery", "category_raw": "shop=bakery", "category_std": "retail_commerce", "category_std_th": "การค้าปลีกและร้านค้า", "category_sub": "shop=bakery", "category_sub_th": "ร้านเบเกอรี", "lat": 18.803646751407172, "lon": 98.977697942704566, "point_id": 44332, "side": "left", "pano_id": "kYAvfFO0TU8B0J3x_FivHg", "heading": 277.474, "poi_names": "Lulin Bakery", "categories": "shop=bakery", "poi_count": 1 }, "geometry": { "type": "Point", "coordinates": [ 98.977697942704566, 18.803646751407172 ] } },
{ "type": "Feature", "properties": { "source": "sv", "poi_id": "44351_right", "poi_name": "Sgem Tang Fan", "category_raw": "shop=yes", "category_std": "retail_commerce", "category_std_th": "การค้าปลีกและร้านค้า", "category_sub": "shop=yes", "category_sub_th": "ร้านค้าไม่ระบุประเภทย่อย", "lat": 18.783781561235621, "lon": 99.001904731159996, "point_id": 44351, "side": "right", "pano_id": "Rbf9VABqozGlVZSFqN0Z6A", "heading": 87.106, "poi_names": "Sgem Tang Fan", "categories": "shop=yes", "poi_count": 1 }, "geometry": { "type": "Point", "coordinates": [ 99.001904731159996, 18.783781561235621 ] } },
{ "type": "Feature", "properties": { "source": "sv", "poi_id": "44506_left", "poi_name": "สมาคมฌาปนกิจสงเคราะห์เพื่อนครูจังหวัดเชียงใหม่", "category_raw": "office=company", "category_std": "office_professional", "category_std_th": "สำนักงานและบริการวิชาชีพ", "category_sub": "office=company", "category_sub_th": "บริษัท", "lat": 18.840288691466665, "lon": 98.977613035758395, "point_id": 44506, "side": "left", "pano_id": "bkSAgmeu5IPlkXB883lj-w", "heading": 162.814, "poi_names": "สมาคมฌาปนกิจสงเคราะห์เพื่อนครูจังหวัดเชียงใหม่", "categories": "office=company", "poi_count": 1 }, "geometry": { "type": "Point", "coordinates": [ 98.977613035758395, 18.840288691466665 ] } },
{ "type": "Feature", "properties": { "source": "sv", "poi_id": "44544_right", "poi_name": "ยาตราลือ", "category_raw": "amenity=pharmacy", "category_std": "health", "category_std_th": "สุขภาพและการแพทย์", "category_sub": "amenity=pharmacy", "category_sub_th": "ร้านขายยา", "lat": 18.764191889074791, "lon": 99.026079554291542, "point_id": 44544, "side": "right", "pano_id": "_Y_cUMF_1UM_WMl1mY38ag", "heading": 155.351, "poi_names": "ยาตราลือ", "categories": "amenity=pharmacy", "poi_count": 1 }, "geometry": { "type": "Point", "coordinates": [ 99.026079554291542, 18.764191889074791 ] } },
{ "type": "Feature", "properties": { "source": "sv", "poi_id": "44712_left", "poi_name": "โรงเรียนเชตุพน", "category_raw": "amenity=school", "category_std": "education_religion", "category_std_th": "การศึกษาและศาสนา", "category_sub": "amenity=school", "category_sub_th": "โรงเรียน", "lat": 18.795004032814727, "lon": 99.00304962064402, "point_id": 44712, "side": "left", "pano_id": "ZyCMFirM2ht0RYuz37Ss2w", "heading": 336.793, "poi_names": "โรงเรียนเชตุพน", "categories": "amenity=school", "poi_count": 1 }, "geometry": { "type": "Point", "coordinates": [ 99.00304962064402, 18.795004032814727 ] } },
{ "type": "Feature", "properties": { "source": "sv", "poi_id": "44729_right", "poi_name": "ฮอนด้า เชียงใหม่", "category_raw": "shop=yes", "category_std": "retail_commerce", "category_std_th": "การค้าปลีกและร้านค้า", "category_sub": "shop=yes", "category_sub_th": "ร้านค้าไม่ระบุประเภทย่อย", "lat": 18.795825607646925, "lon": 99.005429149573004, "point_id": 44729, "side": "right", "pano_id": "xbODyNKeCM51jZPnhWufPA", "heading": 150.195, "poi_names": "ฮอนด้า เชียงใหม่", "categories": "shop=yes", "poi_count": 1 }, "geometry": { "type": "Point", "coordinates": [ 99.005429149573004, 18.795825607646925 ] } },
{ "type": "Feature", "properties": { "source": "sv", "poi_id": "44748_right", "poi_name": "แอลเคกรอบรูป", "category_raw": "shop=yes", "category_std": "retail_commerce", "category_std_th": "การค้าปลีกและร้านค้า", "category_sub": "shop=yes", "category_sub_th": "ร้านค้าไม่ระบุประเภทย่อย", "lat": 18.797254590422497, "lon": 99.008050118361894, "point_id": 44748, "side": "right", "pano_id": "idv1umAAH1IULyhPBM0yCQ", "heading": 150.217, "poi_names": "แอลเคกรอบรูป", "categories": "shop=yes", "poi_count": 1 }, "geometry": { "type": "Point", "coordinates": [ 99.008050118361894, 18.797254590422497 ] } },
{ "type": "Feature", "properties": { "source": "sv", "poi_id": "44767_right", "poi_name": "หมูอุ่ม เจ้โส", "category_raw": "amenity=restaurant", "category_std": "food_beverage", "category_std_th": "อาหารและเครื่องดื่ม", "category_sub": "amenity=restaurant", "category_sub_th": "ร้านอาหาร", "lat": 18.806670325597889, "lon": 99.005220343697317, "point_id": 44767, "side": "right", "pano_id": "UUatPlRuqQu0pU3jYpAuNQ", "heading": 337.269, "poi_names": "หมูอุ่ม เจ้โส", "categories": "amenity=restaurant", "poi_count": 1 }, "geometry": { "type": "Point", "coordinates": [ 99.005220343697317, 18.806670325597889 ] } },
{ "type": "Feature", "properties": { "source": "sv", "poi_id": "44798_right", "poi_name": "International Printing Sun | นิมเงิน 38", "category_raw": "office=company, shop=pawnbroker", "category_std": "office_professional; retail_commerce", "category_std_th": "สำนักงานและบริการวิชาชีพ; การค้าปลีกและร้านค้า", "category_sub": "office=company, shop=pawnbroker", "category_sub_th": "บริษัท; โรงรับจำนำ", "lat": 18.800893071929902, "lon": 99.014223989785165, "point_id": 44798, "side": "right", "pano_id": "i590ym1uAVHE1YT-CSo8GA", "heading": 143.827, "poi_names": "International Printing Sun | นิมเงิน 38", "categories": "office=company, shop=pawnbroker", "poi_count": 2 }, "geometry": { "type": "Point", "coordinates": [ 99.014223989785165, 18.800893071929902 ] } },
{ "type": "Feature", "properties": { "source": "sv", "poi_id": "44801_right", "poi_name": "เชียงใหม่ซิลค์สกรีน", "category_raw": "office=company", "category_std": "office_professional", "category_std_th": "สำนักงานและบริการวิชาชีพ", "category_sub": "office=company", "category_sub_th": "บริษัท", "lat": 18.801129700441201, "lon": 99.014559881473758, "point_id": 44801, "side": "right", "pano_id": "dTthRv8zY7N5mYBYEvXcSA", "heading": 143.157, "poi_names": "เชียงใหม่ซิลค์สกรีน", "categories": "office=company", "poi_count": 1 }, "geometry": { "type": "Point", "coordinates": [ 99.014559881473758, 18.801129700441201 ] } },
{ "type": "Feature", "properties": { "source": "sv", "poi_id": "44809_right", "poi_name": "สถานีรถไฟเชียงใหม่", "category_raw": "tourism=attraction", "category_std": "tourism_culture", "category_std_th": "ที่พัก การท่องเที่ยว และวัฒนธรรม", "category_sub": "tourism=attraction", "category_sub_th": "แหล่งท่องเที่ยว", "lat": 18.785357415027839, "lon": 99.016777379827843, "point_id": 44809, "side": "right", "pano_id": "CAoSFkNJSE0wb2dLRUlDQWdJRGNwYnJ4WUE.", "heading": 191.321, "poi_names": "สถานีรถไฟเชียงใหม่", "categories": "tourism=attraction", "poi_count": 1 }, "geometry": { "type": "Point", "coordinates": [ 99.016777379827843, 18.785357415027839 ] } },
{ "type": "Feature", "properties": { "source": "sv", "poi_id": "44824_left", "poi_name": "Makita", "category_raw": "shop=electronics", "category_std": "retail_commerce", "category_std_th": "การค้าปลีกและร้านค้า", "category_sub": "shop=electronics", "category_sub_th": "ร้านเครื่องใช้ไฟฟ้าและอิเล็กทรอนิกส์", "lat": 18.78511651022513, "lon": 99.018948007947358, "point_id": 44824, "side": "left", "pano_id": "4TysrSGqB7M9intzs7dXJA", "heading": 11.56, "poi_names": "Makita", "categories": "shop=electronics", "poi_count": 1 }, "geometry": { "type": "Point", "coordinates": [ 99.018948007947358, 18.78511651022513 ] } },
{ "type": "Feature", "properties": { "source": "sv", "poi_id": "44832_left", "poi_name": "เจ่วฮ้อนฟูลเฟรม | เอสชี.อิเล็กทรอนิกส์เซอร์วิส", "category_raw": "amenity=restaurant, shop=electronics", "category_std": "food_beverage; retail_commerce", "category_std_th": "อาหารและเครื่องดื่ม; การค้าปลีกและร้านค้า", "category_sub": "amenity=restaurant, shop=electronics", "category_sub_th": "ร้านอาหาร; ร้านเครื่องใช้ไฟฟ้าและอิเล็กทรอนิกส์", "lat": 18.784885511491009, "lon": 99.020137001433767, "point_id": 44832, "side": "left", "pano_id": "bsjTCxglvyp_vhUlDSq5bA", "heading": 11.556, "poi_names": "เจ่วฮ้อนฟูลเฟรม | เอสชี.อิเล็กทรอนิกส์เซอร์วิส", "categories": "amenity=restaurant, shop=electronics", "poi_count": 2 }, "geometry": { "type": "Point", "coordinates": [ 99.020137001433767, 18.784885511491009 ] } },
{ "type": "Feature", "properties": { "source": "sv", "poi_id": "44833_right", "poi_name": "มิตรสาสนเภสัช", "category_raw": "amenity=pharmacy", "category_std": "health", "category_std_th": "สุขภาพและการแพทย์", "category_sub": "amenity=pharmacy", "category_sub_th": "ร้านขายยา", "lat": 18.784671488505875, "lon": 99.020284998590242, "point_id": 44833, "side": "right", "pano_id": "PS3DdrcOwQESsyl-Fx9Gtw", "heading": 191.556, "poi_names": "มิตรสาสนเภสัช", "categories": "amenity=pharmacy", "poi_count": 1 }, "geometry": { "type": "Point", "coordinates": [ 99.020284998590242, 18.784671488505875 ] } },
{ "type": "Feature", "properties": { "source": "sv", "poi_id": "44837_right", "poi_name": "อี ออโต้ ซ้อป", "category_raw": "shop=car_repair", "category_std": "personal_service_repair", "category_std_th": "บริการส่วนบุคคลและงานซ่อม", "category_sub": "shop=car_repair", "category_sub_th": "อู่ซ่อมรถยนต์", "lat": 18.784527488504519, "lon": 99.021028998606354, "point_id": 44837, "side": "right", "pano_id": "jgEquXIC36ZM7_AeKeKizw", "heading": 191.556, "poi_names": "อี ออโต้ ซ้อป", "categories": "shop=car_repair", "poi_count": 1 }, "geometry": { "type": "Point", "coordinates": [ 99.021028998606354, 18.784527488504519 ] } },
{ "type": "Feature", "properties": { "source": "sv", "poi_id": "44847_right", "poi_name": "Phapils International Co., Ltd.", "category_raw": "office=company", "category_std": "office_professional", "category_std_th": "สำนักงานและบริการวิชาชีพ", "category_sub": "office=company", "category_sub_th": "บริษัท", "lat": 18.784244445168671, "lon": 99.022464222519176, "point_id": 44847, "side": "right", "pano_id": "74YL4pEUiOVT2Oi1jWaD6g", "heading": 191.418, "poi_names": "Phapils International Co., Ltd.", "categories": "office=company", "poi_count": 1 }, "geometry": { "type": "Point", "coordinates": [ 99.022464222519176, 18.784244445168671 ] } },
{ "type": "Feature", "properties": { "source": "sv", "poi_id": "44859_right", "poi_name": "ร้านแบตเตอรี่", "category_raw": "shop=car_repair", "category_std": "personal_service_repair", "category_std_th": "บริการส่วนบุคคลและงานซ่อม", "category_sub": "shop=car_repair", "category_sub_th": "อู่ซ่อมรถยนต์", "lat": 18.783886487866759, "lon": 99.024315001922105, "point_id": 44859, "side": "right", "pano_id": "yy9VXS5vUgEzUohthoTZEQ", "heading": 191.554, "poi_names": "ร้านแบตเตอรี่", "categories": "shop=car_repair", "poi_count": 1 }, "geometry": { "type": "Point", "coordinates": [ 99.024315001922105, 18.783886487866759 ] } },
{ "type": "Feature", "properties": { "source": "sv", "poi_id": "44860_right", "poi_name": "เก่ง แบตเตอรี่", "category_raw": "shop=car_repair", "category_std": "personal_service_repair", "category_std_th": "บริการส่วนบุคคลและงานซ่อม", "category_sub": "shop=car_repair", "category_sub_th": "อู่ซ่อมรถยนต์", "lat": 18.78385048786642, "lon": 99.02450100192614, "point_id": 44860, "side": "right", "pano_id": "x29thWi1XAHv1ULrtRtN7A", "heading": 191.554, "poi_names": "เก่ง แบตเตอรี่", "categories": "shop=car_repair", "poi_count": 1 }, "geometry": { "type": "Point", "coordinates": [ 99.02450100192614, 18.78385048786642 ] } },
{ "type": "Feature", "properties": { "source": "sv", "poi_id": "44892_left", "poi_name": "iBarber Center | ร้านขนมปัง", "category_raw": "shop=hairdresser, shop=bakery", "category_std": "personal_service_repair; retail_commerce", "category_std_th": "บริการส่วนบุคคลและงานซ่อม; การค้าปลีกและร้านค้า", "category_sub": "shop=hairdresser, shop=bakery", "category_sub_th": "ร้านทำผม; ร้านเบเกอรี", "lat": 18.795802275007095, "lon": 98.988349671202457, "point_id": 44892, "side": "left", "pano_id": "v6KrWJVRP1vGgVPmhILsTQ", "heading": 2.218, "poi_names": "iBarber Center | ร้านขนมปัง", "categories": "shop=hairdresser, shop=bakery", "poi_count": 2 }, "geometry": { "type": "Point", "coordinates": [ 98.988349671202457, 18.795802275007095 ] } },
{ "type": "Feature", "properties": { "source": "sv", "poi_id": "45113_right", "poi_name": "Roomer", "category_raw": "shop=yes", "category_std": "retail_commerce", "category_std_th": "การค้าปลีกและร้านค้า", "category_sub": "shop=yes", "category_sub_th": "ร้านค้าไม่ระบุประเภทย่อย", "lat": 18.792166428461751, "lon": 98.957657581397498, "point_id": 45113, "side": "right", "pano_id": "byZc5TjIah-Lo_HitElVCA", "heading": 198.704, "poi_names": "Roomer", "categories": "shop=yes", "poi_count": 1 }, "geometry": { "type": "Point", "coordinates": [ 98.957657581397498, 18.792166428461751 ] } },
{ "type": "Feature", "properties": { "source": "sv", "poi_id": "45161_left", "poi_name": "มหาวิทยาลัยราชภัฏเชียงใหม่", "category_raw": "amenity=university", "category_std": "education_religion", "category_std_th": "การศึกษาและศาสนา", "category_sub": "amenity=university", "category_sub_th": "มหาวิทยาลัย", "lat": 18.787219911378909, "lon": 98.987727182949001, "point_id": 45161, "side": "left", "pano_id": "m0AxwLLmhybsncTddgnzGw", "heading": 29.136, "poi_names": "มหาวิทยาลัยราชภัฏเชียงใหม่", "categories": "amenity=university", "poi_count": 1 }, "geometry": { "type": "Point", "coordinates": [ 98.987727182949001, 18.787219911378909 ] } },
{ "type": "Feature", "properties": { "source": "sv", "poi_id": "45353_left", "poi_name": "CMIS", "category_raw": "amenity=school", "category_std": "education_religion", "category_std_th": "การศึกษาและศาสนา", "category_sub": "amenity=school", "category_sub_th": "โรงเรียน", "lat": 18.798388136941519, "lon": 99.007889954548915, "point_id": 45353, "side": "left", "pano_id": "u6I2KTBay5IZb8RVNkrexA", "heading": 344.691, "poi_names": "CMIS", "categories": "amenity=school", "poi_count": 1 }, "geometry": { "type": "Point", "coordinates": [ 99.007889954548915, 18.798388136941519 ] } },
{ "type": "Feature", "properties": { "source": "sv", "poi_id": "45377_left", "poi_name": "Bliss Massage", "category_raw": "shop=massage", "category_std": "personal_service_repair", "category_std_th": "บริการส่วนบุคคลและงานซ่อม", "category_sub": "shop=massage", "category_sub_th": "ร้านนวด", "lat": 18.780453771440321, "lon": 98.99971735410476, "point_id": 45377, "side": "left", "pano_id": "MM83jHeUYpM6VH2jLPhC5A", "heading": 95.863, "poi_names": "Bliss Massage", "categories": "shop=massage", "poi_count": 1 }, "geometry": { "type": "Point", "coordinates": [ 98.99971735410476, 18.780453771440321 ] } },
{ "type": "Feature", "properties": { "source": "sv", "poi_id": "45383_left", "poi_name": "เงินติดล้อ", "category_raw": "office=financial", "category_std": "finance_insurance", "category_std_th": "การเงินและประกันภัย", "category_sub": "office=financial", "category_sub_th": "บริการทางการเงิน", "lat": 18.779560768302382, "lon": 98.999620353269435, "point_id": 45383, "side": "left", "pano_id": "_XGra9hdfgfMWN4XBI9idQ", "heading": 95.865, "poi_names": "เงินติดล้อ", "categories": "office=financial", "poi_count": 1 }, "geometry": { "type": "Point", "coordinates": [ 98.999620353269435, 18.779560768302382 ] } },
{ "type": "Feature", "properties": { "source": "sv", "poi_id": "45389_right", "poi_name": "ยา", "category_raw": "amenity=pharmacy", "category_std": "health", "category_std_th": "สุขภาพและการแพทย์", "category_sub": "amenity=pharmacy", "category_sub_th": "ร้านขายยา", "lat": 18.778535231650995, "lon": 98.999319647301363, "point_id": 45389, "side": "right", "pano_id": "_B3FFh7dNZES49qbt1vCFg", "heading": 275.865, "poi_names": "ยา", "categories": "amenity=pharmacy", "poi_count": 1 }, "geometry": { "type": "Point", "coordinates": [ 98.999319647301363, 18.778535231650995 ] } },
{ "type": "Feature", "properties": { "source": "sv", "poi_id": "45414_right", "poi_name": "Topmodel", "category_raw": "shop=clothes", "category_std": "retail_commerce", "category_std_th": "การค้าปลีกและร้านค้า", "category_sub": "shop=clothes", "category_sub_th": "ร้านเสื้อผ้า", "lat": 18.775449940333694, "lon": 98.9989827284124, "point_id": 45414, "side": "right", "pano_id": "Dpson_krCMtUYynndig3zw", "heading": 276.317, "poi_names": "Topmodel", "categories": "shop=clothes", "poi_count": 1 }, "geometry": { "type": "Point", "coordinates": [ 98.9989827284124, 18.775449940333694 ] } },
{ "type": "Feature", "properties": { "source": "sv", "poi_id": "45521_right", "poi_name": "บ้านขับชรินธร", "category_raw": "tourism=guest_house", "category_std": "tourism_culture", "category_std_th": "ที่พัก การท่องเที่ยว และวัฒนธรรม", "category_sub": "tourism=guest_house", "category_sub_th": "เกสต์เฮาส์", "lat": 18.838107499364963, "lon": 98.977972840994283, "point_id": 45521, "side": "right", "pano_id": "Jrt_VOihJDCmJVCL4cbwpQ", "heading": 241.216, "poi_names": "บ้านขับชรินธร", "categories": "tourism=guest_house", "poi_count": 1 }, "geometry": { "type": "Point", "coordinates": [ 98.977972840994283, 18.838107499364963 ] } },
{ "type": "Feature", "properties": { "source": "sv", "poi_id": "45535_right", "poi_name": "มหาวิทยาลัยราชภัฏเชียงใหม่", "category_raw": "amenity=university", "category_std": "education_religion", "category_std_th": "การศึกษาและศาสนา", "category_sub": "amenity=university", "category_sub_th": "มหาวิทยาลัย", "lat": 18.811674449405636, "lon": 98.98796446626308, "point_id": 45535, "side": "right", "pano_id": "2skWgvNmbEnOYXm7WY0tzA", "heading": 187.592, "poi_names": "มหาวิทยาลัยราชภัฏเชียงใหม่", "categories": "amenity=university", "poi_count": 1 }, "geometry": { "type": "Point", "coordinates": [ 98.98796446626308, 18.811674449405636 ] } },
{ "type": "Feature", "properties": { "source": "sv", "poi_id": "45560_left", "poi_name": "เคอรี่ เอ็กซ์เพรส | AIS", "category_raw": "office=company, shop=mobile_phone", "category_std": "office_professional; retail_commerce", "category_std_th": "สำนักงานและบริการวิชาชีพ; การค้าปลีกและร้านค้า", "category_sub": "office=company, shop=mobile_phone", "category_sub_th": "บริษัท; ร้านโทรศัพท์มือถือ", "lat": 18.810380281810744, "lon": 98.996278634988883, "point_id": 45560, "side": "left", "pano_id": "mjVgxIzQPz5bSHNb27_Qog", "heading": 275.897, "poi_names": "เคอรี่ เอ็กซ์เพรส | AIS", "categories": "office=company, shop=mobile_phone", "poi_count": 2 }, "geometry": { "type": "Point", "coordinates": [ 98.996278634988883, 18.810380281810744 ] } },
{ "type": "Feature", "properties": { "source": "sv", "poi_id": "45627_right", "poi_name": "วัฒนาประกันภัย", "category_raw": "office=insurance", "category_std": "finance_insurance", "category_std_th": "การเงินและประกันภัย", "category_sub": "office=insurance", "category_sub_th": "บริษัทประกันภัย", "lat": 18.774074412401145, "lon": 98.998609267416242, "point_id": 45627, "side": "right", "pano_id": "k5lW_O9jmmTNHgkGYAlcxA", "heading": 220.607, "poi_names": "วัฒนาประกันภัย", "categories": "office=insurance", "poi_count": 1 }, "geometry": { "type": "Point", "coordinates": [ 98.998609267416242, 18.774074412401145 ] } },
{ "type": "Feature", "properties": { "source": "sv", "poi_id": "45707_right", "poi_name": "Romano", "category_raw": "amenity=restaurant", "category_std": "food_beverage", "category_std_th": "อาหารและเครื่องดื่ม", "category_sub": "amenity=restaurant", "category_sub_th": "ร้านอาหาร", "lat": 18.795178855810679, "lon": 98.96325933164502, "point_id": 45707, "side": "right", "pano_id": "QJ0JUX9LLcbVnBIXPPAtGQ", "heading": 100.294, "poi_names": "Romano", "categories": "amenity=restaurant", "poi_count": 1 }, "geometry": { "type": "Point", "coordinates": [ 98.96325933164502, 18.795178855810679 ] } },
{ "type": "Feature", "properties": { "source": "sv", "poi_id": "45709_left", "poi_name": "Kokotel", "category_raw": "tourism=hotel", "category_std": "tourism_culture", "category_std_th": "ที่พัก การท่องเที่ยว และวัฒนธรรม", "category_sub": "tourism=hotel", "category_sub_th": "โรงแรม", "lat": 18.795484153929259, "lon": 98.963220337694537, "point_id": 45709, "side": "left", "pano_id": "Z2MAgNompsr3I49YKP4kkw", "heading": 9.305, "poi_names": "Kokotel", "categories": "tourism=hotel", "poi_count": 1 }, "geometry": { "type": "Point", "coordinates": [ 98.963220337694537, 18.795484153929259 ] } },
{ "type": "Feature", "properties": { "source": "sv", "poi_id": "45818_right", "poi_name": "Pochara Kruavit", "category_raw": "office=company", "category_std": "office_professional", "category_std_th": "สำนักงานและบริการวิชาชีพ", "category_sub": "office=company", "category_sub_th": "บริษัท", "lat": 18.807325531570463, "lon": 98.953926998103753, "point_id": 45818, "side": "right", "pano_id": "CAoSF0NJSE0wb2dLRUlDQWdJQ3J1YmpzbGdF", "heading": 205.608, "poi_names": "Pochara Kruavit", "categories": "office=company", "poi_count": 1 }, "geometry": { "type": "Point", "coordinates": [ 98.953926998103753, 18.807325531570463 ] } },
{ "type": "Feature", "properties": { "source": "sv", "poi_id": "45837_left", "poi_name": "คณะวิทยาศาสตร์", "category_raw": "amenity=university", "category_std": "education_religion", "category_std_th": "การศึกษาและศาสนา", "category_sub": "amenity=university", "category_sub_th": "มหาวิทยาลัย", "lat": 18.80127339155425, "lon": 98.956368796202383, "point_id": 45837, "side": "left", "pano_id": "euZyHatRIjXeFvj65Fj1fQ", "heading": 298.705, "poi_names": "คณะวิทยาศาสตร์", "categories": "amenity=university", "poi_count": 1 }, "geometry": { "type": "Point", "coordinates": [ 98.956368796202383, 18.80127339155425 ] } },
{ "type": "Feature", "properties": { "source": "sv", "poi_id": "45883_left", "poi_name": "มหาวิทยาลัยเชียงใหม่", "category_raw": "amenity=university", "category_std": "education_religion", "category_std_th": "การศึกษาและศาสนา", "category_sub": "amenity=university", "category_sub_th": "มหาวิทยาลัย", "lat": 18.79941185479176, "lon": 98.955539393598443, "point_id": 45883, "side": "left", "pano_id": "YBwzfXuVzbZzv8Q1zYVXCg", "heading": 170.661, "poi_names": "มหาวิทยาลัยเชียงใหม่", "categories": "amenity=university", "poi_count": 1 }, "geometry": { "type": "Point", "coordinates": [ 98.955539393598443, 18.79941185479176 ] } },
{ "type": "Feature", "properties": { "source": "sv", "poi_id": "45884_left", "poi_name": "มหาวิทยาลัยเชียงใหม่", "category_raw": "amenity=university", "category_std": "education_religion", "category_std_th": "การศึกษาและศาสนา", "category_sub": "amenity=university", "category_sub_th": "มหาวิทยาลัย", "lat": 18.799408956498372, "lon": 98.955500286644906, "point_id": 45884, "side": "left", "pano_id": "aM46whPOMvV8oH6hIFSJPQ", "heading": 184.664, "poi_names": "มหาวิทยาลัยเชียงใหม่", "categories": "amenity=university", "poi_count": 1 }, "geometry": { "type": "Point", "coordinates": [ 98.955500286644906, 18.799408956498372 ] } },
{ "type": "Feature", "properties": { "source": "sv", "poi_id": "45903_left", "poi_name": "Petsuya Pongpinat", "category_raw": "shop=yes", "category_std": "retail_commerce", "category_std_th": "การค้าปลีกและร้านค้า", "category_sub": "shop=yes", "category_sub_th": "ร้านค้าไม่ระบุประเภทย่อย", "lat": 18.807156605052352, "lon": 98.947675704213125, "point_id": 45903, "side": "left", "pano_id": "CAoSFkNJSE0wb2dLRUlDQWdJRHFyWjI0VHc.", "heading": 171.694, "poi_names": "Petsuya Pongpinat", "categories": "shop=yes", "poi_count": 1 }, "geometry": { "type": "Point", "coordinates": [ 98.947675704213125, 18.807156605052352 ] } },
{ "type": "Feature", "properties": { "source": "sv", "poi_id": "45949_right", "poi_name": "Green Nimman", "category_raw": "tourism=hotel", "category_std": "tourism_culture", "category_std_th": "ที่พัก การท่องเที่ยว และวัฒนธรรม", "category_sub": "tourism=hotel", "category_sub_th": "โรงแรม", "lat": 18.794305518595252, "lon": 98.966527626318239, "point_id": 45949, "side": "right", "pano_id": "_crP0D9YAd1dW40_8pdcyw", "heading": 102.453, "poi_names": "Green Nimman", "categories": "tourism=hotel", "poi_count": 1 }, "geometry": { "type": "Point", "coordinates": [ 98.966527626318239, 18.794305518595252 ] } },
{ "type": "Feature", "properties": { "source": "sv", "poi_id": "46015_left", "poi_name": "car part", "category_raw": "shop=car_repair", "category_std": "personal_service_repair", "category_std_th": "บริการส่วนบุคคลและงานซ่อม", "category_sub": "shop=car_repair", "category_sub_th": "อู่ซ่อมรถยนต์", "lat": 18.804136365213321, "lon": 98.9581076345345, "point_id": 46015, "side": "left", "pano_id": "UkhAzZDNbWWS3SEac5W6Sg", "heading": 317.273, "poi_names": "car part", "categories": "shop=car_repair", "poi_count": 1 }, "geometry": { "type": "Point", "coordinates": [ 98.9581076345345, 18.804136365213321 ] } },
{ "type": "Feature", "properties": { "source": "sv", "poi_id": "46156_left", "poi_name": "Maybank Kim Eng", "category_raw": "office=financial", "category_std": "finance_insurance", "category_std_th": "การเงินและประกันภัย", "category_sub": "office=financial", "category_sub_th": "บริการทางการเงิน", "lat": 18.770206999055556, "lon": 98.976566138990364, "point_id": 46156, "side": "left", "pano_id": "Dim4aXH5ZwyDTR8oJto0sg", "heading": 83.007, "poi_names": "Maybank Kim Eng", "categories": "office=financial", "poi_count": 1 }, "geometry": { "type": "Point", "coordinates": [ 98.976566138990364, 18.770206999055556 ] } },
{ "type": "Feature", "properties": { "source": "sv", "poi_id": "46179_right", "poi_name": "Successmore", "category_raw": "office=company", "category_std": "office_professional", "category_std_th": "สำนักงานและบริการวิชาชีพ", "category_sub": "office=company", "category_sub_th": "บริษัท", "lat": 18.770088928925361, "lon": 98.976321028358441, "point_id": 46179, "side": "right", "pano_id": "K-EPb2htFlmJQV_XpOtvYA", "heading": 47.591, "poi_names": "Successmore", "categories": "office=company", "poi_count": 1 }, "geometry": { "type": "Point", "coordinates": [ 98.976321028358441, 18.770088928925361 ] } },
{ "type": "Feature", "properties": { "source": "sv", "poi_id": "46241_right", "poi_name": "ฝังเฮง", "category_raw": "shop=yes", "category_std": "retail_commerce", "category_std_th": "การค้าปลีกและร้านค้า", "category_sub": "shop=yes", "category_sub_th": "ร้านค้าไม่ระบุประเภทย่อย", "lat": 18.789096455662985, "lon": 98.962433146101887, "point_id": 46241, "side": "right", "pano_id": "_EV06-Ol7SK-7KEeSe627A", "heading": 270.289, "poi_names": "ฝังเฮง", "categories": "shop=yes", "poi_count": 1 }, "geometry": { "type": "Point", "coordinates": [ 98.962433146101887, 18.789096455662985 ] } },
{ "type": "Feature", "properties": { "source": "sv", "poi_id": "46251_right", "poi_name": "เจ๊ไร เจ้าเก่า กองบิน 41 | ร้านนครปริม", "category_raw": "amenity=restaurant, shop=yes", "category_std": "food_beverage; retail_commerce", "category_std_th": "อาหารและเครื่องดื่ม; การค้าปลีกและร้านค้า", "category_sub": "amenity=restaurant, shop=yes", "category_sub_th": "ร้านอาหาร; ร้านค้าไม่ระบุประเภทย่อย", "lat": 18.787758684846761, "lon": 98.962417892562001, "point_id": 46251, "side": "right", "pano_id": "5sY4ChgjOcFrvj8IWMUueg", "heading": 262.805, "poi_names": "เจ๊ไร เจ้าเก่า กองบิน 41 | ร้านนครปริม", "categories": "amenity=restaurant, shop=yes", "poi_count": 2 }, "geometry": { "type": "Point", "coordinates": [ 98.962417892562001, 18.787758684846761 ] } },
{ "type": "Feature", "properties": { "source": "sv", "poi_id": "46290_left", "poi_name": "นานาพืชผล", "category_raw": "shop=yes", "category_std": "retail_commerce", "category_std_th": "การค้าปลีกและร้านค้า", "category_sub": "shop=yes", "category_sub_th": "ร้านค้าไม่ระบุประเภทย่อย", "lat": 18.797839388793896, "lon": 98.997960980433277, "point_id": 46290, "side": "left", "pano_id": "KQUvoHKLmuJbsO1Rgwtr8A", "heading": 19.062, "poi_names": "นานาพืชผล", "categories": "shop=yes", "poi_count": 1 }, "geometry": { "type": "Point", "coordinates": [ 98.997960980433277, 18.797839388793896 ] } },
{ "type": "Feature", "properties": { "source": "sv", "poi_id": "46294_left", "poi_name": "บริษัท อาคารสินเมชชิน", "category_raw": "office=company", "category_std": "office_professional", "category_std_th": "สำนักงานและบริการวิชาชีพ", "category_sub": "office=company", "category_sub_th": "บริษัท", "lat": 18.797303919640409, "lon": 98.997329206835914, "point_id": 46294, "side": "left", "pano_id": "nimiq6l5ek1gweymziwoHg", "heading": 197.67, "poi_names": "บริษัท อาคารสินเมชชิน", "categories": "office=company", "poi_count": 1 }, "geometry": { "type": "Point", "coordinates": [ 98.997329206835914, 18.797303919640409 ] } },
{ "type": "Feature", "properties": { "source": "sv", "poi_id": "46294_right", "poi_name": "เมืองใหม่อุปกรณ์", "category_raw": "shop=yes", "category_std": "retail_commerce", "category_std_th": "การค้าปลีกและร้านค้า", "category_sub": "shop=yes", "category_sub_th": "ร้านค้าไม่ระบุประเภทย่อย", "lat": 18.797476080354361, "lon": 98.997386793193357, "point_id": 46294, "side": "right", "pano_id": "nimiq6l5ek1gweymziwoHg", "heading": 17.67, "poi_names": "เมืองใหม่อุปกรณ์", "categories": "shop=yes", "poi_count": 1 }, "geometry": { "type": "Point", "coordinates": [ 98.997386793193357, 18.797476080354361 ] } },
{ "type": "Feature", "properties": { "source": "sv", "poi_id": "46312_left", "poi_name": "Diamant", "category_raw": "shop=yes", "category_std": "retail_commerce", "category_std_th": "การค้าปลีกและร้านค้า", "category_sub": "shop=yes", "category_sub_th": "ร้านค้าไม่ระบุประเภทย่อย", "lat": 18.810124978165224, "lon": 99.007473281375127, "point_id": 46312, "side": "left", "pano_id": "pIhMv_Qs20uzB9nMkvmFVg", "heading": 96.369, "poi_names": "Diamant", "categories": "shop=yes", "poi_count": 1 }, "geometry": { "type": "Point", "coordinates": [ 99.007473281375127, 18.810124978165224 ] } },
{ "type": "Feature", "properties": { "source": "sv", "poi_id": "46431_left", "poi_name": "Car Cafe", "category_raw": "amenity=cafe", "category_std": "food_beverage", "category_std_th": "อาหารและเครื่องดื่ม", "category_sub": "amenity=cafe", "category_sub_th": "ร้านกาแฟ", "lat": 18.800638939788072, "lon": 98.967722977244804, "point_id": 46431, "side": "left", "pano_id": "A-U-1YaBQpdQ5euVDPObqQ", "heading": 113.525, "poi_names": "Car Cafe", "categories": "amenity=cafe", "poi_count": 1 }, "geometry": { "type": "Point", "coordinates": [ 98.967722977244804, 18.800638939788072 ] } },
{ "type": "Feature", "properties": { "source": "sv", "poi_id": "46487_right", "poi_name": "เพ็ชรศิริ พงษ์นินาท", "category_raw": "shop=yes", "category_std": "retail_commerce", "category_std_th": "การค้าปลีกและร้านค้า", "category_sub": "shop=yes", "category_sub_th": "ร้านค้าไม่ระบุประเภทย่อย", "lat": 18.794988677051258, "lon": 98.957761827834645, "point_id": 46487, "side": "right", "pano_id": "CAoSFkNJSE0wb2dLRUlDQWdJQ3MxSUgwZGc.", "heading": 140.115, "poi_names": "เพ็ชรศิริ พงษ์นินาท", "categories": "shop=yes", "poi_count": 1 }, "geometry": { "type": "Point", "coordinates": [ 98.957761827834645, 18.794988677051258 ] } },
{ "type": "Feature", "properties": { "source": "sv", "poi_id": "46620_right", "poi_name": "Nim City", "category_raw": "shop=yes", "category_std": "retail_commerce", "category_std_th": "การค้าปลีกและร้านค้า", "category_sub": "shop=yes", "category_sub_th": "ร้านค้าไม่ระบุประเภทย่อย", "lat": 18.77174026109747, "lon": 98.976523554983359, "point_id": 46620, "side": "right", "pano_id": "2qeidEqbOE_5deRdW1Vtrw", "heading": 334.089, "poi_names": "Nim City", "categories": "shop=yes", "poi_count": 1 }, "geometry": { "type": "Point", "coordinates": [ 98.976523554983359, 18.77174026109747 ] } },
{ "type": "Feature", "properties": { "source": "sv", "poi_id": "46624_left", "poi_name": "Dal Chaaue Coffee The Volcano", "category_raw": "amenity=cafe", "category_std": "food_beverage", "category_std_th": "อาหารและเครื่องดื่ม", "category_sub": "amenity=cafe", "category_sub_th": "ร้านกาแฟ", "lat": 18.771358253257752, "lon": 98.976242378619844, "point_id": 46624, "side": "left", "pano_id": "DlksCFZGxn9a1aeyJVs2yw", "heading": 154.803, "poi_names": "Dal Chaaue Coffee The Volcano", "categories": "amenity=cafe", "poi_count": 1 }, "geometry": { "type": "Point", "coordinates": [ 98.976242378619844, 18.771358253257752 ] } },
{ "type": "Feature", "properties": { "source": "sv", "poi_id": "46631_right", "poi_name": "Lane Supermarket", "category_raw": "shop=supermarket", "category_std": "retail_commerce", "category_std_th": "การค้าปลีกและร้านค้า", "category_sub": "shop=supermarket", "category_sub_th": "ซูเปอร์มาร์เก็ต", "lat": 18.771866497217371, "lon": 98.977165918661981, "point_id": 46631, "side": "right", "pano_id": "4Uw9axtxjNO9vFjZGtUXmQ", "heading": 154.442, "poi_names": "Lane Supermarket", "categories": "shop=supermarket", "poi_count": 1 }, "geometry": { "type": "Point", "coordinates": [ 98.977165918661981, 18.771866497217371 ] } },
{ "type": "Feature", "properties": { "source": "sv", "poi_id": "46778_right", "poi_name": "Makita", "category_raw": "shop=electronics", "category_std": "retail_commerce", "category_std_th": "การค้าปลีกและร้านค้า", "category_sub": "shop=electronics", "category_sub_th": "ร้านเครื่องใช้ไฟฟ้าและอิเล็กทรอนิกส์", "lat": 18.766924520940886, "lon": 98.987554353735163, "point_id": 46778, "side": "right", "pano_id": "VAawYr1rje02cOtwtLSvHQ", "heading": 123.208, "poi_names": "Makita", "categories": "shop=electronics", "poi_count": 1 }, "geometry": { "type": "Point", "coordinates": [ 98.987554353735163, 18.766924520940886 ] } },
{ "type": "Feature", "properties": { "source": "sv", "poi_id": "46796_left", "poi_name": "ข้าวมันไก่", "category_raw": "amenity=restaurant", "category_std": "food_beverage", "category_std_th": "อาหารและเครื่องดื่ม", "category_sub": "amenity=restaurant", "category_sub_th": "ร้านอาหาร", "lat": 18.761195023966881, "lon": 98.997364469166754, "point_id": 46796, "side": "left", "pano_id": "ejQJ7lUyDil-xjePdKGeiQ", "heading": 95.065, "poi_names": "ข้าวมันไก่", "categories": "amenity=restaurant", "poi_count": 1 }, "geometry": { "type": "Point", "coordinates": [ 98.997364469166754, 18.761195023966881 ] } },
{ "type": "Feature", "properties": { "source": "sv", "poi_id": "46841_right", "poi_name": "บ้านอบสมุนไพร Heart & Soul Massage House", "category_raw": "shop=massage", "category_std": "personal_service_repair", "category_std_th": "บริการส่วนบุคคลและงานซ่อม", "category_sub": "shop=massage", "category_sub_th": "ร้านนวด", "lat": 18.784333339978389, "lon": 98.968379250072033, "point_id": 46841, "side": "right", "pano_id": "5sf9H38hZFKm4fiTspBHNw", "heading": 359.547, "poi_names": "บ้านอบสมุนไพร Heart & Soul Massage House", "categories": "shop=massage", "poi_count": 1 }, "geometry": { "type": "Point", "coordinates": [ 98.968379250072033, 18.784333339978389 ] } },
{ "type": "Feature", "properties": { "source": "sv", "poi_id": "46917_left", "poi_name": "Shamrock", "category_raw": "amenity=bar", "category_std": "food_beverage", "category_std_th": "อาหารและเครื่องดื่ม", "category_sub": "amenity=bar", "category_sub_th": "บาร์", "lat": 18.783327578454848, "lon": 98.985214905095475, "point_id": 46917, "side": "left", "pano_id": "X3zLsVGwHBlrHyKDi5ewlQ", "heading": 343.402, "poi_names": "Shamrock", "categories": "amenity=bar", "poi_count": 1 }, "geometry": { "type": "Point", "coordinates": [ 98.985214905095475, 18.783327578454848 ] } },
{ "type": "Feature", "properties": { "source": "sv", "poi_id": "46973_left", "poi_name": "อ็อมเมืองเล", "category_raw": "amenity=restaurant", "category_std": "food_beverage", "category_std_th": "อาหารและเครื่องดื่ม", "category_sub": "amenity=restaurant", "category_sub_th": "ร้านอาหาร", "lat": 18.763796319830384, "lon": 99.026551950237177, "point_id": 46973, "side": "left", "pano_id": "VY_GmFZTCA5VwT6PcPQUVA", "heading": 338.96, "poi_names": "อ็อมเมืองเล", "categories": "amenity=restaurant", "poi_count": 1 }, "geometry": { "type": "Point", "coordinates": [ 99.026551950237177, 18.763796319830384 ] } },
{ "type": "Feature", "properties": { "source": "sv", "poi_id": "46996_left", "poi_name": "โรงเรียนอนุบาลอุบลลักษณ์", "category_raw": "amenity=school", "category_std": "education_religion", "category_std_th": "การศึกษาและศาสนา", "category_sub": "amenity=school", "category_sub_th": "โรงเรียน", "lat": 18.79124613147248, "lon": 98.991858376702595, "point_id": 46996, "side": "left", "pano_id": "VJWmR6zv9Zi8MUhmNwSr9A", "heading": 342.437, "poi_names": "โรงเรียนอนุบาลอุบลลักษณ์", "categories": "amenity=school", "poi_count": 1 }, "geometry": { "type": "Point", "coordinates": [ 98.991858376702595, 18.79124613147248 ] } },
{ "type": "Feature", "properties": { "source": "sv", "poi_id": "47067_left", "poi_name": "มหาราชนครเชียงใหม่", "category_raw": "amenity=hospital", "category_std": "health", "category_std_th": "สุขภาพและการแพทย์", "category_sub": "amenity=hospital", "category_sub_th": "โรงพยาบาล", "lat": 18.771420054909147, "lon": 98.974067765507783, "point_id": 47067, "side": "left", "pano_id": "a_Fu1RcBUa3ENEllYsivuw", "heading": 21.503, "poi_names": "มหาราชนครเชียงใหม่", "categories": "amenity=hospital", "poi_count": 1 }, "geometry": { "type": "Point", "coordinates": [ 98.974067765507783, 18.771420054909147 ] } },
{ "type": "Feature", "properties": { "source": "sv", "poi_id": "47146_left", "poi_name": "ไม้สักสวนป่าแปรรูป", "category_raw": "shop=yes", "category_std": "retail_commerce", "category_std_th": "การค้าปลีกและร้านค้า", "category_sub": "shop=yes", "category_sub_th": "ร้านค้าไม่ระบุประเภทย่อย", "lat": 18.8017942985914, "lon": 99.015175116977957, "point_id": 47146, "side": "left", "pano_id": "QnYKn-fNqyTb7J_BfrO59A", "heading": 323.156, "poi_names": "ไม้สักสวนป่าแปรรูป", "categories": "shop=yes", "poi_count": 1 }, "geometry": { "type": "Point", "coordinates": [ 99.015175116977957, 18.8017942985914 ] } },
{ "type": "Feature", "properties": { "source": "sv", "poi_id": "47191_left", "poi_name": "คลินิกทันตกรรมดิคสไมล์", "category_raw": "amenity=dentist", "category_std": "health", "category_std_th": "สุขภาพและการแพทย์", "category_sub": "amenity=dentist", "category_sub_th": "คลินิกทันตกรรม", "lat": 18.774061819661181, "lon": 99.000866122373324, "point_id": 47191, "side": "left", "pano_id": "-kvp412YWaly-USO9Q6tsA", "heading": 309.792, "poi_names": "คลินิกทันตกรรมดิคสไมล์", "categories": "amenity=dentist", "poi_count": 1 }, "geometry": { "type": "Point", "coordinates": [ 99.000866122373324, 18.774061819661181 ] } },
{ "type": "Feature", "properties": { "source": "sv", "poi_id": "47205_left", "poi_name": "Aristo Cafe", "category_raw": "amenity=cafe", "category_std": "food_beverage", "category_std_th": "อาหารและเครื่องดื่ม", "category_sub": "amenity=cafe", "category_sub_th": "ร้านกาแฟ", "lat": 18.775239636644454, "lon": 99.002119231027237, "point_id": 47205, "side": "left", "pano_id": "DQdn9JWP0cF4ydWljz01sw", "heading": 333.197, "poi_names": "Aristo Cafe", "categories": "amenity=cafe", "poi_count": 1 }, "geometry": { "type": "Point", "coordinates": [ 99.002119231027237, 18.775239636644454 ] } },
{ "type": "Feature", "properties": { "source": "sv", "poi_id": "47211_right", "poi_name": "Heart Church", "category_raw": "amenity=place_of_worship", "category_std": "education_religion", "category_std_th": "การศึกษาและศาสนา", "category_sub": "amenity=place_of_worship", "category_sub_th": "ศาสนสถาน", "lat": 18.775374889753699, "lon": 99.003012618412441, "point_id": 47211, "side": "right", "pano_id": "BNR64bcmwGEGdfUS6UOS4g", "heading": 158.593, "poi_names": "Heart Church", "categories": "amenity=place_of_worship", "poi_count": 1 }, "geometry": { "type": "Point", "coordinates": [ 99.003012618412441, 18.775374889753699 ] } },
{ "type": "Feature", "properties": { "source": "sv", "poi_id": "47213_right", "poi_name": "อาสนวิหารพระหฤทัย", "category_raw": "amenity=place_of_worship", "category_std": "education_religion", "category_std_th": "การศึกษาและศาสนา", "category_sub": "amenity=place_of_worship", "category_sub_th": "ศาสนสถาน", "lat": 18.775431772606503, "lon": 99.003161609093198, "point_id": 47213, "side": "right", "pano_id": "z0AGf3_bgvZKu0T1Yxvdpg", "heading": 152.627, "poi_names": "อาสนวิหารพระหฤทัย", "categories": "amenity=place_of_worship", "poi_count": 1 }, "geometry": { "type": "Point", "coordinates": [ 99.003161609093198, 18.775431772606503 ] } },
{ "type": "Feature", "properties": { "source": "sv", "poi_id": "47227_left", "poi_name": "มูลนิธิปิยมาตย์", "category_raw": "office=company", "category_std": "office_professional", "category_std_th": "สำนักงานและบริการวิชาชีพ", "category_sub": "office=company", "category_sub_th": "บริษัท", "lat": 18.7769598854088, "lon": 99.004031417190845, "point_id": 47227, "side": "left", "pano_id": "ZWwPtbMCpP276cg7FpNIEw", "heading": 294.097, "poi_names": "มูลนิธิปิยมาตย์", "categories": "office=company", "poi_count": 1 }, "geometry": { "type": "Point", "coordinates": [ 99.004031417190845, 18.7769598854088 ] } },
{ "type": "Feature", "properties": { "source": "sv", "poi_id": "47232_right", "poi_name": "ผัดไท", "category_raw": "amenity=restaurant", "category_std": "food_beverage", "category_std_th": "อาหารและเครื่องดื่ม", "category_sub": "amenity=restaurant", "category_sub_th": "ร้านอาหาร", "lat": 18.777327990347949, "lon": 99.004402871146098, "point_id": 47232, "side": "right", "pano_id": "rowlAnB-r0imguNq5ckirQ", "heading": 112.114, "poi_names": "ผัดไท", "categories": "amenity=restaurant", "poi_count": 1 }, "geometry": { "type": "Point", "coordinates": [ 99.004402871146098, 18.777327990347949 ] } },
{ "type": "Feature", "properties": { "source": "sv", "poi_id": "47286_left", "poi_name": "ไปรษณีย์ช้างเผือก", "category_raw": "office=government", "category_std": "office_professional", "category_std_th": "สำนักงานและบริการวิชาชีพ", "category_sub": "office=government", "category_sub_th": "หน่วยงานราชการ", "lat": 18.806092241466967, "lon": 98.985121690420357, "point_id": 47286, "side": "left", "pano_id": "perhSB_0TxqATlStOrs8KQ", "heading": 263.799, "poi_names": "ไปรษณีย์ช้างเผือก", "categories": "office=government", "poi_count": 1 }, "geometry": { "type": "Point", "coordinates": [ 98.985121690420357, 18.806092241466967 ] } },
{ "type": "Feature", "properties": { "source": "sv", "poi_id": "47288_right", "poi_name": "มหาวิทยาลัยราชภัฏเชียงใหม่", "category_raw": "amenity=university", "category_std": "education_religion", "category_std_th": "การศึกษาและศาสนา", "category_sub": "amenity=university", "category_sub_th": "มหาวิทยาลัย", "lat": 18.80636295675551, "lon": 98.985279164513059, "point_id": 47288, "side": "right", "pano_id": "q2OL6ghWuYCPG7GC5PFscw", "heading": 83.034, "poi_names": "มหาวิทยาลัยราชภัฏเชียงใหม่", "categories": "amenity=university", "poi_count": 1 }, "geometry": { "type": "Point", "coordinates": [ 98.985279164513059, 18.80636295675551 ] } },
{ "type": "Feature", "properties": { "source": "sv", "poi_id": "47289_left", "poi_name": "หมอมวลชน", "category_raw": "amenity=clinic", "category_std": "health", "category_std_th": "สุขภาพและการแพทย์", "category_sub": "amenity=clinic", "category_sub_th": "คลินิก", "lat": 18.806521043197176, "lon": 98.985067835398993, "point_id": 47289, "side": "left", "pano_id": "8tvfhCrfXKyNwmQMUHew3w", "heading": 263.034, "poi_names": "หมอมวลชน", "categories": "amenity=clinic", "poi_count": 1 }, "geometry": { "type": "Point", "coordinates": [ 98.985067835398993, 18.806521043197176 ] } },
{ "type": "Feature", "properties": { "source": "sv", "poi_id": "47291_left", "poi_name": "เชียงใหม่สมุดลานนา", "category_raw": "shop=yes", "category_std": "retail_commerce", "category_std_th": "การค้าปลีกและร้านค้า", "category_sub": "shop=yes", "category_sub_th": "ร้านค้าไม่ระบุประเภทย่อย", "lat": 18.806880043197602, "lon": 98.985021835199262, "point_id": 47291, "side": "left", "pano_id": "g8VwD6w_JMK80pnXU509ww", "heading": 263.034, "poi_names": "เชียงใหม่สมุดลานนา", "categories": "shop=yes", "poi_count": 1 }, "geometry": { "type": "Point", "coordinates": [ 98.985021835199262, 18.806880043197602 ] } },
{ "type": "Feature", "properties": { "source": "sv", "poi_id": "47298_left", "poi_name": "ผัดไทย", "category_raw": "amenity=restaurant", "category_std": "food_beverage", "category_std_th": "อาหารและเครื่องดื่ม", "category_sub": "amenity=restaurant", "category_sub_th": "ร้านอาหาร", "lat": 18.807797343365745, "lon": 98.984915677906045, "point_id": 47298, "side": "left", "pano_id": "v0NyjZecD_O1vp9tqYk4Hg", "heading": 263.864, "poi_names": "ผัดไทย", "categories": "amenity=restaurant", "poi_count": 1 }, "geometry": { "type": "Point", "coordinates": [ 98.984915677906045, 18.807797343365745 ] } },
{ "type": "Feature", "properties": { "source": "sv", "poi_id": "47307_left", "poi_name": "Bright Dental Clinic", "category_raw": "amenity=dentist", "category_std": "health", "category_std_th": "สุขภาพและการแพทย์", "category_sub": "amenity=dentist", "category_sub_th": "คลินิกทันตกรรม", "lat": 18.809250993834869, "lon": 98.984746717276522, "point_id": 47307, "side": "left", "pano_id": "vt4QfZG8a-oRiXB26j3gqg", "heading": 263.641, "poi_names": "Bright Dental Clinic", "categories": "amenity=dentist", "poi_count": 1 }, "geometry": { "type": "Point", "coordinates": [ 98.984746717276522, 18.809250993834869 ] } },
{ "type": "Feature", "properties": { "source": "sv", "poi_id": "47308_left", "poi_name": "คลินิกจักษุแพทย์ เชิง-อาภรณ์", "category_raw": "amenity=clinic", "category_std": "health", "category_std_th": "สุขภาพและการแพทย์", "category_sub": "amenity=clinic", "category_sub_th": "คลินิก", "lat": 18.80942999383506, "lon": 98.984724717176803, "point_id": 47308, "side": "left", "pano_id": "dRyItPKzy9mA_xKHF2oJ-A", "heading": 263.641, "poi_names": "คลินิกจักษุแพทย์ เชิง-อาภรณ์", "categories": "amenity=clinic", "poi_count": 1 }, "geometry": { "type": "Point", "coordinates": [ 98.984724717176803, 18.80942999383506 ] } },
{ "type": "Feature", "properties": { "source": "sv", "poi_id": "47309_left", "poi_name": "จักษุแพทย์เชิงดอย", "category_raw": "amenity=clinic", "category_std": "health", "category_std_th": "สุขภาพและการแพทย์", "category_sub": "amenity=clinic", "category_sub_th": "คลินิก", "lat": 18.809488415439397, "lon": 98.984718745641743, "point_id": 47309, "side": "left", "pano_id": "toy45jO97R1wpTYo78EtHg", "heading": 259.422, "poi_names": "จักษุแพทย์เชิงดอย", "categories": "amenity=clinic", "poi_count": 1 }, "geometry": { "type": "Point", "coordinates": [ 98.984718745641743, 18.809488415439397 ] } },
{ "type": "Feature", "properties": { "source": "sv", "poi_id": "47760_left", "poi_name": "GPS Tracer Thailand", "category_raw": "shop=electronics", "category_std": "retail_commerce", "category_std_th": "การค้าปลีกและร้านค้า", "category_sub": "shop=electronics", "category_sub_th": "ร้านเครื่องใช้ไฟฟ้าและอิเล็กทรอนิกส์", "lat": 18.772143195625105, "lon": 98.971596555822344, "point_id": 47760, "side": "left", "pano_id": "CAoSFkNJSE0wb2dLRUlDQWdJRHEtWjJ6RUE.", "heading": 12.517, "poi_names": "GPS Tracer Thailand", "categories": "shop=electronics", "poi_count": 1 }, "geometry": { "type": "Point", "coordinates": [ 98.971596555822344, 18.772143195625105 ] } },
{ "type": "Feature", "properties": { "source": "sv", "poi_id": "48255_left", "poi_name": "กอปาร์ก", "category_raw": "amenity=restaurant", "category_std": "food_beverage", "category_std_th": "อาหารและเครื่องดื่ม", "category_sub": "amenity=restaurant", "category_sub_th": "ร้านอาหาร", "lat": 18.840622138587264, "lon": 98.976074930262953, "point_id": 48255, "side": "left", "pano_id": "XtwTFwixa-T8aoYmjbXcOw", "heading": 62.197, "poi_names": "กอปาร์ก", "categories": "amenity=restaurant", "poi_count": 1 }, "geometry": { "type": "Point", "coordinates": [ 98.976074930262953, 18.840622138587264 ] } },
{ "type": "Feature", "properties": { "source": "sv", "poi_id": "48405_right", "poi_name": "dr. namwan clinic", "category_raw": "amenity=clinic", "category_std": "health", "category_std_th": "สุขภาพและการแพทย์", "category_sub": "amenity=clinic", "category_sub_th": "คลินิก", "lat": 18.799877230062322, "lon": 98.959904774019435, "point_id": 48405, "side": "right", "pano_id": "C5nB0o9_75UJGVPKp5rRLw", "heading": 254.087, "poi_names": "dr. namwan clinic", "categories": "amenity=clinic", "poi_count": 1 }, "geometry": { "type": "Point", "coordinates": [ 98.959904774019435, 18.799877230062322 ] } },
{ "type": "Feature", "properties": { "source": "sv", "poi_id": "48602_left", "poi_name": "แม็คก๊อปปี้", "category_raw": "shop=yes", "category_std": "retail_commerce", "category_std_th": "การค้าปลีกและร้านค้า", "category_sub": "shop=yes", "category_sub_th": "ร้านค้าไม่ระบุประเภทย่อย", "lat": 18.794700175503827, "lon": 98.963263620630727, "point_id": 48602, "side": "left", "pano_id": "FWxeWpRAKiUAdt6Dn9F9xA", "heading": 19.472, "poi_names": "แม็คก๊อปปี้", "categories": "shop=yes", "poi_count": 1 }, "geometry": { "type": "Point", "coordinates": [ 98.963263620630727, 18.794700175503827 ] } },
{ "type": "Feature", "properties": { "source": "sv", "poi_id": "48651_right", "poi_name": "หอพักยายสมบูรณ์", "category_raw": "tourism=guest_house", "category_std": "tourism_culture", "category_std_th": "ที่พัก การท่องเที่ยว และวัฒนธรรม", "category_sub": "tourism=guest_house", "category_sub_th": "เกสต์เฮาส์", "lat": 18.78913505897032, "lon": 99.012327879359077, "point_id": 48651, "side": "right", "pano_id": "-JdMaev9QR3ViQSGdi8AAg", "heading": 119.103, "poi_names": "หอพักยายสมบูรณ์", "categories": "tourism=guest_house", "poi_count": 1 }, "geometry": { "type": "Point", "coordinates": [ 99.012327879359077, 18.78913505897032 ] } },
{ "type": "Feature", "properties": { "source": "sv", "poi_id": "48981_right", "poi_name": "รูศักดิ์", "category_raw": "shop=yes", "category_std": "retail_commerce", "category_std_th": "การค้าปลีกและร้านค้า", "category_sub": "shop=yes", "category_sub_th": "ร้านค้าไม่ระบุประเภทย่อย", "lat": 18.765850563065271, "lon": 99.010968408495444, "point_id": 48981, "side": "right", "pano_id": "AupWpRVQiMuZb8LN1Lj4-g", "heading": 274.166, "poi_names": "รูศักดิ์", "categories": "shop=yes", "poi_count": 1 }, "geometry": { "type": "Point", "coordinates": [ 99.010968408495444, 18.765850563065271 ] } },
{ "type": "Feature", "properties": { "source": "sv", "poi_id": "49010_right", "poi_name": "หอยเคียว", "category_raw": "amenity=restaurant", "category_std": "food_beverage", "category_std_th": "อาหารและเครื่องดื่ม", "category_sub": "amenity=restaurant", "category_sub_th": "ร้านอาหาร", "lat": 18.766395314267463, "lon": 99.008614803602597, "point_id": 49010, "side": "right", "pano_id": "ZD9bHGOirhtNHa1mxsYyrA", "heading": 104.543, "poi_names": "หอยเคียว", "categories": "amenity=restaurant", "poi_count": 1 }, "geometry": { "type": "Point", "coordinates": [ 99.008614803602597, 18.766395314267463 ] } },
{ "type": "Feature", "properties": { "source": "sv", "poi_id": "49177_left", "poi_name": "The House Hotel", "category_raw": "tourism=hotel", "category_std": "tourism_culture", "category_std_th": "ที่พัก การท่องเที่ยว และวัฒนธรรม", "category_sub": "tourism=hotel", "category_sub_th": "โรงแรม", "lat": 18.798573731860444, "lon": 99.017839497382823, "point_id": 49177, "side": "left", "pano_id": "tDC9Ix3wyJyPn0aS8QR_Lw", "heading": 144.194, "poi_names": "The House Hotel", "categories": "tourism=hotel", "poi_count": 1 }, "geometry": { "type": "Point", "coordinates": [ 99.017839497382823, 18.798573731860444 ] } },
{ "type": "Feature", "properties": { "source": "sv", "poi_id": "49233_right", "poi_name": "จำหน่ายดอกไม้สด", "category_raw": "shop=yes", "category_std": "retail_commerce", "category_std_th": "การค้าปลีกและร้านค้า", "category_sub": "shop=yes", "category_sub_th": "ร้านค้าไม่ระบุประเภทย่อย", "lat": 18.80254611040397, "lon": 99.016257619211544, "point_id": 49233, "side": "right", "pano_id": "CeSz47TMYEOpgRu1KZH_8A", "heading": 235.716, "poi_names": "จำหน่ายดอกไม้สด", "categories": "shop=yes", "poi_count": 1 }, "geometry": { "type": "Point", "coordinates": [ 99.016257619211544, 18.80254611040397 ] } },
{ "type": "Feature", "properties": { "source": "sv", "poi_id": "49316_left", "poi_name": "แบรน ริบสีน", "category_raw": "shop=yes", "category_std": "retail_commerce", "category_std_th": "การค้าปลีกและร้านค้า", "category_sub": "shop=yes", "category_sub_th": "ร้านค้าไม่ระบุประเภทย่อย", "lat": 18.797944495594084, "lon": 98.997121310397659, "point_id": 49316, "side": "left", "pano_id": "Os8qcrTPkK-2Nh4MO0BRQg", "heading": 115.93, "poi_names": "แบรน ริบสีน", "categories": "shop=yes", "poi_count": 1 }, "geometry": { "type": "Point", "coordinates": [ 98.997121310397659, 18.797944495594084 ] } },
{ "type": "Feature", "properties": { "source": "sv", "poi_id": "49499_left", "poi_name": "ยุพราชวิทยาลัย", "category_raw": "amenity=school", "category_std": "education_religion", "category_std_th": "การศึกษาและศาสนา", "category_sub": "amenity=school", "category_sub_th": "โรงเรียน", "lat": 18.792045087359547, "lon": 98.987703872903197, "point_id": 49499, "side": "left", "pano_id": "OP8BJqC35EGZRpkN4B2HbA", "heading": 355.691, "poi_names": "ยุพราชวิทยาลัย", "categories": "amenity=school", "poi_count": 1 }, "geometry": { "type": "Point", "coordinates": [ 98.987703872903197, 18.792045087359547 ] } },
{ "type": "Feature", "properties": { "source": "sv", "poi_id": "49506_right", "poi_name": "โรงเรียนยุพราชวิทยาลัย", "category_raw": "amenity=school", "category_std": "education_religion", "category_std_th": "การศึกษาและศาสนา", "category_sub": "amenity=school", "category_sub_th": "โรงเรียน", "lat": 18.792219064625023, "lon": 98.987186997689264, "point_id": 49506, "side": "right", "pano_id": "CAoSFkNJSE0wb2dLRUlDQWdJREV0YmlYV3c.", "heading": 174.557, "poi_names": "โรงเรียนยุพราชวิทยาลัย", "categories": "amenity=school", "poi_count": 1 }, "geometry": { "type": "Point", "coordinates": [ 98.987186997689264, 18.792219064625023 ] } },
{ "type": "Feature", "properties": { "source": "sv", "poi_id": "49601_right", "poi_name": "ปลีปลีก", "category_raw": "shop=yes", "category_std": "retail_commerce", "category_std_th": "การค้าปลีกและร้านค้า", "category_sub": "shop=yes", "category_sub_th": "ร้านค้าไม่ระบุประเภทย่อย", "lat": 18.83712436965131, "lon": 98.987176805397397, "point_id": 49601, "side": "right", "pano_id": "VsqJkFBgTWoP_-s7zJ1OKg", "heading": 92.303, "poi_names": "ปลีปลีก", "categories": "shop=yes", "poi_count": 1 }, "geometry": { "type": "Point", "coordinates": [ 98.987176805397397, 18.83712436965131 ] } },
{ "type": "Feature", "properties": { "source": "sv", "poi_id": "49680_left", "poi_name": "JJ Baker", "category_raw": "shop=bakery", "category_std": "retail_commerce", "category_std_th": "การค้าปลีกและร้านค้า", "category_sub": "shop=bakery", "category_sub_th": "ร้านเบเกอรี", "lat": 18.783873253109142, "lon": 99.025250400218766, "point_id": 49680, "side": "left", "pano_id": "BaoruU_JCNsx-AAW_v7Cng", "heading": 100.038, "poi_names": "JJ Baker", "categories": "shop=bakery", "poi_count": 1 }, "geometry": { "type": "Point", "coordinates": [ 99.025250400218766, 18.783873253109142 ] } },
{ "type": "Feature", "properties": { "source": "sv", "poi_id": "49979_right", "poi_name": "ดอกไม้สด", "category_raw": "shop=yes", "category_std": "retail_commerce", "category_std_th": "การค้าปลีกและร้านค้า", "category_sub": "shop=yes", "category_sub_th": "ร้านค้าไม่ระบุประเภทย่อย", "lat": 18.803363782628448, "lon": 99.015570988420578, "point_id": 49979, "side": "right", "pano_id": "wmZhBsK1d8nbEi8w-Rdq0w", "heading": 54.25, "poi_names": "ดอกไม้สด", "categories": "shop=yes", "poi_count": 1 }, "geometry": { "type": "Point", "coordinates": [ 99.015570988420578, 18.803363782628448 ] } },
{ "type": "Feature", "properties": { "source": "sv", "poi_id": "49981_right", "poi_name": "ดอกไม้เชียงใหม่", "category_raw": "shop=yes", "category_std": "retail_commerce", "category_std_th": "การค้าปลีกและร้านค้า", "category_sub": "shop=yes", "category_sub_th": "ร้านค้าไม่ระบุประเภทย่อย", "lat": 18.803656782626792, "lon": 99.015348988553825, "point_id": 49981, "side": "right", "pano_id": "-XZ2RsNnwBJFM-PHjJHV_Q", "heading": 54.25, "poi_names": "ดอกไม้เชียงใหม่", "categories": "shop=yes", "poi_count": 1 }, "geometry": { "type": "Point", "coordinates": [ 99.015348988553825, 18.803656782626792 ] } },
{ "type": "Feature", "properties": { "source": "sv", "poi_id": "49992_left", "poi_name": "ร้านดอกไม้สด ศิริรัตน์ดอกไม้", "category_raw": "shop=yes", "category_std": "retail_commerce", "category_std_th": "การค้าปลีกและร้านค้า", "category_sub": "shop=yes", "category_sub_th": "ร้านค้าไม่ระบุประเภทย่อย", "lat": 18.802941109282383, "lon": 99.015556291799442, "point_id": 49992, "side": "left", "pano_id": "rbU_1xKWBvb-q9_3H8uawg", "heading": 103.37, "poi_names": "ร้านดอกไม้สด ศิริรัตน์ดอกไม้", "categories": "shop=yes", "poi_count": 1 }, "geometry": { "type": "Point", "coordinates": [ 99.015556291799442, 18.802941109282383 ] } },
{ "type": "Feature", "properties": { "source": "sv", "poi_id": "50028_right", "poi_name": "ทำฟัน", "category_raw": "amenity=dentist", "category_std": "health", "category_std_th": "สุขภาพและการแพทย์", "category_sub": "amenity=dentist", "category_sub_th": "คลินิกทันตกรรม", "lat": 18.767751104955007, "lon": 98.983284754974605, "point_id": 50028, "side": "right", "pano_id": "5cb6GMJ_TbbDrZgTGF7qcw", "heading": 92.471, "poi_names": "ทำฟัน", "categories": "amenity=dentist", "poi_count": 1 }, "geometry": { "type": "Point", "coordinates": [ 98.983284754974605, 18.767751104955007 ] } },
{ "type": "Feature", "properties": { "source": "sv", "poi_id": "50032_right", "poi_name": "Caltex", "category_raw": "shop=yes", "category_std": "retail_commerce", "category_std_th": "การค้าปลีกและร้านค้า", "category_sub": "shop=yes", "category_sub_th": "ร้านค้าไม่ระบุประเภทย่อย", "lat": 18.767992143809515, "lon": 98.982729689441314, "point_id": 50032, "side": "right", "pano_id": "Dle9J4rcYnmqPZtTv0h2cw", "heading": 86.736, "poi_names": "Caltex", "categories": "shop=yes", "poi_count": 1 }, "geometry": { "type": "Point", "coordinates": [ 98.982729689441314, 18.767992143809515 ] } },
{ "type": "Feature", "properties": { "source": "sv", "poi_id": "50085_left", "poi_name": "Kasikorn Bank", "category_raw": "amenity=bank", "category_std": "finance_insurance", "category_std_th": "การเงินและประกันภัย", "category_sub": "amenity=bank", "category_sub_th": "ธนาคาร", "lat": 18.788044136153172, "lon": 98.997177469068035, "point_id": 50085, "side": "left", "pano_id": "1ooPeDYn6Wciy8AKrhhXjg", "heading": 84.833, "poi_names": "Kasikorn Bank", "categories": "amenity=bank", "poi_count": 1 }, "geometry": { "type": "Point", "coordinates": [ 98.997177469068035, 18.788044136153172 ] } },
{ "type": "Feature", "properties": { "source": "sv", "poi_id": "50085_right", "poi_name": "Currency Exchange", "category_raw": "office=financial", "category_std": "finance_insurance", "category_std_th": "การเงินและประกันภัย", "category_sub": "office=financial", "category_sub_th": "บริการทางการเงิน", "lat": 18.788027863799044, "lon": 98.996988530941024, "point_id": 50085, "side": "right", "pano_id": "1ooPeDYn6Wciy8AKrhhXjg", "heading": 264.833, "poi_names": "Currency Exchange", "categories": "office=financial", "poi_count": 1 }, "geometry": { "type": "Point", "coordinates": [ 98.996988530941024, 18.788027863799044 ] } },
{ "type": "Feature", "properties": { "source": "sv", "poi_id": "50241_right", "poi_name": "อัมพาต อัมพฤกษ์", "category_raw": "amenity=clinic", "category_std": "health", "category_std_th": "สุขภาพและการแพทย์", "category_sub": "amenity=clinic", "category_sub_th": "คลินิก", "lat": 18.809216718324727, "lon": 99.004440092092835, "point_id": 50241, "side": "right", "pano_id": "CAoSF0NJSE0wb2dLRUlDQWdJRHF5ODMxaWdF", "heading": 349.119, "poi_names": "อัมพาต อัมพฤกษ์", "categories": "amenity=clinic", "poi_count": 1 }, "geometry": { "type": "Point", "coordinates": [ 99.004440092092835, 18.809216718324727 ] } },
{ "type": "Feature", "properties": { "source": "sv", "poi_id": "50415_left", "poi_name": "เงินด่วน", "category_raw": "office=financial", "category_std": "finance_insurance", "category_std_th": "การเงินและประกันภัย", "category_sub": "office=financial", "category_sub_th": "บริการทางการเงิน", "lat": 18.77134279558344, "lon": 98.979255428847281, "point_id": 50415, "side": "left", "pano_id": "CAoSF0NJSE0wb2dLRUlDQWdJQ0VsNUQ0OWdF", "heading": 322.627, "poi_names": "เงินด่วน", "categories": "office=financial", "poi_count": 1 }, "geometry": { "type": "Point", "coordinates": [ 98.979255428847281, 18.77134279558344 ] } },
{ "type": "Feature", "properties": { "source": "sv", "poi_id": "50546_right", "poi_name": "Chang Phueak Residence", "category_raw": "tourism=hotel", "category_std": "tourism_culture", "category_std_th": "ที่พัก การท่องเที่ยว และวัฒนธรรม", "category_sub": "tourism=hotel", "category_sub_th": "โรงแรม", "lat": 18.79911375538865, "lon": 98.988517558474115, "point_id": 50546, "side": "right", "pano_id": "-4BFeYLpUXEmytSfAgRvYw", "heading": 22.015, "poi_names": "Chang Phueak Residence", "categories": "tourism=hotel", "poi_count": 1 }, "geometry": { "type": "Point", "coordinates": [ 98.988517558474115, 18.79911375538865 ] } },
{ "type": "Feature", "properties": { "source": "sv", "poi_id": "50684_right", "poi_name": "Antheos Cafe", "category_raw": "amenity=cafe", "category_std": "food_beverage", "category_std_th": "อาหารและเครื่องดื่ม", "category_sub": "amenity=cafe", "category_sub_th": "ร้านกาแฟ", "lat": 18.801081577873919, "lon": 99.0098816460752, "point_id": 50684, "side": "right", "pano_id": "s_PMYSOzySlwONbfRx1NmQ", "heading": 244.128, "poi_names": "Antheos Cafe", "categories": "amenity=cafe", "poi_count": 1 }, "geometry": { "type": "Point", "coordinates": [ 99.0098816460752, 18.801081577873919 ] } },
{ "type": "Feature", "properties": { "source": "sv", "poi_id": "50864_right", "poi_name": "จัง ชาบู & หมูกะทะ", "category_raw": "amenity=restaurant", "category_std": "food_beverage", "category_std_th": "อาหารและเครื่องดื่ม", "category_sub": "amenity=restaurant", "category_sub_th": "ร้านอาหาร", "lat": 18.770440177333597, "lon": 98.977932846944555, "point_id": 50864, "side": "right", "pano_id": "WWaonkim6Sm4_XK1sQCsJA", "heading": 214.085, "poi_names": "จัง ชาบู & หมูกะทะ", "categories": "amenity=restaurant", "poi_count": 1 }, "geometry": { "type": "Point", "coordinates": [ 98.977932846944555, 18.770440177333597 ] } },
{ "type": "Feature", "properties": { "source": "sv", "poi_id": "51013_left", "poi_name": "asta clinic", "category_raw": "amenity=clinic", "category_std": "health", "category_std_th": "สุขภาพและการแพทย์", "category_sub": "amenity=clinic", "category_sub_th": "คลินิก", "lat": 18.766454337719448, "lon": 98.992072977036514, "point_id": 51013, "side": "left", "pano_id": "PCruZW6pWYgTmyoJDaYmmg", "heading": 359.382, "poi_names": "asta clinic", "categories": "amenity=clinic", "poi_count": 1 }, "geometry": { "type": "Point", "coordinates": [ 98.992072977036514, 18.766454337719448 ] } },
{ "type": "Feature", "properties": { "source": "sv", "poi_id": "51045_right", "poi_name": "Rartelplace Hotel", "category_raw": "tourism=hotel", "category_std": "tourism_culture", "category_std_th": "ที่พัก การท่องเที่ยว และวัฒนธรรม", "category_sub": "tourism=hotel", "category_sub_th": "โรงแรม", "lat": 18.768656007133437, "lon": 98.984869588238297, "point_id": 51045, "side": "right", "pano_id": "pacC8o1X59vOSvxqNq6nkw", "heading": 164.348, "poi_names": "Rartelplace Hotel", "categories": "tourism=hotel", "poi_count": 1 }, "geometry": { "type": "Point", "coordinates": [ 98.984869588238297, 18.768656007133437 ] } },
{ "type": "Feature", "properties": { "source": "sv", "poi_id": "51347_right", "poi_name": "Tesco Lotus", "category_raw": "shop=supermarket", "category_std": "retail_commerce", "category_std_th": "การค้าปลีกและร้านค้า", "category_sub": "shop=supermarket", "category_sub_th": "ซูเปอร์มาร์เก็ต", "lat": 18.807730306288121, "lon": 98.997201688522878, "point_id": 51347, "side": "right", "pano_id": "JGX7LjHeQKLYhb4QNK1Pfw", "heading": 1.624, "poi_names": "Tesco Lotus", "categories": "shop=supermarket", "poi_count": 1 }, "geometry": { "type": "Point", "coordinates": [ 98.997201688522878, 18.807730306288121 ] } },
{ "type": "Feature", "properties": { "source": "sv", "poi_id": "51840_left", "poi_name": "ร้านยา", "category_raw": "amenity=pharmacy", "category_std": "health", "category_std_th": "สุขภาพและการแพทย์", "category_sub": "amenity=pharmacy", "category_sub_th": "ร้านขายยา", "lat": 18.788921710910373, "lon": 98.973420730971398, "point_id": 51840, "side": "left", "pano_id": "OJdZuGYsFgl3qbGFNYPL3A", "heading": 181.975, "poi_names": "ร้านยา", "categories": "amenity=pharmacy", "poi_count": 1 }, "geometry": { "type": "Point", "coordinates": [ 98.973420730971398, 18.788921710910373 ] } },
{ "type": "Feature", "properties": { "source": "sv", "poi_id": "51848_left", "poi_name": "ฮ้างเลิศ ตำรับเจ้าเมือง", "category_raw": "amenity=restaurant", "category_std": "food_beverage", "category_std_th": "อาหารและเครื่องดื่ม", "category_sub": "amenity=restaurant", "category_sub_th": "ร้านอาหาร", "lat": 18.809699664897625, "lon": 98.995431781412321, "point_id": 51848, "side": "left", "pano_id": "zXNtIO1yW3NVauSLsjsSdA", "heading": 180.736, "poi_names": "ฮ้างเลิศ ตำรับเจ้าเมือง", "categories": "amenity=restaurant", "poi_count": 1 }, "geometry": { "type": "Point", "coordinates": [ 98.995431781412321, 18.809699664897625 ] } },
{ "type": "Feature", "properties": { "source": "sv", "poi_id": "51891_left", "poi_name": "beauty house", "category_raw": "shop=beauty", "category_std": "personal_service_repair", "category_std_th": "บริการส่วนบุคคลและงานซ่อม", "category_sub": "shop=beauty", "category_sub_th": "ร้านเสริมสวย", "lat": 18.799779350470608, "lon": 99.01933617678776, "point_id": 51891, "side": "left", "pano_id": "zmXMKsbvgY_IWzb3pXH97g", "heading": 161.451, "poi_names": "beauty house", "categories": "shop=beauty", "poi_count": 1 }, "geometry": { "type": "Point", "coordinates": [ 99.01933617678776, 18.799779350470608 ] } },
{ "type": "Feature", "properties": { "source": "sv", "poi_id": "52274_left", "poi_name": "mart", "category_raw": "shop=convenience", "category_std": "retail_commerce", "category_std_th": "การค้าปลีกและร้านค้า", "category_sub": "shop=convenience", "category_sub_th": "ร้านสะดวกซื้อ", "lat": 18.788847172178745, "lon": 98.971377149016803, "point_id": 52274, "side": "left", "pano_id": "AeexZ1EhoXyRvqtAGWFl5w", "heading": 269.475, "poi_names": "mart", "categories": "shop=convenience", "poi_count": 1 }, "geometry": { "type": "Point", "coordinates": [ 98.971377149016803, 18.788847172178745 ] } },
{ "type": "Feature", "properties": { "source": "sv", "poi_id": "52533_left", "poi_name": "มีสี่ โดนัท", "category_raw": "amenity=fast_food", "category_std": "food_beverage", "category_std_th": "อาหารและเครื่องดื่ม", "category_sub": "amenity=fast_food", "category_sub_th": "อาหารจานด่วน", "lat": 18.790538715741192, "lon": 98.961683243381714, "point_id": 52533, "side": "left", "pano_id": "Q3xckdvjvG7sO6vYYvzUYA", "heading": 202.799, "poi_names": "มีสี่ โดนัท", "categories": "amenity=fast_food", "poi_count": 1 }, "geometry": { "type": "Point", "coordinates": [ 98.961683243381714, 18.790538715741192 ] } },
{ "type": "Feature", "properties": { "source": "sv", "poi_id": "52563_right", "poi_name": "O Quik", "category_raw": "shop=yes", "category_std": "retail_commerce", "category_std_th": "การค้าปลีกและร้านค้า", "category_sub": "shop=yes", "category_sub_th": "ร้านค้าไม่ระบุประเภทย่อย", "lat": 18.834845520481498, "lon": 98.975179041630696, "point_id": 52563, "side": "right", "pano_id": "AA-TmWIS1NEuW3AKfM-7qg", "heading": 348.474, "poi_names": "O Quik", "categories": "shop=yes", "poi_count": 1 }, "geometry": { "type": "Point", "coordinates": [ 98.975179041630696, 18.834845520481498 ] } },
{ "type": "Feature", "properties": { "source": "sv", "poi_id": "52625_right", "poi_name": "สวนดอกบาร์เบอร์", "category_raw": "shop=hairdresser", "category_std": "personal_service_repair", "category_std_th": "บริการส่วนบุคคลและงานซ่อม", "category_sub": "shop=hairdresser", "category_sub_th": "ร้านทำผม", "lat": 18.789628400992385, "lon": 98.967407853640537, "point_id": 52625, "side": "right", "pano_id": "aaCFAA-8Pc-3h3oYVj0clw", "heading": 187.357, "poi_names": "สวนดอกบาร์เบอร์", "categories": "shop=hairdresser", "poi_count": 1 }, "geometry": { "type": "Point", "coordinates": [ 98.967407853640537, 18.789628400992385 ] } },
{ "type": "Feature", "properties": { "source": "sv", "poi_id": "52684_left", "poi_name": "อนันยาเภสัช", "category_raw": "amenity=pharmacy", "category_std": "health", "category_std_th": "สุขภาพและการแพทย์", "category_sub": "amenity=pharmacy", "category_sub_th": "ร้านขายยา", "lat": 18.775244052099708, "lon": 98.990211634005703, "point_id": 52684, "side": "left", "pano_id": "rzxhjDe9CRgM1x3r1RHqgw", "heading": 344.488, "poi_names": "อนันยาเภสัช", "categories": "amenity=pharmacy", "poi_count": 1 }, "geometry": { "type": "Point", "coordinates": [ 98.990211634005703, 18.775244052099708 ] } },
{ "type": "Feature", "properties": { "source": "sv", "poi_id": "52705_left", "poi_name": "โตโยต้า", "category_raw": "shop=car_repair", "category_std": "personal_service_repair", "category_std_th": "บริการส่วนบุคคลและงานซ่อม", "category_sub": "shop=car_repair", "category_sub_th": "อู่ซ่อมรถยนต์", "lat": 18.806108087175421, "lon": 98.971362273427616, "point_id": 52705, "side": "left", "pano_id": "2bdO7Y0QP730WQti56OOpg", "heading": 68.516, "poi_names": "โตโยต้า", "categories": "shop=car_repair", "poi_count": 1 }, "geometry": { "type": "Point", "coordinates": [ 98.971362273427616, 18.806108087175421 ] } },
{ "type": "Feature", "properties": { "source": "sv", "poi_id": "52714_right", "poi_name": "เชียงใหม่ กาเฟ", "category_raw": "amenity=cafe", "category_std": "food_beverage", "category_std_th": "อาหารและเครื่องดื่ม", "category_sub": "amenity=cafe", "category_sub_th": "ร้านกาแฟ", "lat": 18.80578904963885, "lon": 98.972435959322524, "point_id": 52714, "side": "right", "pano_id": "8u4NXlAbligYWzhXH18hQg", "heading": 143.851, "poi_names": "เชียงใหม่ กาเฟ", "categories": "amenity=cafe", "poi_count": 1 }, "geometry": { "type": "Point", "coordinates": [ 98.972435959322524, 18.80578904963885 ] } },
{ "type": "Feature", "properties": { "source": "sv", "poi_id": "52725_left", "poi_name": "ธนาคารกรุงไทย", "category_raw": "amenity=bank", "category_std": "finance_insurance", "category_std_th": "การเงินและประกันภัย", "category_sub": "amenity=bank", "category_sub_th": "ธนาคาร", "lat": 18.78808673645214, "lon": 98.999869382265985, "point_id": 52725, "side": "left", "pano_id": "ZTmVbZKYUKft2ZxhsSeEfA", "heading": 188.865, "poi_names": "ธนาคารกรุงไทย", "categories": "amenity=bank", "poi_count": 1 }, "geometry": { "type": "Point", "coordinates": [ 98.999869382265985, 18.78808673645214 ] } },
{ "type": "Feature", "properties": { "source": "sv", "poi_id": "52808_right", "poi_name": "เล้างอัดฉีด", "category_raw": "shop=car_repair", "category_std": "personal_service_repair", "category_std_th": "บริการส่วนบุคคลและงานซ่อม", "category_sub": "shop=car_repair", "category_sub_th": "อู่ซ่อมรถยนต์", "lat": 18.772378761822161, "lon": 98.999587004512904, "point_id": 52808, "side": "right", "pano_id": "dKnkJirbBTCOhF5KvLQasA", "heading": 249.771, "poi_names": "เล้างอัดฉีด", "categories": "shop=car_repair", "poi_count": 1 }, "geometry": { "type": "Point", "coordinates": [ 98.999587004512904, 18.772378761822161 ] } },
{ "type": "Feature", "properties": { "source": "sv", "poi_id": "52831_right", "poi_name": "ภูริเคช แมนชัน", "category_raw": "tourism=hotel", "category_std": "tourism_culture", "category_std_th": "ที่พัก การท่องเที่ยว และวัฒนธรรม", "category_sub": "tourism=hotel", "category_sub_th": "โรงแรม", "lat": 18.803930657388356, "lon": 98.98924599503296, "point_id": 52831, "side": "right", "pano_id": "yvFNZZvZ4j6cwC8fFk1urg", "heading": 180.003, "poi_names": "ภูริเคช แมนชัน", "categories": "tourism=hotel", "poi_count": 1 }, "geometry": { "type": "Point", "coordinates": [ 98.98924599503296, 18.803930657388356 ] } },
{ "type": "Feature", "properties": { "source": "sv", "poi_id": "52952_left", "poi_name": "น้ำจิ้มหมูกระทะ", "category_raw": "amenity=restaurant", "category_std": "food_beverage", "category_std_th": "อาหารและเครื่องดื่ม", "category_sub": "amenity=restaurant", "category_sub_th": "ร้านอาหาร", "lat": 18.779401354889835, "lon": 98.984612715009362, "point_id": 52952, "side": "left", "pano_id": "l40EWfk5HsVsGXOxrB2p2Q", "heading": 293.038, "poi_names": "น้ำจิ้มหมูกระทะ", "categories": "amenity=restaurant", "poi_count": 1 }, "geometry": { "type": "Point", "coordinates": [ 98.984612715009362, 18.779401354889835 ] } },
{ "type": "Feature", "properties": { "source": "sv", "poi_id": "52974_left", "poi_name": "ออนา", "category_raw": "shop=yes", "category_std": "retail_commerce", "category_std_th": "การค้าปลีกและร้านค้า", "category_sub": "shop=yes", "category_sub_th": "ร้านค้าไม่ระบุประเภทย่อย", "lat": 18.775417383992199, "lon": 98.980616992580778, "point_id": 52974, "side": "left", "pano_id": "XnVeAunFI_hcHUsoH0zXvw", "heading": 187.273, "poi_names": "ออนา", "categories": "shop=yes", "poi_count": 1 }, "geometry": { "type": "Point", "coordinates": [ 98.980616992580778, 18.775417383992199 ] } },
{ "type": "Feature", "properties": { "source": "sv", "poi_id": "53072_left", "poi_name": "โรงแรมวี3", "category_raw": "tourism=hotel", "category_std": "tourism_culture", "category_std_th": "ที่พัก การท่องเที่ยว และวัฒนธรรม", "category_sub": "tourism=hotel", "category_sub_th": "โรงแรม", "lat": 18.79790527933659, "lon": 98.999684674372062, "point_id": 53072, "side": "left", "pano_id": "phtQhSSJHksFVJsd02df7A", "heading": 219.49, "poi_names": "โรงแรมวี3", "categories": "tourism=hotel", "poi_count": 1 }, "geometry": { "type": "Point", "coordinates": [ 98.999684674372062, 18.79790527933659 ] } },
{ "type": "Feature", "properties": { "source": "sv", "poi_id": "53119_left", "poi_name": "สวนเอเดน", "category_raw": "shop=yes", "category_std": "retail_commerce", "category_std_th": "การค้าปลีกและร้านค้า", "category_sub": "shop=yes", "category_sub_th": "ร้านค้าไม่ระบุประเภทย่อย", "lat": 18.783361813322543, "lon": 99.020941574091594, "point_id": 53119, "side": "left", "pano_id": "2M_YMIZbn-XM0vGIjALMeQ", "heading": 176.631, "poi_names": "สวนเอเดน", "categories": "shop=yes", "poi_count": 1 }, "geometry": { "type": "Point", "coordinates": [ 99.020941574091594, 18.783361813322543 ] } },
{ "type": "Feature", "properties": { "source": "sv", "poi_id": "53133_right", "poi_name": "บียอนด์คลินิก", "category_raw": "amenity=clinic", "category_std": "health", "category_std_th": "สุขภาพและการแพทย์", "category_sub": "amenity=clinic", "category_sub_th": "คลินิก", "lat": 18.76580382852902, "lon": 98.991877620527902, "point_id": 53133, "side": "right", "pano_id": "tWUROZEhfwTApanmAcqHHQ", "heading": 93.917, "poi_names": "บียอนด์คลินิก", "categories": "amenity=clinic", "poi_count": 1 }, "geometry": { "type": "Point", "coordinates": [ 98.991877620527902, 18.76580382852902 ] } },
{ "type": "Feature", "properties": { "source": "sv", "poi_id": "53136_left", "poi_name": "คลินิกเวชกรรม", "category_raw": "amenity=clinic", "category_std": "health", "category_std_th": "สุขภาพและการแพทย์", "category_sub": "amenity=clinic", "category_sub_th": "คลินิก", "lat": 18.76590167594739, "lon": 98.992035609478478, "point_id": 53136, "side": "left", "pano_id": "LeVYEVIBOQ_P4HdKEjRNJw", "heading": 94.014, "poi_names": "คลินิกเวชกรรม", "categories": "amenity=clinic", "poi_count": 1 }, "geometry": { "type": "Point", "coordinates": [ 98.992035609478478, 18.76590167594739 ] } },
{ "type": "Feature", "properties": { "source": "sv", "poi_id": "53270_right", "poi_name": "Caltex", "category_raw": "shop=yes", "category_std": "retail_commerce", "category_std_th": "การค้าปลีกและร้านค้า", "category_sub": "shop=yes", "category_sub_th": "ร้านค้าไม่ระบุประเภทย่อย", "lat": 18.759729255892196, "lon": 99.014464290761524, "point_id": 53270, "side": "right", "pano_id": "W9NxiptdqhqcQUGSUpnpSQ", "heading": 79.634, "poi_names": "Caltex", "categories": "shop=yes", "poi_count": 1 }, "geometry": { "type": "Point", "coordinates": [ 99.014464290761524, 18.759729255892196 ] } },
{ "type": "Feature", "properties": { "source": "sv", "poi_id": "53299_left", "poi_name": "Aekkast L.P.", "category_raw": "office=company", "category_std": "office_professional", "category_std_th": "สำนักงานและบริการวิชาชีพ", "category_sub": "office=company", "category_sub_th": "บริษัท", "lat": 18.807436300938608, "lon": 98.948429364144715, "point_id": 53299, "side": "left", "pano_id": "CAoSFkNJSE0wb2dLRUlDQWdJRHE3ZExQUXc.", "heading": 8.709, "poi_names": "Aekkast L.P.", "categories": "office=company", "poi_count": 1 }, "geometry": { "type": "Point", "coordinates": [ 98.948429364144715, 18.807436300938608 ] } },
{ "type": "Feature", "properties": { "source": "sv", "poi_id": "53299_right", "poi_name": "Daekkasit L.P.", "category_raw": "office=company", "category_std": "office_professional", "category_std_th": "สำนักงานและบริการวิชาชีพ", "category_sub": "office=company", "category_sub_th": "บริษัท", "lat": 18.807257699059441, "lon": 98.948400635870442, "point_id": 53299, "side": "right", "pano_id": "CAoSFkNJSE0wb2dLRUlDQWdJRHE3ZExQUXc.", "heading": 188.709, "poi_names": "Daekkasit L.P.", "categories": "office=company", "poi_count": 1 }, "geometry": { "type": "Point", "coordinates": [ 98.948400635870442, 18.807257699059441 ] } },
{ "type": "Feature", "properties": { "source": "sv", "poi_id": "53301_left", "poi_name": "กงไม้แดง", "category_raw": "shop=yes", "category_std": "retail_commerce", "category_std_th": "การค้าปลีกและร้านค้า", "category_sub": "shop=yes", "category_sub_th": "ร้านค้าไม่ระบุประเภทย่อย", "lat": 18.763494174977811, "lon": 99.00554476843692, "point_id": 53301, "side": "left", "pano_id": "LPgq3M32VN4FuM_FCvQ54A", "heading": 302.225, "poi_names": "กงไม้แดง", "categories": "shop=yes", "poi_count": 1 }, "geometry": { "type": "Point", "coordinates": [ 99.00554476843692, 18.763494174977811 ] } },
{ "type": "Feature", "properties": { "source": "sv", "poi_id": "53307_right", "poi_name": "laundr | cafe", "category_raw": "shop=yes, amenity=cafe", "category_std": "retail_commerce; food_beverage", "category_std_th": "การค้าปลีกและร้านค้า; อาหารและเครื่องดื่ม", "category_sub": "shop=yes, amenity=cafe", "category_sub_th": "ร้านค้าไม่ระบุประเภทย่อย; ร้านกาแฟ", "lat": 18.783983785703519, "lon": 98.990574807139282, "point_id": 53307, "side": "right", "pano_id": "WS_gMgmPrJVJj0QClqXh6A", "heading": 88.233, "poi_names": "laundr | cafe", "categories": "shop=yes, amenity=cafe", "poi_count": 2 }, "geometry": { "type": "Point", "coordinates": [ 98.990574807139282, 18.783983785703519 ] } },
{ "type": "Feature", "properties": { "source": "sv", "poi_id": "53328_right", "poi_name": "วัดพันอ้น", "category_raw": "amenity=place_of_worship", "category_std": "education_religion", "category_std_th": "การศึกษาและศาสนา", "category_sub": "amenity=place_of_worship", "category_sub_th": "ศาสนสถาน", "lat": 18.78782891378652, "lon": 98.991075856572238, "point_id": 53328, "side": "right", "pano_id": "Gbo0XnzOJGUuNJW9jxrP5Q", "heading": 184.319, "poi_names": "วัดพันอ้น", "categories": "amenity=place_of_worship", "poi_count": 1 }, "geometry": { "type": "Point", "coordinates": [ 98.991075856572238, 18.78782891378652 ] } },
{ "type": "Feature", "properties": { "source": "sv", "poi_id": "53340_right", "poi_name": "ธาราทองการพิมพ์", "category_raw": "office=company", "category_std": "office_professional", "category_std_th": "สำนักงานและบริการวิชาชีพ", "category_sub": "office=company", "category_sub_th": "บริษัท", "lat": 18.787707912007239, "lon": 98.992762881339885, "point_id": 53340, "side": "right", "pano_id": "akQj_Ibpmo1P2dr1ageTaA", "heading": 184.304, "poi_names": "ธาราทองการพิมพ์", "categories": "office=company", "poi_count": 1 }, "geometry": { "type": "Point", "coordinates": [ 98.992762881339885, 18.787707912007239 ] } },
{ "type": "Feature", "properties": { "source": "sv", "poi_id": "53341_right", "poi_name": "Thapae Lort", "category_raw": "amenity=restaurant", "category_std": "food_beverage", "category_std_th": "อาหารและเครื่องดื่ม", "category_sub": "amenity=restaurant", "category_sub_th": "ร้านอาหาร", "lat": 18.786622208452219, "lon": 98.990443750746721, "point_id": 53341, "side": "right", "pano_id": "btvanyb0q2ZYxg4pEXqCoA", "heading": 87.33, "poi_names": "Thapae Lort", "categories": "amenity=restaurant", "poi_count": 1 }, "geometry": { "type": "Point", "coordinates": [ 98.990443750746721, 18.786622208452219 ] } },
{ "type": "Feature", "properties": { "source": "sv", "poi_id": "53344_left", "poi_name": "nails & brows", "category_raw": "shop=beauty", "category_std": "personal_service_repair", "category_std_th": "บริการส่วนบุคคลและงานซ่อม", "category_sub": "shop=beauty", "category_sub_th": "ร้านเสริมสวย", "lat": 18.787014971065755, "lon": 98.990235240429598, "point_id": 53344, "side": "left", "pano_id": "OnmpMks8MiBCLts5AyjYqw", "heading": 267.444, "poi_names": "nails & brows", "categories": "shop=beauty", "poi_count": 1 }, "geometry": { "type": "Point", "coordinates": [ 98.990235240429598, 18.787014971065755 ] } },
{ "type": "Feature", "properties": { "source": "sv", "poi_id": "53535_left", "poi_name": "one nimman", "category_raw": "tourism=attraction", "category_std": "tourism_culture", "category_std_th": "ที่พัก การท่องเที่ยว และวัฒนธรรม", "category_sub": "tourism=attraction", "category_sub_th": "แหล่งท่องเที่ยว", "lat": 18.800296871872689, "lon": 98.969281279870756, "point_id": 53535, "side": "left", "pano_id": "ueTwZL3Zh1GyJhIE0FJnkw", "heading": 122.19, "poi_names": "one nimman", "categories": "tourism=attraction", "poi_count": 1 }, "geometry": { "type": "Point", "coordinates": [ 98.969281279870756, 18.800296871872689 ] } },
{ "type": "Feature", "properties": { "source": "sv", "poi_id": "53568_left", "poi_name": "Rabarbar", "category_raw": "amenity=bar", "category_std": "food_beverage", "category_std_th": "อาหารและเครื่องดื่ม", "category_sub": "amenity=bar", "category_sub_th": "บาร์", "lat": 18.784167992393808, "lon": 98.998863346084676, "point_id": 53568, "side": "left", "pano_id": "TAUj0h9fhOluPSY-baRMqw", "heading": 5.048, "poi_names": "Rabarbar", "categories": "amenity=bar", "poi_count": 1 }, "geometry": { "type": "Point", "coordinates": [ 98.998863346084676, 18.784167992393808 ] } },
{ "type": "Feature", "properties": { "source": "sv", "poi_id": "53569_left", "poi_name": "KPD Service", "category_raw": "shop=car_repair", "category_std": "personal_service_repair", "category_std_th": "บริการส่วนบุคคลและงานซ่อม", "category_sub": "shop=car_repair", "category_sub_th": "อู่ซ่อมรถยนต์", "lat": 18.784151992393969, "lon": 98.9990523460839, "point_id": 53569, "side": "left", "pano_id": "k2qpKW8aOQmxNkLVB-T2zQ", "heading": 5.048, "poi_names": "KPD Service", "categories": "shop=car_repair", "poi_count": 1 }, "geometry": { "type": "Point", "coordinates": [ 98.9990523460839, 18.784151992393969 ] } },
{ "type": "Feature", "properties": { "source": "sv", "poi_id": "53575_left", "poi_name": "ร้านยาสามพี่น้อง", "category_raw": "amenity=pharmacy", "category_std": "health", "category_std_th": "สุขภาพและการแพทย์", "category_sub": "amenity=pharmacy", "category_sub_th": "ร้านขายยา", "lat": 18.781017826445268, "lon": 98.987772196291559, "point_id": 53575, "side": "left", "pano_id": "nuztO7M2R2DfxcdXWbQu4g", "heading": 183.508, "poi_names": "ร้านยาสามพี่น้อง", "categories": "amenity=pharmacy", "poi_count": 1 }, "geometry": { "type": "Point", "coordinates": [ 98.987772196291559, 18.781017826445268 ] } },
{ "type": "Feature", "properties": { "source": "sv", "poi_id": "53579_right", "poi_name": "มิตซูบิชิ", "category_raw": "shop=yes", "category_std": "retail_commerce", "category_std_th": "การค้าปลีกและร้านค้า", "category_sub": "shop=yes", "category_sub_th": "ร้านค้าไม่ระบุประเภทย่อย", "lat": 18.784814253393719, "lon": 98.988354096142999, "point_id": 53579, "side": "right", "pano_id": "aOVCv1wiiXHDpTNJA5abDQ", "heading": 261.889, "poi_names": "มิตซูบิชิ", "categories": "shop=yes", "poi_count": 1 }, "geometry": { "type": "Point", "coordinates": [ 98.988354096142999, 18.784814253393719 ] } },
{ "type": "Feature", "properties": { "source": "sv", "poi_id": "53593_left", "poi_name": "กรีนเทา", "category_raw": "shop=yes", "category_std": "retail_commerce", "category_std_th": "การค้าปลีกและร้านค้า", "category_sub": "shop=yes", "category_sub_th": "ร้านค้าไม่ระบุประเภทย่อย", "lat": 18.78301090420333, "lon": 98.988817879121044, "point_id": 53593, "side": "left", "pano_id": "bYoPsSUQzVlX7_hBOQztFw", "heading": 81.788, "poi_names": "กรีนเทา", "categories": "shop=yes", "poi_count": 1 }, "geometry": { "type": "Point", "coordinates": [ 98.988817879121044, 18.78301090420333 ] } },
{ "type": "Feature", "properties": { "source": "sv", "poi_id": "53599_left", "poi_name": "ข้าวราดแกงชาววัง", "category_raw": "amenity=restaurant", "category_std": "food_beverage", "category_std_th": "อาหารและเครื่องดื่ม", "category_sub": "amenity=restaurant", "category_sub_th": "ร้านอาหาร", "lat": 18.782305869869891, "lon": 98.988924883925762, "point_id": 53599, "side": "left", "pano_id": "lofWfJCX9054PcIpyW0fUA", "heading": 81.81, "poi_names": "ข้าวราดแกงชาววัง", "categories": "amenity=restaurant", "poi_count": 1 }, "geometry": { "type": "Point", "coordinates": [ 98.988924883925762, 18.782305869869891 ] } },
{ "type": "Feature", "properties": { "source": "sv", "poi_id": "53601_left", "poi_name": "ซุปกระดูกแม่ | ธนทรัพย์การสุรา", "category_raw": "amenity=restaurant, shop=yes", "category_std": "food_beverage; retail_commerce", "category_std_th": "อาหารและเครื่องดื่ม; การค้าปลีกและร้านค้า", "category_sub": "amenity=restaurant, shop=yes", "category_sub_th": "ร้านอาหาร; ร้านค้าไม่ระบุประเภทย่อย", "lat": 18.781957901083555, "lon": 98.988977879010633, "point_id": 53601, "side": "left", "pano_id": "OX1HgIjGduc681LSLwB2wg", "heading": 81.79, "poi_names": "ซุปกระดูกแม่ | ธนทรัพย์การสุรา", "categories": "amenity=restaurant, shop=yes", "poi_count": 2 }, "geometry": { "type": "Point", "coordinates": [ 98.988977879010633, 18.781957901083555 ] } },
{ "type": "Feature", "properties": { "source": "sv", "poi_id": "53601_right", "poi_name": "ร้านหมูอบามัย", "category_raw": "amenity=restaurant", "category_std": "food_beverage", "category_std_th": "อาหารและเครื่องดื่ม", "category_sub": "amenity=restaurant", "category_sub_th": "ร้านอาหาร", "lat": 18.781932098869262, "lon": 98.988790121003646, "point_id": 53601, "side": "right", "pano_id": "OX1HgIjGduc681LSLwB2wg", "heading": 261.79, "poi_names": "ร้านหมูอบามัย", "categories": "amenity=restaurant", "poi_count": 1 }, "geometry": { "type": "Point", "coordinates": [ 98.988790121003646, 18.781932098869262 ] } },
{ "type": "Feature", "properties": { "source": "sv", "poi_id": "53608_right", "poi_name": "ilx cafe", "category_raw": "amenity=cafe", "category_std": "food_beverage", "category_std_th": "อาหารและเครื่องดื่ม", "category_sub": "amenity=cafe", "category_sub_th": "ร้านกาแฟ", "lat": 18.787998183100758, "lon": 98.989048780464159, "point_id": 53608, "side": "right", "pano_id": "VxYkOjnaeTWvWwwAIxICYw", "heading": 186.185, "poi_names": "ilx cafe", "categories": "amenity=cafe", "poi_count": 1 }, "geometry": { "type": "Point", "coordinates": [ 98.989048780464159, 18.787998183100758 ] } },
{ "type": "Feature", "properties": { "source": "sv", "poi_id": "53613_right", "poi_name": "SM Travel", "category_raw": "office=company", "category_std": "office_professional", "category_std_th": "สำนักงานและบริการวิชาชีพ", "category_sub": "office=company", "category_sub_th": "บริษัท", "lat": 18.787918912838293, "lon": 98.989808869775075, "point_id": 53613, "side": "right", "pano_id": "SSRDNiQUs0RfUY6A0TghJQ", "heading": 184.311, "poi_names": "SM Travel", "categories": "office=company", "poi_count": 1 }, "geometry": { "type": "Point", "coordinates": [ 98.989808869775075, 18.787918912838293 ] } },
{ "type": "Feature", "properties": { "source": "sv", "poi_id": "53641_right", "poi_name": "Conus House", "category_raw": "tourism=guest_house", "category_std": "tourism_culture", "category_std_th": "ที่พัก การท่องเที่ยว และวัฒนธรรม", "category_sub": "tourism=guest_house", "category_sub_th": "เกสต์เฮาส์", "lat": 18.790689551539103, "lon": 98.987731178845522, "point_id": 53641, "side": "right", "pano_id": "zqwitqOunKKJePC1huiSfQ", "heading": 268.447, "poi_names": "Conus House", "categories": "tourism=guest_house", "poi_count": 1 }, "geometry": { "type": "Point", "coordinates": [ 98.987731178845522, 18.790689551539103 ] } },
{ "type": "Feature", "properties": { "source": "sv", "poi_id": "53650_left", "poi_name": "Cafe Amazon", "category_raw": "amenity=cafe", "category_std": "food_beverage", "category_std_th": "อาหารและเครื่องดื่ม", "category_sub": "amenity=cafe", "category_sub_th": "ร้านกาแฟ", "lat": 18.789671208450851, "lon": 98.987943752451756, "point_id": 53650, "side": "left", "pano_id": "mwJkrCBVyGIDBB24NIksog", "heading": 87.33, "poi_names": "Cafe Amazon", "categories": "amenity=cafe", "poi_count": 1 }, "geometry": { "type": "Point", "coordinates": [ 98.987943752451756, 18.789671208450851 ] } },
{ "type": "Feature", "properties": { "source": "sv", "poi_id": "53658_left", "poi_name": "Herb Basics", "category_raw": "shop=beauty", "category_std": "personal_service_repair", "category_std_th": "บริการส่วนบุคคลและงานซ่อม", "category_sub": "shop=beauty", "category_sub_th": "ร้านเสริมสวย", "lat": 18.788458496547744, "lon": 98.988051083581325, "point_id": 53658, "side": "left", "pano_id": "aPMwV2nBXXOf-OiWAm5wRA", "heading": 82.689, "poi_names": "Herb Basics", "categories": "shop=beauty", "poi_count": 1 }, "geometry": { "type": "Point", "coordinates": [ 98.988051083581325, 18.788458496547744 ] } },
{ "type": "Feature", "properties": { "source": "sv", "poi_id": "53681_left", "poi_name": "Police Station", "category_raw": "office=government", "category_std": "office_professional", "category_std_th": "สำนักงานและบริการวิชาชีพ", "category_sub": "office=government", "category_sub_th": "หน่วยงานราชการ", "lat": 18.800718322639501, "lon": 98.986483181184795, "point_id": 53681, "side": "left", "pano_id": "ok9HqtxTvuW5jYZMzyJRUw", "heading": 19.19, "poi_names": "Police Station", "categories": "office=government", "poi_count": 1 }, "geometry": { "type": "Point", "coordinates": [ 98.986483181184795, 18.800718322639501 ] } },
{ "type": "Feature", "properties": { "source": "sv", "poi_id": "53808_left", "poi_name": "exchange", "category_raw": "amenity=bank", "category_std": "finance_insurance", "category_std_th": "การเงินและประกันภัย", "category_sub": "amenity=bank", "category_sub_th": "ธนาคาร", "lat": 18.788551087156211, "lon": 98.983523130251527, "point_id": 53808, "side": "left", "pano_id": "12PhMbK4907ijKaBO75SIw", "heading": 4.311, "poi_names": "exchange", "categories": "amenity=bank", "poi_count": 1 }, "geometry": { "type": "Point", "coordinates": [ 98.983523130251527, 18.788551087156211 ] } },
{ "type": "Feature", "properties": { "source": "sv", "poi_id": "53828_right", "poi_name": "หานเมา", "category_raw": "amenity=restaurant", "category_std": "food_beverage", "category_std_th": "อาหารและเครื่องดื่ม", "category_sub": "amenity=restaurant", "category_sub_th": "ร้านอาหาร", "lat": 18.789549211841418, "lon": 98.985815550810557, "point_id": 53828, "side": "right", "pano_id": "RYYCbnSqC-X1j04pTdEjZA", "heading": 109.252, "poi_names": "หานเมา", "categories": "amenity=restaurant", "poi_count": 1 }, "geometry": { "type": "Point", "coordinates": [ 98.985815550810557, 18.789549211841418 ] } },
{ "type": "Feature", "properties": { "source": "sv", "poi_id": "53891_left", "poi_name": "Hills Tolfana", "category_raw": "tourism=hotel", "category_std": "tourism_culture", "category_std_th": "ที่พัก การท่องเที่ยว และวัฒนธรรม", "category_sub": "tourism=hotel", "category_sub_th": "โรงแรม", "lat": 18.796836766327967, "lon": 98.966201552291324, "point_id": 53891, "side": "left", "pano_id": "t3B6ZeU5YTGTLLwYwKtoBw", "heading": 199.361, "poi_names": "Hills Tolfana", "categories": "tourism=hotel", "poi_count": 1 }, "geometry": { "type": "Point", "coordinates": [ 98.966201552291324, 18.796836766327967 ] } },
{ "type": "Feature", "properties": { "source": "sv", "poi_id": "53937_left", "poi_name": "Pulse Clinic", "category_raw": "amenity=clinic", "category_std": "health", "category_std_th": "สุขภาพและการแพทย์", "category_sub": "amenity=clinic", "category_sub_th": "คลินิก", "lat": 18.79636809301693, "lon": 98.965918935943279, "point_id": 53937, "side": "left", "pano_id": "7E0qydD9_VUZHBWyZqk05Q", "heading": 290.131, "poi_names": "Pulse Clinic", "categories": "amenity=clinic", "poi_count": 1 }, "geometry": { "type": "Point", "coordinates": [ 98.965918935943279, 18.79636809301693 ] } },
{ "type": "Feature", "properties": { "source": "sv", "poi_id": "53943_left", "poi_name": "n spa", "category_raw": "shop=massage", "category_std": "personal_service_repair", "category_std_th": "บริการส่วนบุคคลและงานซ่อม", "category_sub": "shop=massage", "category_sub_th": "ร้านนวด", "lat": 18.79601907673257, "lon": 98.965787929860625, "point_id": 53943, "side": "left", "pano_id": "XjTRaTVVA4lF5dpYTL5IWg", "heading": 290.12, "poi_names": "n spa", "categories": "shop=massage", "poi_count": 1 }, "geometry": { "type": "Point", "coordinates": [ 98.965787929860625, 18.79601907673257 ] } },
{ "type": "Feature", "properties": { "source": "sv", "poi_id": "54018_left", "poi_name": "ทานฟีชนม", "category_raw": "amenity=cafe", "category_std": "food_beverage", "category_std_th": "อาหารและเครื่องดื่ม", "category_sub": "amenity=cafe", "category_sub_th": "ร้านกาแฟ", "lat": 18.792411746478969, "lon": 98.994951685170804, "point_id": 54018, "side": "left", "pano_id": "aiFfprItWXo2pQzE7N2nWw", "heading": 171.094, "poi_names": "ทานฟีชนม", "categories": "amenity=cafe", "poi_count": 1 }, "geometry": { "type": "Point", "coordinates": [ 98.994951685170804, 18.792411746478969 ] } },
{ "type": "Feature", "properties": { "source": "sv", "poi_id": "54100_left", "poi_name": "ปฏิปัสิการยานยน", "category_raw": "shop=motorcycle_repair", "category_std": "personal_service_repair", "category_std_th": "บริการส่วนบุคคลและงานซ่อม", "category_sub": "shop=motorcycle_repair", "category_sub_th": "ร้านซ่อมรถจักรยานยนต์", "lat": 18.808888880494148, "lon": 99.009211141091001, "point_id": 54100, "side": "left", "pano_id": "yKStDIoB1EDsgv2VCmM_1w", "heading": 269.29, "poi_names": "ปฏิปัสิการยานยน", "categories": "shop=motorcycle_repair", "poi_count": 1 }, "geometry": { "type": "Point", "coordinates": [ 99.009211141091001, 18.808888880494148 ] } },
{ "type": "Feature", "properties": { "source": "sv", "poi_id": "54104_left", "poi_name": "drug", "category_raw": "amenity=pharmacy", "category_std": "health", "category_std_th": "สุขภาพและการแพทย์", "category_sub": "amenity=pharmacy", "category_sub_th": "ร้านขายยา", "lat": 18.782592403752457, "lon": 99.001642261290755, "point_id": 54104, "side": "left", "pano_id": "X8b4VC1-3YNU7q3sw5-DmQ", "heading": 272.794, "poi_names": "drug", "categories": "amenity=pharmacy", "poi_count": 1 }, "geometry": { "type": "Point", "coordinates": [ 99.001642261290755, 18.782592403752457 ] } },
{ "type": "Feature", "properties": { "source": "sv", "poi_id": "54124_right", "poi_name": "Prime Square", "category_raw": "shop=yes", "category_std": "retail_commerce", "category_std_th": "การค้าปลีกและร้านค้า", "category_sub": "shop=yes", "category_sub_th": "ร้านค้าไม่ระบุประเภทย่อย", "lat": 18.804114609199445, "lon": 98.969577024678102, "point_id": 54124, "side": "right", "pano_id": "1KFZF8GB6DG7BWHvwsd9wg", "heading": 199.058, "poi_names": "Prime Square", "categories": "shop=yes", "poi_count": 1 }, "geometry": { "type": "Point", "coordinates": [ 98.969577024678102, 18.804114609199445 ] } },
{ "type": "Feature", "properties": { "source": "sv", "poi_id": "54175_right", "poi_name": "โรงพยาบาลสัตว์เล็ก", "category_raw": "amenity=veterinary", "category_std": "health", "category_std_th": "สุขภาพและการแพทย์", "category_sub": "amenity=veterinary", "category_sub_th": "คลินิกสัตวแพทย์", "lat": 18.796329088551538, "lon": 98.961256781536363, "point_id": 54175, "side": "right", "pano_id": "pd1jvb5dRObop_ZbKeLCZg", "heading": 252.004, "poi_names": "โรงพยาบาลสัตว์เล็ก", "categories": "amenity=veterinary", "poi_count": 1 }, "geometry": { "type": "Point", "coordinates": [ 98.961256781536363, 18.796329088551538 ] } },
{ "type": "Feature", "properties": { "source": "sv", "poi_id": "54240_right", "poi_name": "ศูนย์เลเซอร์ โบท็อกซ์ ฟิลเลอร์ ร้อยไหม", "category_raw": "amenity=clinic", "category_std": "health", "category_std_th": "สุขภาพและการแพทย์", "category_sub": "amenity=clinic", "category_sub_th": "คลินิก", "lat": 18.800426017026432, "lon": 99.018913128436765, "point_id": 54240, "side": "right", "pano_id": "NtDcr4uea_7FAhXL2rM88g", "heading": 338.432, "poi_names": "ศูนย์เลเซอร์ โบท็อกซ์ ฟิลเลอร์ ร้อยไหม", "categories": "amenity=clinic", "poi_count": 1 }, "geometry": { "type": "Point", "coordinates": [ 99.018913128436765, 18.800426017026432 ] } },
{ "type": "Feature", "properties": { "source": "sv", "poi_id": "54253_left", "poi_name": "จินตคณิต อัจฉริยะรุ่นจิ๋ว", "category_raw": "amenity=school", "category_std": "education_religion", "category_std_th": "การศึกษาและศาสนา", "category_sub": "amenity=school", "category_sub_th": "โรงเรียน", "lat": 18.799768280099027, "lon": 99.018372178193999, "point_id": 54253, "side": "left", "pano_id": "X2tMQKITFg-mS1dlSBLlPw", "heading": 249.445, "poi_names": "จินตคณิต อัจฉริยะรุ่นจิ๋ว", "categories": "amenity=school", "poi_count": 1 }, "geometry": { "type": "Point", "coordinates": [ 99.018372178193999, 18.799768280099027 ] } },
{ "type": "Feature", "properties": { "source": "sv", "poi_id": "54254_left", "poi_name": "Medic Clinic", "category_raw": "amenity=clinic", "category_std": "health", "category_std_th": "สุขภาพและการแพทย์", "category_sub": "amenity=clinic", "category_sub_th": "คลินิก", "lat": 18.799937280099599, "lon": 99.018305178105365, "point_id": 54254, "side": "left", "pano_id": "LgmByctpeBM4GCP5R6u-Fw", "heading": 249.445, "poi_names": "Medic Clinic", "categories": "amenity=clinic", "poi_count": 1 }, "geometry": { "type": "Point", "coordinates": [ 99.018305178105365, 18.799937280099599 ] } },
{ "type": "Feature", "properties": { "source": "sv", "poi_id": "54334_left", "poi_name": "The Lost Bookshop", "category_raw": "shop=yes", "category_std": "retail_commerce", "category_std_th": "การค้าปลีกและร้านค้า", "category_sub": "shop=yes", "category_sub_th": "ร้านค้าไม่ระบุประเภทย่อย", "lat": 18.785317546257264, "lon": 98.992011567886976, "point_id": 54334, "side": "left", "pano_id": "7AmUnM3w5lucPoxL84r5Aw", "heading": 7.614, "poi_names": "The Lost Bookshop", "categories": "shop=yes", "poi_count": 1 }, "geometry": { "type": "Point", "coordinates": [ 98.992011567886976, 18.785317546257264 ] } },
{ "type": "Feature", "properties": { "source": "sv", "poi_id": "54338_right", "poi_name": "Tailored Suit", "category_raw": "shop=clothes", "category_std": "retail_commerce", "category_std_th": "การค้าปลีกและร้านค้า", "category_sub": "shop=clothes", "category_sub_th": "ร้านเสื้อผ้า", "lat": 18.78506024960209, "lon": 98.992651155444577, "point_id": 54338, "side": "right", "pano_id": "lUmLjdqyTfXO40KBOBI3ug", "heading": 186.565, "poi_names": "Tailored Suit", "categories": "shop=clothes", "poi_count": 1 }, "geometry": { "type": "Point", "coordinates": [ 98.992651155444577, 18.78506024960209 ] } },
{ "type": "Feature", "properties": { "source": "sv", "poi_id": "54381_right", "poi_name": "วนวา", "category_raw": "shop=yes", "category_std": "retail_commerce", "category_std_th": "การค้าปลีกและร้านค้า", "category_sub": "shop=yes", "category_sub_th": "ร้านค้าไม่ระบุประเภทย่อย", "lat": 18.782640296338329, "lon": 99.000410013624204, "point_id": 54381, "side": "right", "pano_id": "qbDNoIZuWJo_vHV2wVbDRA", "heading": 190.931, "poi_names": "วนวา", "categories": "shop=yes", "poi_count": 1 }, "geometry": { "type": "Point", "coordinates": [ 99.000410013624204, 18.782640296338329 ] } },
{ "type": "Feature", "properties": { "source": "sv", "poi_id": "54387_left", "poi_name": "วิทยาลัยเชียงใหม่", "category_raw": "amenity=university", "category_std": "education_religion", "category_std_th": "การศึกษาและศาสนา", "category_sub": "amenity=university", "category_sub_th": "มหาวิทยาลัย", "lat": 18.803844251603401, "lon": 98.955482408739044, "point_id": 54387, "side": "left", "pano_id": "VRHl4p0TneUxpfNvg3xgUA", "heading": 29.984, "poi_names": "วิทยาลัยเชียงใหม่", "categories": "amenity=university", "poi_count": 1 }, "geometry": { "type": "Point", "coordinates": [ 98.955482408739044, 18.803844251603401 ] } },
{ "type": "Feature", "properties": { "source": "sv", "poi_id": "54456_left", "poi_name": "แฮปปี้หมูสด", "category_raw": "shop=yes", "category_std": "retail_commerce", "category_std_th": "การค้าปลีกและร้านค้า", "category_sub": "shop=yes", "category_sub_th": "ร้านค้าไม่ระบุประเภทย่อย", "lat": 18.835966146393591, "lon": 98.981149612878923, "point_id": 54456, "side": "left", "pano_id": "qdJR35xr2DX1YplZBcQtxw", "heading": 350.667, "poi_names": "แฮปปี้หมูสด", "categories": "shop=yes", "poi_count": 1 }, "geometry": { "type": "Point", "coordinates": [ 98.981149612878923, 18.835966146393591 ] } },
{ "type": "Feature", "properties": { "source": "sv", "poi_id": "54508_left", "poi_name": "iostel", "category_raw": "tourism=hostel", "category_std": "tourism_culture", "category_std_th": "ที่พัก การท่องเที่ยว และวัฒนธรรม", "category_sub": "tourism=hostel", "category_sub_th": "โฮสเทล", "lat": 18.793423661785752, "lon": 98.982010515783401, "point_id": 54508, "side": "left", "pano_id": "Qiku-J_VFKyaE-LMYMgWxQ", "heading": 85.135, "poi_names": "iostel", "categories": "tourism=hostel", "poi_count": 1 }, "geometry": { "type": "Point", "coordinates": [ 98.982010515783401, 18.793423661785752 ] } },
{ "type": "Feature", "properties": { "source": "sv", "poi_id": "54530_left", "poi_name": "ภัสโต", "category_raw": "amenity=restaurant", "category_std": "food_beverage", "category_std_th": "อาหารและเครื่องดื่ม", "category_sub": "amenity=restaurant", "category_sub_th": "ร้านอาหาร", "lat": 18.79492722960704, "lon": 98.9818666325815, "point_id": 54530, "side": "left", "pano_id": "U1L9-PT40K9cJSJY442r6w", "heading": 86.046, "poi_names": "ภัสโต", "categories": "amenity=restaurant", "poi_count": 1 }, "geometry": { "type": "Point", "coordinates": [ 98.9818666325815, 18.79492722960704 ] } },
{ "type": "Feature", "properties": { "source": "sv", "poi_id": "54532_left", "poi_name": "คลินิกกันตกรรมเปรนเลีเดนท์", "category_raw": "amenity=dentist", "category_std": "health", "category_std_th": "สุขภาพและการแพทย์", "category_sub": "amenity=dentist", "category_sub_th": "คลินิกทันตกรรม", "lat": 18.79497852014514, "lon": 98.986975126643358, "point_id": 54532, "side": "left", "pano_id": "Hm8wa5VxoyQX4e00Kh5y9Q", "heading": 61.202, "poi_names": "คลินิกกันตกรรมเปรนเลีเดนท์", "categories": "amenity=dentist", "poi_count": 1 }, "geometry": { "type": "Point", "coordinates": [ 98.986975126643358, 18.79497852014514 ] } },
{ "type": "Feature", "properties": { "source": "sv", "poi_id": "54533_right", "poi_name": "โรงพิมพ์แสงศิลป์", "category_raw": "office=company", "category_std": "office_professional", "category_std_th": "สำนักงานและบริการวิชาชีพ", "category_sub": "office=company", "category_sub_th": "บริษัท", "lat": 18.794796485344381, "lon": 98.986863870256045, "point_id": 54533, "side": "right", "pano_id": "PtN3p9Kqpp5iky2jG6XCeA", "heading": 241.206, "poi_names": "โรงพิมพ์แสงศิลป์", "categories": "office=company", "poi_count": 1 }, "geometry": { "type": "Point", "coordinates": [ 98.986863870256045, 18.794796485344381 ] } },
{ "type": "Feature", "properties": { "source": "sv", "poi_id": "54850_right", "poi_name": "พนาวา", "category_raw": "shop=yes", "category_std": "retail_commerce", "category_std_th": "การค้าปลีกและร้านค้า", "category_sub": "shop=yes", "category_sub_th": "ร้านค้าไม่ระบุประเภทย่อย", "lat": 18.802139234588232, "lon": 98.979642466986036, "point_id": 54850, "side": "right", "pano_id": "HXbIJSPbxu8bmx978Ua6jA", "heading": 201.998, "poi_names": "พนาวา", "categories": "shop=yes", "poi_count": 1 }, "geometry": { "type": "Point", "coordinates": [ 98.979642466986036, 18.802139234588232 ] } },
{ "type": "Feature", "properties": { "source": "sv", "poi_id": "54882_left", "poi_name": "Otrin Reankham", "category_raw": "shop=yes", "category_std": "retail_commerce", "category_std_th": "การค้าปลีกและร้านค้า", "category_sub": "shop=yes", "category_sub_th": "ร้านค้าไม่ระบุประเภทย่อย", "lat": 18.763876387558955, "lon": 99.019651021079895, "point_id": 54882, "side": "left", "pano_id": "CAoSFkNJSE0wb2dLRUlDQWdJQ3N5ZG1BQ1E.", "heading": 340.935, "poi_names": "Otrin Reankham", "categories": "shop=yes", "poi_count": 1 }, "geometry": { "type": "Point", "coordinates": [ 99.019651021079895, 18.763876387558955 ] } },
{ "type": "Feature", "properties": { "source": "sv", "poi_id": "55087_left", "poi_name": "ไทยเครดิต", "category_raw": "office=financial", "category_std": "finance_insurance", "category_std_th": "การเงินและประกันภัย", "category_sub": "office=financial", "category_sub_th": "บริการทางการเงิน", "lat": 18.785306620464102, "lon": 99.008563067098521, "point_id": 55087, "side": "left", "pano_id": "X6fij1X8gJVAkyc5cGZxNQ", "heading": 42.488, "poi_names": "ไทยเครดิต", "categories": "office=financial", "poi_count": 1 }, "geometry": { "type": "Point", "coordinates": [ 99.008563067098521, 18.785306620464102 ] } },
{ "type": "Feature", "properties": { "source": "sv", "poi_id": "55129_right", "poi_name": "ไท้เฮ่", "category_raw": "shop=yes", "category_std": "retail_commerce", "category_std_th": "การค้าปลีกและร้านค้า", "category_sub": "shop=yes", "category_sub_th": "ร้านค้าไม่ระบุประเภทย่อย", "lat": 18.796185229288358, "lon": 99.020983445005996, "point_id": 55129, "side": "right", "pano_id": "Bx-t7VT8PDTaJaqGlub3jA", "heading": 241.743, "poi_names": "ไท้เฮ่", "categories": "shop=yes", "poi_count": 1 }, "geometry": { "type": "Point", "coordinates": [ 99.020983445005996, 18.796185229288358 ] } },
{ "type": "Feature", "properties": { "source": "sv", "poi_id": "55189_right", "poi_name": "บริการน้ำดื่ม", "category_raw": "shop=yes", "category_std": "retail_commerce", "category_std_th": "การค้าปลีกและร้านค้า", "category_sub": "shop=yes", "category_sub_th": "ร้านค้าไม่ระบุประเภทย่อย", "lat": 18.776538718543275, "lon": 98.982473735333116, "point_id": 55189, "side": "right", "pano_id": "6l_IAdZKlro4pGqVsB-wdQ", "heading": 313.091, "poi_names": "บริการน้ำดื่ม", "categories": "shop=yes", "poi_count": 1 }, "geometry": { "type": "Point", "coordinates": [ 98.982473735333116, 18.776538718543275 ] } },
{ "type": "Feature", "properties": { "source": "sv", "poi_id": "55193_left", "poi_name": "ล้างสี ดูดฝุ่น car wash | รถเช่า", "category_raw": "shop=yes, office=company", "category_std": "retail_commerce; office_professional", "category_std_th": "การค้าปลีกและร้านค้า; สำนักงานและบริการวิชาชีพ", "category_sub": "shop=yes, office=company", "category_sub_th": "ร้านค้าไม่ระบุประเภทย่อย; บริษัท", "lat": 18.776096861397779, "lon": 98.982293839110497, "point_id": 55193, "side": "left", "pano_id": "PFP3WIH9IXSUA0Bi92_V3w", "heading": 134.337, "poi_names": "ล้างสี ดูดฝุ่น car wash | รถเช่า", "categories": "shop=yes, office=company", "poi_count": 2 }, "geometry": { "type": "Point", "coordinates": [ 98.982293839110497, 18.776096861397779 ] } },
{ "type": "Feature", "properties": { "source": "sv", "poi_id": "55194_left", "poi_name": "House of Dentist", "category_raw": "amenity=dentist", "category_std": "health", "category_std_th": "สุขภาพและการแพทย์", "category_sub": "amenity=dentist", "category_sub_th": "คลินิกทันตกรรม", "lat": 18.775967861396904, "lon": 98.982160839058878, "point_id": 55194, "side": "left", "pano_id": "kt5vnknI3V0PZijub4vLgw", "heading": 134.337, "poi_names": "House of Dentist", "categories": "amenity=dentist", "poi_count": 1 }, "geometry": { "type": "Point", "coordinates": [ 98.982160839058878, 18.775967861396904 ] } },
{ "type": "Feature", "properties": { "source": "sv", "poi_id": "55209_left", "poi_name": "ออกแบบ ผลิต", "category_raw": "shop=yes", "category_std": "retail_commerce", "category_std_th": "การค้าปลีกและร้านค้า", "category_sub": "shop=yes", "category_sub_th": "ร้านค้าไม่ระบุประเภทย่อย", "lat": 18.781107688664783, "lon": 98.98444749558638, "point_id": 55209, "side": "left", "pano_id": "4NgUianSSKNtGktYCAdN_Q", "heading": 181.513, "poi_names": "ออกแบบ ผลิต", "categories": "shop=yes", "poi_count": 1 }, "geometry": { "type": "Point", "coordinates": [ 98.98444749558638, 18.781107688664783 ] } },
{ "type": "Feature", "properties": { "source": "sv", "poi_id": "55228_left", "poi_name": "Akha Ama Coffee", "category_raw": "amenity=cafe", "category_std": "food_beverage", "category_std_th": "อาหารและเครื่องดื่ม", "category_sub": "amenity=cafe", "category_sub_th": "ร้านกาแฟ", "lat": 18.788691301719272, "lon": 98.993684726523639, "point_id": 55228, "side": "left", "pano_id": "Nk6UPWhCD8ydT25FxmEJcQ", "heading": 92.981, "poi_names": "Akha Ama Coffee", "categories": "amenity=cafe", "poi_count": 1 }, "geometry": { "type": "Point", "coordinates": [ 98.993684726523639, 18.788691301719272 ] } },
{ "type": "Feature", "properties": { "source": "sv", "poi_id": "55245_left", "poi_name": "Warorot Market | Tha Phae Gate | Nimman", "category_raw": "shop=supermarket, tourism=attraction, shop=yes", "category_std": "retail_commerce; tourism_culture", "category_std_th": "การค้าปลีกและร้านค้า; ที่พัก การท่องเที่ยว และวัฒนธรรม", "category_sub": "shop=supermarket, tourism=attraction, shop=yes", "category_sub_th": "ซูเปอร์มาร์เก็ต; แหล่งท่องเที่ยว; ร้านค้าไม่ระบุประเภทย่อย", "lat": 18.79878682827518, "lon": 98.966837459054602, "point_id": 55245, "side": "left", "pano_id": "isi44EOWvWK2X3kLv6dq2A", "heading": 289.279, "poi_names": "Warorot Market | Tha Phae Gate | Nimman", "categories": "shop=supermarket, tourism=attraction, shop=yes", "poi_count": 3 }, "geometry": { "type": "Point", "coordinates": [ 98.966837459054602, 18.79878682827518 ] } },
{ "type": "Feature", "properties": { "source": "sv", "poi_id": "55245_right", "poi_name": "Xavier Chiang Mai Nimman 5", "category_raw": "tourism=hotel", "category_std": "tourism_culture", "category_std_th": "ที่พัก การท่องเที่ยว และวัฒนธรรม", "category_sub": "tourism=hotel", "category_sub_th": "โรงแรม", "lat": 18.798727171681779, "lon": 98.96701654091386, "point_id": 55245, "side": "right", "pano_id": "isi44EOWvWK2X3kLv6dq2A", "heading": 109.279, "poi_names": "Xavier Chiang Mai Nimman 5", "categories": "tourism=hotel", "poi_count": 1 }, "geometry": { "type": "Point", "coordinates": [ 98.96701654091386, 18.798727171681779 ] } },
{ "type": "Feature", "properties": { "source": "sv", "poi_id": "55256_left", "poi_name": "Inai Massage | Pro Language School", "category_raw": "shop=massage, amenity=school", "category_std": "personal_service_repair; education_religion", "category_std_th": "บริการส่วนบุคคลและงานซ่อม; การศึกษาและศาสนา", "category_sub": "shop=massage, amenity=school", "category_sub_th": "ร้านนวด; โรงเรียน", "lat": 18.80028643502957, "lon": 98.967387314899341, "point_id": 55256, "side": "left", "pano_id": "_AJUdaceyrQ1XBFGDJNWCQ", "heading": 289.015, "poi_names": "Inai Massage | Pro Language School", "categories": "shop=massage, amenity=school", "poi_count": 2 }, "geometry": { "type": "Point", "coordinates": [ 98.967387314899341, 18.80028643502957 ] } },
{ "type": "Feature", "properties": { "source": "sv", "poi_id": "55340_left", "poi_name": "ก๋วยเตี๋ยว", "category_raw": "amenity=restaurant", "category_std": "food_beverage", "category_std_th": "อาหารและเครื่องดื่ม", "category_sub": "amenity=restaurant", "category_sub_th": "ร้านอาหาร", "lat": 18.840436771370054, "lon": 98.9874354211276, "point_id": 55340, "side": "left", "pano_id": "rqReocJcMonAmMn7DTS7rw", "heading": 68.731, "poi_names": "ก๋วยเตี๋ยว", "categories": "amenity=restaurant", "poi_count": 1 }, "geometry": { "type": "Point", "coordinates": [ 98.9874354211276, 18.840436771370054 ] } },
{ "type": "Feature", "properties": { "source": "sv", "poi_id": "55395_right", "poi_name": "Temnaud Tao", "category_raw": "amenity=restaurant", "category_std": "food_beverage", "category_std_th": "อาหารและเครื่องดื่ม", "category_sub": "amenity=restaurant", "category_sub_th": "ร้านอาหาร", "lat": 18.788242856859814, "lon": 98.996977364917399, "point_id": 55395, "side": "right", "pano_id": "rT59DlF6aFFKgbFj1JTZwQ", "heading": 266.101, "poi_names": "Temnaud Tao", "categories": "amenity=restaurant", "poi_count": 1 }, "geometry": { "type": "Point", "coordinates": [ 98.996977364917399, 18.788242856859814 ] } },
{ "type": "Feature", "properties": { "source": "sv", "poi_id": "55425_left", "poi_name": "ธานินทรวิทยุ", "category_raw": "shop=electronics", "category_std": "retail_commerce", "category_std_th": "การค้าปลีกและร้านค้า", "category_sub": "shop=electronics", "category_sub_th": "ร้านเครื่องใช้ไฟฟ้าและอิเล็กทรอนิกส์", "lat": 18.792309593002528, "lon": 98.997662221077434, "point_id": 55425, "side": "left", "pano_id": "2W36BKklISfqz_DbbUik8g", "heading": 330.452, "poi_names": "ธานินทรวิทยุ", "categories": "shop=electronics", "poi_count": 1 }, "geometry": { "type": "Point", "coordinates": [ 98.997662221077434, 18.792309593002528 ] } },
{ "type": "Feature", "properties": { "source": "sv", "poi_id": "55638_right", "poi_name": "Top Charoen", "category_raw": "shop=yes", "category_std": "retail_commerce", "category_std_th": "การค้าปลีกและร้านค้า", "category_sub": "shop=yes", "category_sub_th": "ร้านค้าไม่ระบุประเภทย่อย", "lat": 18.796907279463522, "lon": 98.966519886635524, "point_id": 55638, "side": "right", "pano_id": "VJ2ZEPeW1R_c9zmx1SjwEQ", "heading": 186.728, "poi_names": "Top Charoen", "categories": "shop=yes", "poi_count": 1 }, "geometry": { "type": "Point", "coordinates": [ 98.966519886635524, 18.796907279463522 ] } },
{ "type": "Feature", "properties": { "source": "sv", "poi_id": "55643_left", "poi_name": "ซ่อมมือถือ", "category_raw": "shop=mobile_phone", "category_std": "retail_commerce", "category_std_th": "การค้าปลีกและร้านค้า", "category_sub": "shop=mobile_phone", "category_sub_th": "ร้านโทรศัพท์มือถือ", "lat": 18.801918884905689, "lon": 98.97855796314424, "point_id": 55643, "side": "left", "pano_id": "TEqiaYbSqSwg5lteqHEaCQ", "heading": 284.019, "poi_names": "ซ่อมมือถือ", "categories": "shop=mobile_phone", "poi_count": 1 }, "geometry": { "type": "Point", "coordinates": [ 98.97855796314424, 18.801918884905689 ] } },
{ "type": "Feature", "properties": { "source": "sv", "poi_id": "55669_left", "poi_name": "ธนาคารไทยพาณิชย์", "category_raw": "amenity=bank", "category_std": "finance_insurance", "category_std_th": "การเงินและประกันภัย", "category_sub": "amenity=bank", "category_sub_th": "ธนาคาร", "lat": 18.803878730963973, "lon": 98.954020931991181, "point_id": 55669, "side": "left", "pano_id": "Fy1g9nwrODrRCzbcDEC4Jw", "heading": 115.062, "poi_names": "ธนาคารไทยพาณิชย์", "categories": "amenity=bank", "poi_count": 1 }, "geometry": { "type": "Point", "coordinates": [ 98.954020931991181, 18.803878730963973 ] } },
{ "type": "Feature", "properties": { "source": "sv", "poi_id": "55834_left", "poi_name": "สุสานบ้านเด่น", "category_raw": "amenity=place_of_worship", "category_std": "education_religion", "category_std_th": "การศึกษาและศาสนา", "category_sub": "amenity=place_of_worship", "category_sub_th": "ศาสนสถาน", "lat": 18.7693849466344, "lon": 99.006180232792914, "point_id": 55834, "side": "left", "pano_id": "XauWB5XewucIkq-nQX9I9Q", "heading": 103.476, "poi_names": "สุสานบ้านเด่น", "categories": "amenity=place_of_worship", "poi_count": 1 }, "geometry": { "type": "Point", "coordinates": [ 99.006180232792914, 18.7693849466344 ] } },
{ "type": "Feature", "properties": { "source": "sv", "poi_id": "55834_right", "poi_name": "ร้านนัย", "category_raw": "shop=yes", "category_std": "retail_commerce", "category_std_th": "การค้าปลีกและร้านค้า", "category_sub": "shop=yes", "category_sub_th": "ร้านค้าไม่ระบุประเภทย่อย", "lat": 18.769427053320051, "lon": 99.005995767184203, "point_id": 55834, "side": "right", "pano_id": "XauWB5XewucIkq-nQX9I9Q", "heading": 283.476, "poi_names": "ร้านนัย", "categories": "shop=yes", "poi_count": 1 }, "geometry": { "type": "Point", "coordinates": [ 99.005995767184203, 18.769427053320051 ] } }
]
}
